sample_id,token_index,token,start_sec,end_sec,window_index,time_source
'-3g5yACwYnA_13,0,They've,0.0,0.33958333333333335,1,inferred_uniform_text_timing
'-3g5yACwYnA_13,1,been,0.33958333333333335,0.6791666666666667,4,inferred_uniform_text_timing
'-3g5yACwYnA_13,2,able,0.6791666666666667,1.01875,7,inferred_uniform_text_timing
'-3g5yACwYnA_13,3,to,1.01875,1.3583333333333334,10,inferred_uniform_text_timing
'-3g5yACwYnA_13,4,find,1.3583333333333334,1.6979166666666667,14,inferred_uniform_text_timing
'-3g5yACwYnA_13,5,solutions,1.6979166666666667,2.0375,17,inferred_uniform_text_timing
'-3g5yACwYnA_13,6,or,2.0375,2.377083333333333,20,inferred_uniform_text_timing
'-3g5yACwYnA_13,7,at,2.377083333333333,2.716666666666667,23,inferred_uniform_text_timing
'-3g5yACwYnA_13,8,least,2.716666666666667,3.0562500000000004,26,inferred_uniform_text_timing
'-3g5yACwYnA_13,9,bring,3.0562500000000004,3.3958333333333335,29,inferred_uniform_text_timing
'-3g5yACwYnA_13,10,some,3.3958333333333335,3.7354166666666666,32,inferred_uniform_text_timing
'-3g5yACwYnA_13,11,answers,3.7354166666666666,4.075,35,inferred_uniform_text_timing
'-3g5yACwYnA_13,12,to,4.075,4.414583333333334,39,inferred_uniform_text_timing
'-3g5yACwYnA_13,13,the,4.414583333333334,4.754166666666666,42,inferred_uniform_text_timing
'-3g5yACwYnA_13,14,table,4.754166666666666,5.09375,45,inferred_uniform_text_timing
'-3g5yACwYnA_13,15,.,5.09375,5.433333333333334,48,inferred_uniform_text_timing
'-3g5yACwYnA_3,0,We're,0.0,0.44895833333333335,0,inferred_uniform_text_timing
'-3g5yACwYnA_3,1,a,0.44895833333333335,0.8979166666666667,2,inferred_uniform_text_timing
'-3g5yACwYnA_3,2,huge,0.8979166666666667,1.346875,3,inferred_uniform_text_timing
'-3g5yACwYnA_3,3,user,1.346875,1.7958333333333334,5,inferred_uniform_text_timing
'-3g5yACwYnA_3,4,of,1.7958333333333334,2.244791666666667,7,inferred_uniform_text_timing
'-3g5yACwYnA_3,5,adhesives,2.244791666666667,2.69375,8,inferred_uniform_text_timing
'-3g5yACwYnA_3,6,for,2.69375,3.142708333333333,10,inferred_uniform_text_timing
'-3g5yACwYnA_3,7,our,3.142708333333333,3.591666666666667,11,inferred_uniform_text_timing
'-3g5yACwYnA_3,8,operation,3.591666666666667,4.040625,13,inferred_uniform_text_timing
'-3g5yACwYnA_3,9,",",4.040625,4.489583333333334,14,inferred_uniform_text_timing
'-3g5yACwYnA_3,10,called,4.489583333333334,4.938541666666667,16,inferred_uniform_text_timing
'-3g5yACwYnA_3,11,flocking,4.938541666666667,5.3875,17,inferred_uniform_text_timing
'-3g5yACwYnA_3,12,",",5.3875,5.836458333333334,19,inferred_uniform_text_timing
'-3g5yACwYnA_3,13,and,5.836458333333334,6.285416666666666,21,inferred_uniform_text_timing
'-3g5yACwYnA_3,14,we,6.285416666666666,6.734375,22,inferred_uniform_text_timing
'-3g5yACwYnA_3,15,don't,6.734375,7.183333333333334,24,inferred_uniform_text_timing
'-3g5yACwYnA_3,16,have,7.183333333333334,7.632291666666667,25,inferred_uniform_text_timing
'-3g5yACwYnA_3,17,the,7.632291666666667,8.08125,27,inferred_uniform_text_timing
'-3g5yACwYnA_3,18,technical,8.08125,8.530208333333334,28,inferred_uniform_text_timing
'-3g5yACwYnA_3,19,inside,8.530208333333334,8.979166666666668,30,inferred_uniform_text_timing
'-3g5yACwYnA_3,20,compounding,8.979166666666668,9.428125,32,inferred_uniform_text_timing
'-3g5yACwYnA_3,21,or,9.428125,9.877083333333333,33,inferred_uniform_text_timing
'-3g5yACwYnA_3,22,the,9.877083333333333,10.326041666666667,35,inferred_uniform_text_timing
'-3g5yACwYnA_3,23,technical,10.326041666666667,10.775,36,inferred_uniform_text_timing
'-3g5yACwYnA_3,24,expertise,10.775,11.223958333333334,38,inferred_uniform_text_timing
'-3g5yACwYnA_3,25,to,11.223958333333334,11.672916666666667,39,inferred_uniform_text_timing
'-3g5yACwYnA_3,26,do,11.672916666666667,12.121875000000001,41,inferred_uniform_text_timing
'-3g5yACwYnA_3,27,these,12.121875000000001,12.570833333333333,42,inferred_uniform_text_timing
'-3g5yACwYnA_3,28,types,12.570833333333333,13.019791666666666,44,inferred_uniform_text_timing
'-3g5yACwYnA_3,29,of,13.019791666666666,13.46875,46,inferred_uniform_text_timing
'-3g5yACwYnA_3,30,things,13.46875,13.917708333333334,47,inferred_uniform_text_timing
'-3g5yACwYnA_3,31,.,13.917708333333334,14.366666666666667,49,inferred_uniform_text_timing
'-3g5yACwYnA_2,0,Key,0.0,0.6177777777777779,1,inferred_uniform_text_timing
'-3g5yACwYnA_2,1,Polymer,0.6177777777777779,1.2355555555555557,5,inferred_uniform_text_timing
'-3g5yACwYnA_2,2,brings,1.2355555555555557,1.8533333333333337,8,inferred_uniform_text_timing
'-3g5yACwYnA_2,3,a,1.8533333333333337,2.4711111111111115,11,inferred_uniform_text_timing
'-3g5yACwYnA_2,4,technical,2.4711111111111115,3.088888888888889,15,inferred_uniform_text_timing
'-3g5yACwYnA_2,5,aspect,3.088888888888889,3.7066666666666674,18,inferred_uniform_text_timing
'-3g5yACwYnA_2,6,to,3.7066666666666674,4.3244444444444445,21,inferred_uniform_text_timing
'-3g5yACwYnA_2,7,our,4.3244444444444445,4.942222222222223,25,inferred_uniform_text_timing
'-3g5yACwYnA_2,8,operation,4.942222222222223,5.5600000000000005,28,inferred_uniform_text_timing
'-3g5yACwYnA_2,9,that,5.5600000000000005,6.177777777777778,31,inferred_uniform_text_timing
'-3g5yACwYnA_2,10,we,6.177777777777778,6.795555555555556,35,inferred_uniform_text_timing
'-3g5yACwYnA_2,11,don't,6.795555555555556,7.413333333333335,38,inferred_uniform_text_timing
'-3g5yACwYnA_2,12,have,7.413333333333335,8.031111111111112,41,inferred_uniform_text_timing
'-3g5yACwYnA_2,13,internally,8.031111111111112,8.648888888888889,44,inferred_uniform_text_timing
'-3g5yACwYnA_2,14,.,8.648888888888889,9.266666666666667,48,inferred_uniform_text_timing
'-3g5yACwYnA_9,0,We,0.0,0.31309523809523815,0,inferred_uniform_text_timing
'-3g5yACwYnA_9,1,have,0.31309523809523815,0.6261904761904763,2,inferred_uniform_text_timing
'-3g5yACwYnA_9,2,many,0.6261904761904763,0.9392857142857144,4,inferred_uniform_text_timing
'-3g5yACwYnA_9,3,new,0.9392857142857144,1.2523809523809526,6,inferred_uniform_text_timing
'-3g5yACwYnA_9,4,opportunities,1.2523809523809526,1.5654761904761905,8,inferred_uniform_text_timing
'-3g5yACwYnA_9,5,through,1.5654761904761905,1.8785714285714288,9,inferred_uniform_text_timing
'-3g5yACwYnA_9,6,the,1.8785714285714288,2.191666666666667,11,inferred_uniform_text_timing
'-3g5yACwYnA_9,7,way,2.191666666666667,2.504761904761905,13,inferred_uniform_text_timing
'-3g5yACwYnA_9,8,things,2.504761904761905,2.817857142857143,15,inferred_uniform_text_timing
'-3g5yACwYnA_9,9,have,2.817857142857143,3.130952380952381,16,inferred_uniform_text_timing
'-3g5yACwYnA_9,10,changed,3.130952380952381,3.4440476190476192,18,inferred_uniform_text_timing
'-3g5yACwYnA_9,11,through,3.4440476190476192,3.7571428571428576,20,inferred_uniform_text_timing
'-3g5yACwYnA_9,12,the,3.7571428571428576,4.070238095238095,22,inferred_uniform_text_timing
'-3g5yACwYnA_9,13,years,4.070238095238095,4.383333333333334,24,inferred_uniform_text_timing
'-3g5yACwYnA_9,14,",",4.383333333333334,4.696428571428571,25,inferred_uniform_text_timing
'-3g5yACwYnA_9,15,looking,4.696428571428571,5.00952380952381,27,inferred_uniform_text_timing
'-3g5yACwYnA_9,16,for,5.00952380952381,5.322619047619049,29,inferred_uniform_text_timing
'-3g5yACwYnA_9,17,new,5.322619047619049,5.635714285714286,31,inferred_uniform_text_timing
'-3g5yACwYnA_9,18,niche,5.635714285714286,5.948809523809524,33,inferred_uniform_text_timing
'-3g5yACwYnA_9,19,high,5.948809523809524,6.261904761904762,34,inferred_uniform_text_timing
'-3g5yACwYnA_9,20,'-,6.261904761904762,6.575000000000001,36,inferred_uniform_text_timing
'-3g5yACwYnA_9,21,end,6.575000000000001,6.8880952380952385,38,inferred_uniform_text_timing
'-3g5yACwYnA_9,22,",",6.8880952380952385,7.201190476190477,40,inferred_uniform_text_timing
'-3g5yACwYnA_9,23,value,7.201190476190477,7.514285714285715,41,inferred_uniform_text_timing
'-3g5yACwYnA_9,24,'-,7.514285714285715,7.827380952380953,43,inferred_uniform_text_timing
'-3g5yACwYnA_9,25,added,7.827380952380953,8.14047619047619,45,inferred_uniform_text_timing
'-3g5yACwYnA_9,26,products,8.14047619047619,8.45357142857143,47,inferred_uniform_text_timing
'-3g5yACwYnA_9,27,.,8.45357142857143,8.766666666666667,49,inferred_uniform_text_timing
'-3nNcZdcdvU_5,0,Noncompliance,0.0,0.4140350877192982,1,inferred_uniform_text_timing
'-3nNcZdcdvU_5,1,can,0.4140350877192982,0.8280701754385964,3,inferred_uniform_text_timing
'-3nNcZdcdvU_5,2,result,0.8280701754385964,1.2421052631578946,6,inferred_uniform_text_timing
'-3nNcZdcdvU_5,3,in,1.2421052631578946,1.6561403508771928,9,inferred_uniform_text_timing
'-3nNcZdcdvU_5,4,legal,1.6561403508771928,2.070175438596491,11,inferred_uniform_text_timing
'-3nNcZdcdvU_5,5,liability,2.070175438596491,2.484210526315789,14,inferred_uniform_text_timing
'-3nNcZdcdvU_5,6,to,2.484210526315789,2.8982456140350874,17,inferred_uniform_text_timing
'-3nNcZdcdvU_5,7,you,2.8982456140350874,3.3122807017543856,19,inferred_uniform_text_timing
'-3nNcZdcdvU_5,8,and,3.3122807017543856,3.7263157894736842,22,inferred_uniform_text_timing
'-3nNcZdcdvU_5,9,to,3.7263157894736842,4.140350877192982,25,inferred_uniform_text_timing
'-3nNcZdcdvU_5,10,the,4.140350877192982,4.554385964912281,27,inferred_uniform_text_timing
'-3nNcZdcdvU_5,11,school,4.554385964912281,4.968421052631578,30,inferred_uniform_text_timing
'-3nNcZdcdvU_5,12,district,4.968421052631578,5.382456140350877,32,inferred_uniform_text_timing
'-3nNcZdcdvU_5,13,in,5.382456140350877,5.796491228070175,35,inferred_uniform_text_timing
'-3nNcZdcdvU_5,14,which,5.796491228070175,6.2105263157894735,38,inferred_uniform_text_timing
'-3nNcZdcdvU_5,15,you,6.2105263157894735,6.624561403508771,40,inferred_uniform_text_timing
'-3nNcZdcdvU_5,16,are,6.624561403508771,7.03859649122807,43,inferred_uniform_text_timing
'-3nNcZdcdvU_5,17,employed,7.03859649122807,7.4526315789473685,46,inferred_uniform_text_timing
'-3nNcZdcdvU_5,18,.,7.4526315789473685,7.866666666666667,48,inferred_uniform_text_timing
'-HwX2H8Z4hY_2,0,”,0.0,0.33055555555555555,2,inferred_uniform_text_timing
'-HwX2H8Z4hY_2,1,[,0.33055555555555555,0.6611111111111111,6,inferred_uniform_text_timing
'-HwX2H8Z4hY_2,2,President,0.6611111111111111,0.9916666666666667,10,inferred_uniform_text_timing
'-HwX2H8Z4hY_2,3,Ronald,0.9916666666666667,1.3222222222222222,14,inferred_uniform_text_timing
'-HwX2H8Z4hY_2,4,Reagan,1.3222222222222222,1.652777777777778,18,inferred_uniform_text_timing
'-HwX2H8Z4hY_2,5,:,1.652777777777778,1.9833333333333334,22,inferred_uniform_text_timing
'-HwX2H8Z4hY_2,6,],1.9833333333333334,2.3138888888888887,27,inferred_uniform_text_timing
'-HwX2H8Z4hY_2,7,"""",2.3138888888888887,2.6444444444444444,31,inferred_uniform_text_timing
'-HwX2H8Z4hY_2,8,Look,2.6444444444444444,2.975,35,inferred_uniform_text_timing
'-HwX2H8Z4hY_2,9,at,2.975,3.305555555555556,39,inferred_uniform_text_timing
'-HwX2H8Z4hY_2,10,the,3.305555555555556,3.636111111111111,43,inferred_uniform_text_timing
'-HwX2H8Z4hY_2,11,record,3.636111111111111,3.966666666666667,47,inferred_uniform_text_timing
'-HwX2H8Z4hY_5,0,"""",0.0,0.5599999999999999,2,inferred_uniform_text_timing
'-HwX2H8Z4hY_5,1,President,0.5599999999999999,1.1199999999999999,7,inferred_uniform_text_timing
'-HwX2H8Z4hY_5,2,Ronald,1.1199999999999999,1.6799999999999997,12,inferred_uniform_text_timing
'-HwX2H8Z4hY_5,3,Reagan,1.6799999999999997,2.2399999999999998,17,inferred_uniform_text_timing
'-HwX2H8Z4hY_5,4,blamed,2.2399999999999998,2.8,22,inferred_uniform_text_timing
'-HwX2H8Z4hY_5,5,the,2.8,3.3599999999999994,27,inferred_uniform_text_timing
'-HwX2H8Z4hY_5,6,professional,3.3599999999999994,3.9199999999999995,32,inferred_uniform_text_timing
'-HwX2H8Z4hY_5,7,bureaucracy,3.9199999999999995,4.4799999999999995,37,inferred_uniform_text_timing
'-HwX2H8Z4hY_5,8,of,4.4799999999999995,5.04,42,inferred_uniform_text_timing
'-HwX2H8Z4hY_5,9,education,5.04,5.6,47,inferred_uniform_text_timing
'-HwX2H8Z4hY_6,0,And,0.0,0.4125,3,inferred_uniform_text_timing
'-HwX2H8Z4hY_6,1,in,0.4125,0.825,9,inferred_uniform_text_timing
'-HwX2H8Z4hY_6,2,part,0.825,1.2374999999999998,15,inferred_uniform_text_timing
'-HwX2H8Z4hY_6,3,",",1.2374999999999998,1.65,21,inferred_uniform_text_timing
'-HwX2H8Z4hY_6,4,Al,1.65,2.0625,28,inferred_uniform_text_timing
'-HwX2H8Z4hY_6,5,Shanker,2.0625,2.4749999999999996,34,inferred_uniform_text_timing
'-HwX2H8Z4hY_6,6,did,2.4749999999999996,2.8874999999999997,40,inferred_uniform_text_timing
'-HwX2H8Z4hY_6,7,too,2.8874999999999997,3.3,46,inferred_uniform_text_timing
'-HwX2H8Z4hY_9,0,It,0.0,0.3515151515151515,1,inferred_uniform_text_timing
'-HwX2H8Z4hY_9,1,is,0.3515151515151515,0.703030303030303,3,inferred_uniform_text_timing
'-HwX2H8Z4hY_9,2,a,0.703030303030303,1.0545454545454545,5,inferred_uniform_text_timing
'-HwX2H8Z4hY_9,3,word,1.0545454545454545,1.406060606060606,7,inferred_uniform_text_timing
'-HwX2H8Z4hY_9,4,which,1.406060606060606,1.7575757575757576,10,inferred_uniform_text_timing
'-HwX2H8Z4hY_9,5,the,1.7575757575757576,2.109090909090909,12,inferred_uniform_text_timing
'-HwX2H8Z4hY_9,6,administrator,2.109090909090909,2.4606060606060605,14,inferred_uniform_text_timing
'-HwX2H8Z4hY_9,7,uses,2.4606060606060605,2.812121212121212,17,inferred_uniform_text_timing
'-HwX2H8Z4hY_9,8,when,2.812121212121212,3.1636363636363636,19,inferred_uniform_text_timing
'-HwX2H8Z4hY_9,9,he,3.1636363636363636,3.515151515151515,21,inferred_uniform_text_timing
'-HwX2H8Z4hY_9,10,turns,3.515151515151515,3.8666666666666667,23,inferred_uniform_text_timing
'-HwX2H8Z4hY_9,11,around,3.8666666666666667,4.218181818181818,26,inferred_uniform_text_timing
'-HwX2H8Z4hY_9,12,anything,4.218181818181818,4.569696969696969,28,inferred_uniform_text_timing
'-HwX2H8Z4hY_9,13,which,4.569696969696969,4.921212121212121,30,inferred_uniform_text_timing
'-HwX2H8Z4hY_9,14,he,4.921212121212121,5.2727272727272725,32,inferred_uniform_text_timing
'-HwX2H8Z4hY_9,15,doesn't,5.2727272727272725,5.624242424242424,35,inferred_uniform_text_timing
'-HwX2H8Z4hY_9,16,like,5.624242424242424,5.975757575757576,37,inferred_uniform_text_timing
'-HwX2H8Z4hY_9,17,that,5.975757575757576,6.327272727272727,39,inferred_uniform_text_timing
'-HwX2H8Z4hY_9,18,the,6.327272727272727,6.678787878787879,42,inferred_uniform_text_timing
'-HwX2H8Z4hY_9,19,teacher,6.678787878787879,7.03030303030303,44,inferred_uniform_text_timing
'-HwX2H8Z4hY_9,20,is,7.03030303030303,7.381818181818182,46,inferred_uniform_text_timing
'-HwX2H8Z4hY_9,21,doing,7.381818181818182,7.733333333333333,48,inferred_uniform_text_timing
'-NFrJFQijFE_1,0,Structural,0.0,0.355,1,inferred_uniform_text_timing
'-NFrJFQijFE_1,1,mounts,0.355,0.71,4,inferred_uniform_text_timing
'-NFrJFQijFE_1,2,inside,0.71,1.065,7,inferred_uniform_text_timing
'-NFrJFQijFE_1,3,have,1.065,1.42,10,inferred_uniform_text_timing
'-NFrJFQijFE_1,4,to,1.42,1.775,14,inferred_uniform_text_timing
'-NFrJFQijFE_1,5,be,1.775,2.13,17,inferred_uniform_text_timing
'-NFrJFQijFE_1,6,properly,2.13,2.485,20,inferred_uniform_text_timing
'-NFrJFQijFE_1,7,stress,2.485,2.84,23,inferred_uniform_text_timing
'-NFrJFQijFE_1,8,analyzed,2.84,3.195,26,inferred_uniform_text_timing
'-NFrJFQijFE_1,9,so,3.195,3.55,29,inferred_uniform_text_timing
'-NFrJFQijFE_1,10,we,3.55,3.905,32,inferred_uniform_text_timing
'-NFrJFQijFE_1,11,make,3.905,4.26,35,inferred_uniform_text_timing
'-NFrJFQijFE_1,12,sure,4.26,4.615,39,inferred_uniform_text_timing
'-NFrJFQijFE_1,13,all,4.615,4.97,42,inferred_uniform_text_timing
'-NFrJFQijFE_1,14,that,4.97,5.324999999999999,45,inferred_uniform_text_timing
'-NFrJFQijFE_1,15,happens,5.324999999999999,5.68,48,inferred_uniform_text_timing
'-NFrJFQijFE_2,0,So,0.0,0.37555555555555553,1,inferred_uniform_text_timing
'-NFrJFQijFE_2,1,we,0.37555555555555553,0.7511111111111111,4,inferred_uniform_text_timing
'-NFrJFQijFE_2,2,coordinate,0.7511111111111111,1.1266666666666667,6,inferred_uniform_text_timing
'-NFrJFQijFE_2,3,with,1.1266666666666667,1.5022222222222221,9,inferred_uniform_text_timing
'-NFrJFQijFE_2,4,all,1.5022222222222221,1.8777777777777775,12,inferred_uniform_text_timing
'-NFrJFQijFE_2,5,the,1.8777777777777775,2.2533333333333334,15,inferred_uniform_text_timing
'-NFrJFQijFE_2,6,proper,2.2533333333333334,2.628888888888889,18,inferred_uniform_text_timing
'-NFrJFQijFE_2,7,technical,2.628888888888889,3.0044444444444443,20,inferred_uniform_text_timing
'-NFrJFQijFE_2,8,fields,3.0044444444444443,3.38,23,inferred_uniform_text_timing
'-NFrJFQijFE_2,9,to,3.38,3.755555555555555,26,inferred_uniform_text_timing
'-NFrJFQijFE_2,10,get,3.755555555555555,4.131111111111111,29,inferred_uniform_text_timing
'-NFrJFQijFE_2,11,ready,4.131111111111111,4.506666666666667,31,inferred_uniform_text_timing
'-NFrJFQijFE_2,12,for,4.506666666666667,4.882222222222222,34,inferred_uniform_text_timing
'-NFrJFQijFE_2,13,the,4.882222222222222,5.257777777777778,37,inferred_uniform_text_timing
'-NFrJFQijFE_2,14,instrument,5.257777777777778,5.633333333333333,40,inferred_uniform_text_timing
'-NFrJFQijFE_2,15,to,5.633333333333333,6.0088888888888885,43,inferred_uniform_text_timing
'-NFrJFQijFE_2,16,arrive,6.0088888888888885,6.384444444444444,45,inferred_uniform_text_timing
'-NFrJFQijFE_2,17,here,6.384444444444444,6.76,48,inferred_uniform_text_timing
'-THoVjtIkeU_12,0,What,0.0,0.3531746031746032,0,inferred_uniform_text_timing
'-THoVjtIkeU_12,1,ever,0.3531746031746032,0.7063492063492064,1,inferred_uniform_text_timing
'-THoVjtIkeU_12,2,we,0.7063492063492064,1.0595238095238095,2,inferred_uniform_text_timing
'-THoVjtIkeU_12,3,turn,1.0595238095238095,1.4126984126984128,4,inferred_uniform_text_timing
'-THoVjtIkeU_12,4,our,1.4126984126984128,1.765873015873016,5,inferred_uniform_text_timing
'-THoVjtIkeU_12,5,attention,1.765873015873016,2.119047619047619,6,inferred_uniform_text_timing
'-THoVjtIkeU_12,6,to,2.119047619047619,2.4722222222222223,7,inferred_uniform_text_timing
'-THoVjtIkeU_12,7,is,2.4722222222222223,2.8253968253968256,8,inferred_uniform_text_timing
'-THoVjtIkeU_12,8,what,2.8253968253968256,3.1785714285714284,10,inferred_uniform_text_timing
'-THoVjtIkeU_12,9,grows,3.1785714285714284,3.531746031746032,11,inferred_uniform_text_timing
'-THoVjtIkeU_12,10,and,3.531746031746032,3.8849206349206353,12,inferred_uniform_text_timing
'-THoVjtIkeU_12,11,so,3.8849206349206353,4.238095238095238,13,inferred_uniform_text_timing
'-THoVjtIkeU_12,12,if,4.238095238095238,4.591269841269842,14,inferred_uniform_text_timing
'-THoVjtIkeU_12,13,we,4.591269841269842,4.944444444444445,16,inferred_uniform_text_timing
'-THoVjtIkeU_12,14,believe,4.944444444444445,5.2976190476190474,17,inferred_uniform_text_timing
'-THoVjtIkeU_12,15,that,5.2976190476190474,5.650793650793651,18,inferred_uniform_text_timing
'-THoVjtIkeU_12,16,anything,5.650793650793651,6.003968253968255,19,inferred_uniform_text_timing
'-THoVjtIkeU_12,17,is,6.003968253968255,6.357142857142857,20,inferred_uniform_text_timing
'-THoVjtIkeU_12,18,possible,6.357142857142857,6.710317460317461,22,inferred_uniform_text_timing
'-THoVjtIkeU_12,19,",",6.710317460317461,7.063492063492064,23,inferred_uniform_text_timing
'-THoVjtIkeU_12,20,if,7.063492063492064,7.416666666666667,24,inferred_uniform_text_timing
'-THoVjtIkeU_12,21,we,7.416666666666667,7.769841269841271,25,inferred_uniform_text_timing
'-THoVjtIkeU_12,22,believe,7.769841269841271,8.123015873015873,26,inferred_uniform_text_timing
'-THoVjtIkeU_12,23,that,8.123015873015873,8.476190476190476,27,inferred_uniform_text_timing
'-THoVjtIkeU_12,24,social,8.476190476190476,8.82936507936508,29,inferred_uniform_text_timing
'-THoVjtIkeU_12,25,justice,8.82936507936508,9.182539682539684,30,inferred_uniform_text_timing
'-THoVjtIkeU_12,26,can,9.182539682539684,9.535714285714286,31,inferred_uniform_text_timing
'-THoVjtIkeU_12,27,be,9.535714285714286,9.88888888888889,32,inferred_uniform_text_timing
'-THoVjtIkeU_12,28,achieved,9.88888888888889,10.242063492063492,33,inferred_uniform_text_timing
'-THoVjtIkeU_12,29,and,10.242063492063492,10.595238095238095,35,inferred_uniform_text_timing
'-THoVjtIkeU_12,30,if,10.595238095238095,10.9484126984127,36,inferred_uniform_text_timing
'-THoVjtIkeU_12,31,we,10.9484126984127,11.301587301587302,37,inferred_uniform_text_timing
'-THoVjtIkeU_12,32,believe,11.301587301587302,11.654761904761905,38,inferred_uniform_text_timing
'-THoVjtIkeU_12,33,in,11.654761904761905,12.00793650793651,39,inferred_uniform_text_timing
'-THoVjtIkeU_12,34,youth,12.00793650793651,12.361111111111112,41,inferred_uniform_text_timing
'-THoVjtIkeU_12,35,",",12.361111111111112,12.714285714285714,42,inferred_uniform_text_timing
'-THoVjtIkeU_12,36,they,12.714285714285714,13.067460317460318,43,inferred_uniform_text_timing
'-THoVjtIkeU_12,37,will,13.067460317460318,13.420634920634923,44,inferred_uniform_text_timing
'-THoVjtIkeU_12,38,believe,13.420634920634923,13.773809523809524,45,inferred_uniform_text_timing
'-THoVjtIkeU_12,39,in,13.773809523809524,14.126984126984128,47,inferred_uniform_text_timing
'-THoVjtIkeU_12,40,themselves,14.126984126984128,14.480158730158731,48,inferred_uniform_text_timing
'-THoVjtIkeU_12,41,.,14.480158730158731,14.833333333333334,49,inferred_uniform_text_timing
'-THoVjtIkeU_2,0,I,0.0,0.3878787878787879,2,inferred_uniform_text_timing
'-THoVjtIkeU_2,1,think,0.3878787878787879,0.7757575757575758,6,inferred_uniform_text_timing
'-THoVjtIkeU_2,2,social,0.7757575757575758,1.1636363636363638,11,inferred_uniform_text_timing
'-THoVjtIkeU_2,3,justice,1.1636363636363638,1.5515151515151515,15,inferred_uniform_text_timing
'-THoVjtIkeU_2,4,is,1.5515151515151515,1.9393939393939392,20,inferred_uniform_text_timing
'-THoVjtIkeU_2,5,extremely,1.9393939393939392,2.3272727272727276,25,inferred_uniform_text_timing
'-THoVjtIkeU_2,6,important,2.3272727272727276,2.7151515151515153,29,inferred_uniform_text_timing
'-THoVjtIkeU_2,7,for,2.7151515151515153,3.103030303030303,34,inferred_uniform_text_timing
'-THoVjtIkeU_2,8,young,3.103030303030303,3.4909090909090907,38,inferred_uniform_text_timing
'-THoVjtIkeU_2,9,people,3.4909090909090907,3.8787878787878785,43,inferred_uniform_text_timing
'-THoVjtIkeU_2,10,.,3.8787878787878785,4.266666666666667,47,inferred_uniform_text_timing
'-THoVjtIkeU_6,0,You,0.0,0.25104166666666666,0,inferred_uniform_text_timing
'-THoVjtIkeU_6,1,know,0.25104166666666666,0.5020833333333333,2,inferred_uniform_text_timing
'-THoVjtIkeU_6,2,that,0.5020833333333333,0.753125,3,inferred_uniform_text_timing
'-THoVjtIkeU_6,3,I,0.753125,1.0041666666666667,5,inferred_uniform_text_timing
'-THoVjtIkeU_6,4,think,1.0041666666666667,1.2552083333333333,7,inferred_uniform_text_timing
'-THoVjtIkeU_6,5,listening,1.2552083333333333,1.50625,8,inferred_uniform_text_timing
'-THoVjtIkeU_6,6,to,1.50625,1.7572916666666667,10,inferred_uniform_text_timing
'-THoVjtIkeU_6,7,young,1.7572916666666667,2.0083333333333333,11,inferred_uniform_text_timing
'-THoVjtIkeU_6,8,people,2.0083333333333333,2.259375,13,inferred_uniform_text_timing
'-THoVjtIkeU_6,9,",",2.259375,2.5104166666666665,14,inferred_uniform_text_timing
'-THoVjtIkeU_6,10,taking,2.5104166666666665,2.761458333333333,16,inferred_uniform_text_timing
'-THoVjtIkeU_6,11,in,2.761458333333333,3.0125,17,inferred_uniform_text_timing
'-THoVjtIkeU_6,12,what,3.0125,3.263541666666667,19,inferred_uniform_text_timing
'-THoVjtIkeU_6,13,they,3.263541666666667,3.5145833333333334,21,inferred_uniform_text_timing
'-THoVjtIkeU_6,14,have,3.5145833333333334,3.765625,22,inferred_uniform_text_timing
'-THoVjtIkeU_6,15,to,3.765625,4.016666666666667,24,inferred_uniform_text_timing
'-THoVjtIkeU_6,16,say,4.016666666666667,4.267708333333333,25,inferred_uniform_text_timing
'-THoVjtIkeU_6,17,because,4.267708333333333,4.51875,27,inferred_uniform_text_timing
'-THoVjtIkeU_6,18,what,4.51875,4.769791666666666,28,inferred_uniform_text_timing
'-THoVjtIkeU_6,19,we,4.769791666666666,5.020833333333333,30,inferred_uniform_text_timing
'-THoVjtIkeU_6,20,have,5.020833333333333,5.271875,32,inferred_uniform_text_timing
'-THoVjtIkeU_6,21,seen,5.271875,5.522916666666666,33,inferred_uniform_text_timing
'-THoVjtIkeU_6,22,all,5.522916666666666,5.773958333333333,35,inferred_uniform_text_timing
'-THoVjtIkeU_6,23,around,5.773958333333333,6.025,36,inferred_uniform_text_timing
'-THoVjtIkeU_6,24,the,6.025,6.276041666666667,38,inferred_uniform_text_timing
'-THoVjtIkeU_6,25,world,6.276041666666667,6.527083333333334,39,inferred_uniform_text_timing
'-THoVjtIkeU_6,26,is,6.527083333333334,6.778125,41,inferred_uniform_text_timing
'-THoVjtIkeU_6,27,the,6.778125,7.029166666666667,42,inferred_uniform_text_timing
'-THoVjtIkeU_6,28,power,7.029166666666667,7.280208333333333,44,inferred_uniform_text_timing
'-THoVjtIkeU_6,29,of,7.280208333333333,7.53125,46,inferred_uniform_text_timing
'-THoVjtIkeU_6,30,youth,7.53125,7.782291666666667,47,inferred_uniform_text_timing
'-THoVjtIkeU_6,31,.,7.782291666666667,8.033333333333333,49,inferred_uniform_text_timing
'-UuX1xuaiiE_1,0,^,0.0,0.33225806451612905,0,inferred_uniform_text_timing
'-UuX1xuaiiE_1,1,And,0.33225806451612905,0.6645161290322581,2,inferred_uniform_text_timing
'-UuX1xuaiiE_1,2,all,0.6645161290322581,0.9967741935483871,4,inferred_uniform_text_timing
'-UuX1xuaiiE_1,3,of,0.9967741935483871,1.3290322580645162,5,inferred_uniform_text_timing
'-UuX1xuaiiE_1,4,them,1.3290322580645162,1.6612903225806452,7,inferred_uniform_text_timing
'-UuX1xuaiiE_1,5,are,1.6612903225806452,1.9935483870967743,8,inferred_uniform_text_timing
'-UuX1xuaiiE_1,6,really,1.9935483870967743,2.3258064516129036,10,inferred_uniform_text_timing
'-UuX1xuaiiE_1,7,being,2.3258064516129036,2.6580645161290324,12,inferred_uniform_text_timing
'-UuX1xuaiiE_1,8,able,2.6580645161290324,2.990322580645161,13,inferred_uniform_text_timing
'-UuX1xuaiiE_1,9,to,2.990322580645161,3.3225806451612905,15,inferred_uniform_text_timing
'-UuX1xuaiiE_1,10,explore,3.3225806451612905,3.6548387096774198,16,inferred_uniform_text_timing
'-UuX1xuaiiE_1,11,^,3.6548387096774198,3.9870967741935486,18,inferred_uniform_text_timing
'-UuX1xuaiiE_1,12,these,3.9870967741935486,4.319354838709677,20,inferred_uniform_text_timing
'-UuX1xuaiiE_1,13,different,4.319354838709677,4.651612903225807,21,inferred_uniform_text_timing
'-UuX1xuaiiE_1,14,areas,4.651612903225807,4.983870967741935,23,inferred_uniform_text_timing
'-UuX1xuaiiE_1,15,in,4.983870967741935,5.316129032258065,25,inferred_uniform_text_timing
'-UuX1xuaiiE_1,16,depth,5.316129032258065,5.6483870967741945,26,inferred_uniform_text_timing
'-UuX1xuaiiE_1,17,^,5.6483870967741945,5.980645161290322,28,inferred_uniform_text_timing
'-UuX1xuaiiE_1,18,in,5.980645161290322,6.312903225806452,29,inferred_uniform_text_timing
'-UuX1xuaiiE_1,19,a,6.312903225806452,6.645161290322581,31,inferred_uniform_text_timing
'-UuX1xuaiiE_1,20,way,6.645161290322581,6.97741935483871,33,inferred_uniform_text_timing
'-UuX1xuaiiE_1,21,that,6.97741935483871,7.3096774193548395,34,inferred_uniform_text_timing
'-UuX1xuaiiE_1,22,really,7.3096774193548395,7.641935483870968,36,inferred_uniform_text_timing
'-UuX1xuaiiE_1,23,wasn't,7.641935483870968,7.974193548387097,37,inferred_uniform_text_timing
'-UuX1xuaiiE_1,24,available,7.974193548387097,8.306451612903226,39,inferred_uniform_text_timing
'-UuX1xuaiiE_1,25,^,8.306451612903226,8.638709677419355,41,inferred_uniform_text_timing
'-UuX1xuaiiE_1,26,before,8.638709677419355,8.970967741935485,42,inferred_uniform_text_timing
'-UuX1xuaiiE_1,27,the,8.970967741935485,9.303225806451614,44,inferred_uniform_text_timing
'-UuX1xuaiiE_1,28,center,9.303225806451614,9.635483870967743,45,inferred_uniform_text_timing
'-UuX1xuaiiE_1,29,was,9.635483870967743,9.96774193548387,47,inferred_uniform_text_timing
'-UuX1xuaiiE_1,30,here,9.96774193548387,10.3,49,inferred_uniform_text_timing
'-UuX1xuaiiE_0,0,^,0.0,0.36333333333333334,2,inferred_uniform_text_timing
'-UuX1xuaiiE_0,1,it's,0.36333333333333334,0.7266666666666667,7,inferred_uniform_text_timing
'-UuX1xuaiiE_0,2,amazing,0.7266666666666667,1.09,12,inferred_uniform_text_timing
'-UuX1xuaiiE_0,3,to,1.09,1.4533333333333334,17,inferred_uniform_text_timing
'-UuX1xuaiiE_0,4,see,1.4533333333333334,1.8166666666666669,22,inferred_uniform_text_timing
'-UuX1xuaiiE_0,5,their,1.8166666666666669,2.18,27,inferred_uniform_text_timing
'-UuX1xuaiiE_0,6,enthusiasm,2.18,2.5433333333333334,32,inferred_uniform_text_timing
'-UuX1xuaiiE_0,7,and,2.5433333333333334,2.9066666666666667,37,inferred_uniform_text_timing
'-UuX1xuaiiE_0,8,their,2.9066666666666667,3.2700000000000005,42,inferred_uniform_text_timing
'-UuX1xuaiiE_0,9,passion,3.2700000000000005,3.6333333333333337,47,inferred_uniform_text_timing
'-UuX1xuaiiE_3,0,My,0.0,0.4555555555555555,2,inferred_uniform_text_timing
'-UuX1xuaiiE_3,1,goal,0.4555555555555555,0.911111111111111,8,inferred_uniform_text_timing
'-UuX1xuaiiE_3,2,is,0.911111111111111,1.3666666666666665,13,inferred_uniform_text_timing
'-UuX1xuaiiE_3,3,to,1.3666666666666665,1.822222222222222,19,inferred_uniform_text_timing
'-UuX1xuaiiE_3,4,become,1.822222222222222,2.2777777777777777,25,inferred_uniform_text_timing
'-UuX1xuaiiE_3,5,a,2.2777777777777777,2.733333333333333,30,inferred_uniform_text_timing
'-UuX1xuaiiE_3,6,human,2.733333333333333,3.188888888888888,36,inferred_uniform_text_timing
'-UuX1xuaiiE_3,7,rights,3.188888888888888,3.644444444444444,41,inferred_uniform_text_timing
'-UuX1xuaiiE_3,8,lawyer,3.644444444444444,4.1,47,inferred_uniform_text_timing
'-UuX1xuaiiE_6,0,I,0.0,0.34782608695652173,1,inferred_uniform_text_timing
'-UuX1xuaiiE_6,1,ended,0.34782608695652173,0.6956521739130435,3,inferred_uniform_text_timing
'-UuX1xuaiiE_6,2,up,0.6956521739130435,1.0434782608695652,5,inferred_uniform_text_timing
'-UuX1xuaiiE_6,3,going,1.0434782608695652,1.391304347826087,7,inferred_uniform_text_timing
'-UuX1xuaiiE_6,4,to,1.391304347826087,1.7391304347826086,9,inferred_uniform_text_timing
'-UuX1xuaiiE_6,5,work,1.7391304347826086,2.0869565217391304,11,inferred_uniform_text_timing
'-UuX1xuaiiE_6,6,for,2.0869565217391304,2.4347826086956523,14,inferred_uniform_text_timing
'-UuX1xuaiiE_6,7,the,2.4347826086956523,2.782608695652174,16,inferred_uniform_text_timing
'-UuX1xuaiiE_6,8,US,2.782608695652174,3.130434782608696,18,inferred_uniform_text_timing
'-UuX1xuaiiE_6,9,government,3.130434782608696,3.4782608695652173,20,inferred_uniform_text_timing
'-UuX1xuaiiE_6,10,as,3.4782608695652173,3.8260869565217392,22,inferred_uniform_text_timing
'-UuX1xuaiiE_6,11,an,3.8260869565217392,4.173913043478261,25,inferred_uniform_text_timing
'-UuX1xuaiiE_6,12,intelligence,4.173913043478261,4.521739130434782,27,inferred_uniform_text_timing
'-UuX1xuaiiE_6,13,analyst,4.521739130434782,4.869565217391305,29,inferred_uniform_text_timing
'-UuX1xuaiiE_6,14,",",4.869565217391305,5.217391304347826,31,inferred_uniform_text_timing
'-UuX1xuaiiE_6,15,specializing,5.217391304347826,5.565217391304348,33,inferred_uniform_text_timing
'-UuX1xuaiiE_6,16,in,5.565217391304348,5.913043478260869,35,inferred_uniform_text_timing
'-UuX1xuaiiE_6,17,war,5.913043478260869,6.260869565217392,38,inferred_uniform_text_timing
'-UuX1xuaiiE_6,18,crimes,6.260869565217392,6.608695652173913,40,inferred_uniform_text_timing
'-UuX1xuaiiE_6,19,and,6.608695652173913,6.956521739130435,42,inferred_uniform_text_timing
'-UuX1xuaiiE_6,20,human,6.956521739130435,7.304347826086956,44,inferred_uniform_text_timing
'-UuX1xuaiiE_6,21,rights,7.304347826086956,7.6521739130434785,46,inferred_uniform_text_timing
'-UuX1xuaiiE_6,22,issues,7.6521739130434785,8.0,48,inferred_uniform_text_timing
'-a55Q6RWvTA_3,0,And,0.0,0.28744588744588745,0,inferred_uniform_text_timing
'-a55Q6RWvTA_3,1,if,0.28744588744588745,0.5748917748917749,0,inferred_uniform_text_timing
'-a55Q6RWvTA_3,2,you,0.5748917748917749,0.8623376623376624,1,inferred_uniform_text_timing
'-a55Q6RWvTA_3,3,clip,0.8623376623376624,1.1497835497835498,2,inferred_uniform_text_timing
'-a55Q6RWvTA_3,4,coupons,1.1497835497835498,1.4372294372294372,2,inferred_uniform_text_timing
'-a55Q6RWvTA_3,5,",",1.4372294372294372,1.7246753246753248,3,inferred_uniform_text_timing
'-a55Q6RWvTA_3,6,if,1.7246753246753248,2.012121212121212,4,inferred_uniform_text_timing
'-a55Q6RWvTA_3,7,you,2.012121212121212,2.2995670995670996,4,inferred_uniform_text_timing
'-a55Q6RWvTA_3,8,don't,2.2995670995670996,2.587012987012987,5,inferred_uniform_text_timing
'-a55Q6RWvTA_3,9,go,2.587012987012987,2.8744588744588744,6,inferred_uniform_text_timing
'-a55Q6RWvTA_3,10,out,2.8744588744588744,3.1619047619047618,6,inferred_uniform_text_timing
'-a55Q6RWvTA_3,11,for,3.1619047619047618,3.4493506493506496,7,inferred_uniform_text_timing
'-a55Q6RWvTA_3,12,dinner,3.4493506493506496,3.736796536796537,8,inferred_uniform_text_timing
'-a55Q6RWvTA_3,13,and,3.736796536796537,4.024242424242424,8,inferred_uniform_text_timing
'-a55Q6RWvTA_3,14,movies,4.024242424242424,4.311688311688312,9,inferred_uniform_text_timing
'-a55Q6RWvTA_3,15,and,4.311688311688312,4.599134199134199,10,inferred_uniform_text_timing
'-a55Q6RWvTA_3,16,things,4.599134199134199,4.886580086580087,10,inferred_uniform_text_timing
'-a55Q6RWvTA_3,17,of,4.886580086580087,5.174025974025974,11,inferred_uniform_text_timing
'-a55Q6RWvTA_3,18,that,5.174025974025974,5.461471861471861,12,inferred_uniform_text_timing
'-a55Q6RWvTA_3,19,nature,5.461471861471861,5.748917748917749,12,inferred_uniform_text_timing
'-a55Q6RWvTA_3,20,and,5.748917748917749,6.036363636363636,13,inferred_uniform_text_timing
'-a55Q6RWvTA_3,21,try,6.036363636363636,6.3238095238095235,13,inferred_uniform_text_timing
'-a55Q6RWvTA_3,22,to,6.3238095238095235,6.611255411255411,14,inferred_uniform_text_timing
'-a55Q6RWvTA_3,23,take,6.611255411255411,6.898701298701299,15,inferred_uniform_text_timing
'-a55Q6RWvTA_3,24,up,6.898701298701299,7.186147186147187,15,inferred_uniform_text_timing
'-a55Q6RWvTA_3,25,things,7.186147186147187,7.473593073593074,16,inferred_uniform_text_timing
'-a55Q6RWvTA_3,26,in,7.473593073593074,7.761038961038961,17,inferred_uniform_text_timing
'-a55Q6RWvTA_3,27,life,7.761038961038961,8.048484848484849,17,inferred_uniform_text_timing
'-a55Q6RWvTA_3,28,that,8.048484848484849,8.335930735930736,18,inferred_uniform_text_timing
'-a55Q6RWvTA_3,29,",",8.335930735930736,8.623376623376624,19,inferred_uniform_text_timing
'-a55Q6RWvTA_3,30,well,8.623376623376624,8.910822510822511,19,inferred_uniform_text_timing
'-a55Q6RWvTA_3,31,",",8.910822510822511,9.198268398268398,20,inferred_uniform_text_timing
'-a55Q6RWvTA_3,32,they,9.198268398268398,9.485714285714286,21,inferred_uniform_text_timing
'-a55Q6RWvTA_3,33,always,9.485714285714286,9.773160173160173,21,inferred_uniform_text_timing
'-a55Q6RWvTA_3,34,say,9.773160173160173,10.06060606060606,22,inferred_uniform_text_timing
'-a55Q6RWvTA_3,35,",",10.06060606060606,10.348051948051948,23,inferred_uniform_text_timing
'-a55Q6RWvTA_3,36,"""",10.348051948051948,10.635497835497835,23,inferred_uniform_text_timing
'-a55Q6RWvTA_3,37,the,10.635497835497835,10.922943722943723,24,inferred_uniform_text_timing
'-a55Q6RWvTA_3,38,best,10.922943722943723,11.21038961038961,25,inferred_uniform_text_timing
'-a55Q6RWvTA_3,39,things,11.21038961038961,11.497835497835498,25,inferred_uniform_text_timing
'-a55Q6RWvTA_3,40,in,11.497835497835498,11.785281385281385,26,inferred_uniform_text_timing
'-a55Q6RWvTA_3,41,life,11.785281385281385,12.072727272727272,26,inferred_uniform_text_timing
'-a55Q6RWvTA_3,42,are,12.072727272727272,12.36017316017316,27,inferred_uniform_text_timing
'-a55Q6RWvTA_3,43,free,12.36017316017316,12.647619047619047,28,inferred_uniform_text_timing
'-a55Q6RWvTA_3,44,"""",12.647619047619047,12.935064935064934,28,inferred_uniform_text_timing
'-a55Q6RWvTA_3,45,.,12.935064935064934,13.222510822510822,29,inferred_uniform_text_timing
'-a55Q6RWvTA_3,46,Reading,13.222510822510822,13.50995670995671,30,inferred_uniform_text_timing
'-a55Q6RWvTA_3,47,a,13.50995670995671,13.797402597402598,30,inferred_uniform_text_timing
'-a55Q6RWvTA_3,48,book,13.797402597402598,14.084848484848484,31,inferred_uniform_text_timing
'-a55Q6RWvTA_3,49,",",14.084848484848484,14.372294372294373,32,inferred_uniform_text_timing
'-a55Q6RWvTA_3,50,going,14.372294372294373,14.659740259740259,32,inferred_uniform_text_timing
'-a55Q6RWvTA_3,51,for,14.659740259740259,14.947186147186148,33,inferred_uniform_text_timing
'-a55Q6RWvTA_3,52,a,14.947186147186148,15.234632034632034,34,inferred_uniform_text_timing
'-a55Q6RWvTA_3,53,nice,15.234632034632034,15.522077922077923,34,inferred_uniform_text_timing
'-a55Q6RWvTA_3,54,walk,15.522077922077923,15.809523809523808,35,inferred_uniform_text_timing
'-a55Q6RWvTA_3,55,",",15.809523809523808,16.096969696969698,36,inferred_uniform_text_timing
'-a55Q6RWvTA_3,56,and,16.096969696969698,16.384415584415585,36,inferred_uniform_text_timing
'-a55Q6RWvTA_3,57,",",16.384415584415585,16.671861471861472,37,inferred_uniform_text_timing
'-a55Q6RWvTA_3,58,of,16.671861471861472,16.959307359307356,37,inferred_uniform_text_timing
'-a55Q6RWvTA_3,59,course,16.959307359307356,17.246753246753247,38,inferred_uniform_text_timing
'-a55Q6RWvTA_3,60,",",17.246753246753247,17.53419913419913,39,inferred_uniform_text_timing
'-a55Q6RWvTA_3,61,combining,17.53419913419913,17.821645021645022,39,inferred_uniform_text_timing
'-a55Q6RWvTA_3,62,exercise,17.821645021645022,18.109090909090906,40,inferred_uniform_text_timing
'-a55Q6RWvTA_3,63,and,18.109090909090906,18.396536796536797,41,inferred_uniform_text_timing
'-a55Q6RWvTA_3,64,various,18.396536796536797,18.683982683982684,41,inferred_uniform_text_timing
'-a55Q6RWvTA_3,65,things,18.683982683982684,18.97142857142857,42,inferred_uniform_text_timing
'-a55Q6RWvTA_3,66,of,18.97142857142857,19.25887445887446,43,inferred_uniform_text_timing
'-a55Q6RWvTA_3,67,that,19.25887445887446,19.546320346320346,43,inferred_uniform_text_timing
'-a55Q6RWvTA_3,68,nature,19.546320346320346,19.833766233766234,44,inferred_uniform_text_timing
'-a55Q6RWvTA_3,69,where,19.833766233766234,20.12121212121212,45,inferred_uniform_text_timing
'-a55Q6RWvTA_3,70,you're,20.12121212121212,20.40865800865801,45,inferred_uniform_text_timing
'-a55Q6RWvTA_3,71,not,20.40865800865801,20.696103896103896,46,inferred_uniform_text_timing
'-a55Q6RWvTA_3,72,spending,20.696103896103896,20.983549783549783,47,inferred_uniform_text_timing
'-a55Q6RWvTA_3,73,money,20.983549783549783,21.27099567099567,47,inferred_uniform_text_timing
'-a55Q6RWvTA_3,74,per,21.27099567099567,21.558441558441558,48,inferred_uniform_text_timing
'-a55Q6RWvTA_3,75,se,21.558441558441558,21.845887445887445,49,inferred_uniform_text_timing
'-a55Q6RWvTA_3,76,.,21.845887445887445,22.133333333333333,49,inferred_uniform_text_timing
'-aNfi7CP8vM_7,0,Maybe,0.0,0.40793650793650793,1,inferred_uniform_text_timing
'-aNfi7CP8vM_7,1,they,0.40793650793650793,0.8158730158730159,3,inferred_uniform_text_timing
'-aNfi7CP8vM_7,2,have,0.8158730158730159,1.2238095238095237,5,inferred_uniform_text_timing
'-aNfi7CP8vM_7,3,no,1.2238095238095237,1.6317460317460317,8,inferred_uniform_text_timing
'-aNfi7CP8vM_7,4,political,1.6317460317460317,2.0396825396825395,10,inferred_uniform_text_timing
'-aNfi7CP8vM_7,5,party,2.0396825396825395,2.4476190476190474,13,inferred_uniform_text_timing
'-aNfi7CP8vM_7,6,affiliation,2.4476190476190474,2.8555555555555556,15,inferred_uniform_text_timing
'-aNfi7CP8vM_7,7,",",2.8555555555555556,3.2634920634920634,17,inferred_uniform_text_timing
'-aNfi7CP8vM_7,8,they're,3.2634920634920634,3.6714285714285713,20,inferred_uniform_text_timing
'-aNfi7CP8vM_7,9,not,3.6714285714285713,4.079365079365079,22,inferred_uniform_text_timing
'-aNfi7CP8vM_7,10,interested,4.079365079365079,4.487301587301587,25,inferred_uniform_text_timing
'-aNfi7CP8vM_7,11,in,4.487301587301587,4.895238095238095,27,inferred_uniform_text_timing
'-aNfi7CP8vM_7,12,politics,4.895238095238095,5.303174603174603,29,inferred_uniform_text_timing
'-aNfi7CP8vM_7,13,",",5.303174603174603,5.711111111111111,32,inferred_uniform_text_timing
'-aNfi7CP8vM_7,14,they,5.711111111111111,6.119047619047619,34,inferred_uniform_text_timing
'-aNfi7CP8vM_7,15,could,6.119047619047619,6.526984126984127,36,inferred_uniform_text_timing
'-aNfi7CP8vM_7,16,care,6.526984126984127,6.934920634920634,39,inferred_uniform_text_timing
'-aNfi7CP8vM_7,17,less,6.934920634920634,7.3428571428571425,41,inferred_uniform_text_timing
'-aNfi7CP8vM_7,18,about,7.3428571428571425,7.75079365079365,44,inferred_uniform_text_timing
'-aNfi7CP8vM_7,19,politics,7.75079365079365,8.158730158730158,46,inferred_uniform_text_timing
'-aNfi7CP8vM_7,20,.,8.158730158730158,8.566666666666666,48,inferred_uniform_text_timing
'-aqamKhZ1Ec_0,0,In,0.0,0.6854166666666667,1,inferred_uniform_text_timing
'-aqamKhZ1Ec_0,1,2008,0.6854166666666667,1.3708333333333333,4,inferred_uniform_text_timing
'-aqamKhZ1Ec_0,2,",",1.3708333333333333,2.05625,7,inferred_uniform_text_timing
'-aqamKhZ1Ec_0,3,there,2.05625,2.7416666666666667,10,inferred_uniform_text_timing
'-aqamKhZ1Ec_0,4,were,2.7416666666666667,3.4270833333333335,14,inferred_uniform_text_timing
'-aqamKhZ1Ec_0,5,very,3.4270833333333335,4.1125,17,inferred_uniform_text_timing
'-aqamKhZ1Ec_0,6,serious,4.1125,4.797916666666667,20,inferred_uniform_text_timing
'-aqamKhZ1Ec_0,7,tribal,4.797916666666667,5.483333333333333,23,inferred_uniform_text_timing
'-aqamKhZ1Ec_0,8,warfare,5.483333333333333,6.16875,26,inferred_uniform_text_timing
'-aqamKhZ1Ec_0,9,in,6.16875,6.854166666666667,29,inferred_uniform_text_timing
'-aqamKhZ1Ec_0,10,Kenya,6.854166666666667,7.539583333333334,32,inferred_uniform_text_timing
'-aqamKhZ1Ec_0,11,following,7.539583333333334,8.225,35,inferred_uniform_text_timing
'-aqamKhZ1Ec_0,12,a,8.225,8.910416666666666,39,inferred_uniform_text_timing
'-aqamKhZ1Ec_0,13,disputed,8.910416666666666,9.595833333333333,42,inferred_uniform_text_timing
'-aqamKhZ1Ec_0,14,election,9.595833333333333,10.28125,45,inferred_uniform_text_timing
'-aqamKhZ1Ec_0,15,.,10.28125,10.966666666666667,48,inferred_uniform_text_timing
'-dxfTGcXJoc_1,0,For,0.0,0.3825396825396825,0,inferred_uniform_text_timing
'-dxfTGcXJoc_1,1,the,0.3825396825396825,0.765079365079365,1,inferred_uniform_text_timing
'-dxfTGcXJoc_1,2,10,0.765079365079365,1.1476190476190478,2,inferred_uniform_text_timing
'-dxfTGcXJoc_1,3,th,1.1476190476190478,1.53015873015873,4,inferred_uniform_text_timing
'-dxfTGcXJoc_1,4,straight,1.53015873015873,1.9126984126984126,5,inferred_uniform_text_timing
'-dxfTGcXJoc_1,5,year,1.9126984126984126,2.2952380952380955,6,inferred_uniform_text_timing
'-dxfTGcXJoc_1,6,",",2.2952380952380955,2.677777777777778,7,inferred_uniform_text_timing
'-dxfTGcXJoc_1,7,some,2.677777777777778,3.06031746031746,8,inferred_uniform_text_timing
'-dxfTGcXJoc_1,8,of,3.06031746031746,3.4428571428571426,10,inferred_uniform_text_timing
'-dxfTGcXJoc_1,9,Kentucky,3.4428571428571426,3.825396825396825,11,inferred_uniform_text_timing
'-dxfTGcXJoc_1,10,’,3.825396825396825,4.207936507936507,12,inferred_uniform_text_timing
'-dxfTGcXJoc_1,11,s,4.207936507936507,4.590476190476191,13,inferred_uniform_text_timing
'-dxfTGcXJoc_1,12,best,4.590476190476191,4.973015873015873,14,inferred_uniform_text_timing
'-dxfTGcXJoc_1,13,and,4.973015873015873,5.355555555555556,16,inferred_uniform_text_timing
'-dxfTGcXJoc_1,14,most,5.355555555555556,5.738095238095238,17,inferred_uniform_text_timing
'-dxfTGcXJoc_1,15,innovative,5.738095238095238,6.12063492063492,18,inferred_uniform_text_timing
'-dxfTGcXJoc_1,16,biotech,6.12063492063492,6.503174603174603,19,inferred_uniform_text_timing
'-dxfTGcXJoc_1,17,companies,6.503174603174603,6.885714285714285,20,inferred_uniform_text_timing
'-dxfTGcXJoc_1,18,and,6.885714285714285,7.268253968253968,22,inferred_uniform_text_timing
'-dxfTGcXJoc_1,19,technologies,7.268253968253968,7.65079365079365,23,inferred_uniform_text_timing
'-dxfTGcXJoc_1,20,were,7.65079365079365,8.033333333333333,24,inferred_uniform_text_timing
'-dxfTGcXJoc_1,21,on,8.033333333333333,8.415873015873014,25,inferred_uniform_text_timing
'-dxfTGcXJoc_1,22,display,8.415873015873014,8.798412698412697,26,inferred_uniform_text_timing
'-dxfTGcXJoc_1,23,at,8.798412698412697,9.180952380952382,27,inferred_uniform_text_timing
'-dxfTGcXJoc_1,24,the,9.180952380952382,9.563492063492063,29,inferred_uniform_text_timing
'-dxfTGcXJoc_1,25,annual,9.563492063492063,9.946031746031746,30,inferred_uniform_text_timing
'-dxfTGcXJoc_1,26,BIO,9.946031746031746,10.32857142857143,31,inferred_uniform_text_timing
'-dxfTGcXJoc_1,27,International,10.32857142857143,10.711111111111112,32,inferred_uniform_text_timing
'-dxfTGcXJoc_1,28,Convention,10.711111111111112,11.093650793650793,33,inferred_uniform_text_timing
'-dxfTGcXJoc_1,29,",",11.093650793650793,11.476190476190476,35,inferred_uniform_text_timing
'-dxfTGcXJoc_1,30,which,11.476190476190476,11.85873015873016,36,inferred_uniform_text_timing
'-dxfTGcXJoc_1,31,I,11.85873015873016,12.24126984126984,37,inferred_uniform_text_timing
'-dxfTGcXJoc_1,32,and,12.24126984126984,12.623809523809525,38,inferred_uniform_text_timing
'-dxfTGcXJoc_1,33,other,12.623809523809525,13.006349206349206,39,inferred_uniform_text_timing
'-dxfTGcXJoc_1,34,state,13.006349206349206,13.38888888888889,41,inferred_uniform_text_timing
'-dxfTGcXJoc_1,35,officials,13.38888888888889,13.77142857142857,42,inferred_uniform_text_timing
'-dxfTGcXJoc_1,36,attended,13.77142857142857,14.153968253968255,43,inferred_uniform_text_timing
'-dxfTGcXJoc_1,37,this,14.153968253968255,14.536507936507936,44,inferred_uniform_text_timing
'-dxfTGcXJoc_1,38,week,14.536507936507936,14.91904761904762,45,inferred_uniform_text_timing
'-dxfTGcXJoc_1,39,in,14.91904761904762,15.3015873015873,47,inferred_uniform_text_timing
'-dxfTGcXJoc_1,40,Chicago,15.3015873015873,15.684126984126985,48,inferred_uniform_text_timing
'-dxfTGcXJoc_1,41,.,15.684126984126985,16.066666666666666,49,inferred_uniform_text_timing
'-dxfTGcXJoc_0,0,This,0.0,0.41836734693877553,0,inferred_uniform_text_timing
'-dxfTGcXJoc_0,1,is,0.41836734693877553,0.8367346938775511,1,inferred_uniform_text_timing
'-dxfTGcXJoc_0,2,Governor,0.8367346938775511,1.2551020408163265,2,inferred_uniform_text_timing
'-dxfTGcXJoc_0,3,Steve,1.2551020408163265,1.6734693877551021,3,inferred_uniform_text_timing
'-dxfTGcXJoc_0,4,Beshear,1.6734693877551021,2.0918367346938775,4,inferred_uniform_text_timing
'-dxfTGcXJoc_0,5,.,2.0918367346938775,2.510204081632653,5,inferred_uniform_text_timing
'-dxfTGcXJoc_0,6,.,2.510204081632653,2.9285714285714284,6,inferred_uniform_text_timing
'-dxfTGcXJoc_0,7,.,2.9285714285714284,3.3469387755102042,7,inferred_uniform_text_timing
'-dxfTGcXJoc_0,8,About,3.3469387755102042,3.7653061224489797,8,inferred_uniform_text_timing
'-dxfTGcXJoc_0,9,Kentucky,3.7653061224489797,4.183673469387755,9,inferred_uniform_text_timing
'-dxfTGcXJoc_0,10,Our,4.183673469387755,4.6020408163265305,10,inferred_uniform_text_timing
'-dxfTGcXJoc_0,11,state,4.6020408163265305,5.020408163265306,11,inferred_uniform_text_timing
'-dxfTGcXJoc_0,12,is,5.020408163265306,5.438775510204081,12,inferred_uniform_text_timing
'-dxfTGcXJoc_0,13,home,5.438775510204081,5.857142857142857,13,inferred_uniform_text_timing
'-dxfTGcXJoc_0,14,to,5.857142857142857,6.275510204081633,14,inferred_uniform_text_timing
'-dxfTGcXJoc_0,15,more,6.275510204081633,6.6938775510204085,15,inferred_uniform_text_timing
'-dxfTGcXJoc_0,16,than,6.6938775510204085,7.112244897959184,16,inferred_uniform_text_timing
'-dxfTGcXJoc_0,17,1,7.112244897959184,7.530612244897959,17,inferred_uniform_text_timing
'-dxfTGcXJoc_0,18,",",7.530612244897959,7.948979591836735,18,inferred_uniform_text_timing
'-dxfTGcXJoc_0,19,500,7.948979591836735,8.36734693877551,19,inferred_uniform_text_timing
'-dxfTGcXJoc_0,20,bioscience,8.36734693877551,8.785714285714286,20,inferred_uniform_text_timing
'-dxfTGcXJoc_0,21,and,8.785714285714286,9.204081632653061,21,inferred_uniform_text_timing
'-dxfTGcXJoc_0,22,lifescience,9.204081632653061,9.622448979591837,22,inferred_uniform_text_timing
'-dxfTGcXJoc_0,23,companies,9.622448979591837,10.040816326530612,23,inferred_uniform_text_timing
'-dxfTGcXJoc_0,24,and,10.040816326530612,10.459183673469388,25,inferred_uniform_text_timing
'-dxfTGcXJoc_0,25,more,10.459183673469388,10.877551020408163,26,inferred_uniform_text_timing
'-dxfTGcXJoc_0,26,than,10.877551020408163,11.295918367346939,27,inferred_uniform_text_timing
'-dxfTGcXJoc_0,27,100,11.295918367346939,11.714285714285714,28,inferred_uniform_text_timing
'-dxfTGcXJoc_0,28,",",11.714285714285714,12.13265306122449,29,inferred_uniform_text_timing
'-dxfTGcXJoc_0,29,000,12.13265306122449,12.551020408163266,30,inferred_uniform_text_timing
'-dxfTGcXJoc_0,30,people,12.551020408163266,12.96938775510204,31,inferred_uniform_text_timing
'-dxfTGcXJoc_0,31,who,12.96938775510204,13.387755102040817,32,inferred_uniform_text_timing
'-dxfTGcXJoc_0,32,work,13.387755102040817,13.806122448979592,33,inferred_uniform_text_timing
'-dxfTGcXJoc_0,33,for,13.806122448979592,14.224489795918368,34,inferred_uniform_text_timing
'-dxfTGcXJoc_0,34,these,14.224489795918368,14.642857142857142,35,inferred_uniform_text_timing
'-dxfTGcXJoc_0,35,firms,14.642857142857142,15.061224489795919,36,inferred_uniform_text_timing
'-dxfTGcXJoc_0,36,",",15.061224489795919,15.479591836734693,37,inferred_uniform_text_timing
'-dxfTGcXJoc_0,37,in,15.479591836734693,15.89795918367347,38,inferred_uniform_text_timing
'-dxfTGcXJoc_0,38,areas,15.89795918367347,16.316326530612244,39,inferred_uniform_text_timing
'-dxfTGcXJoc_0,39,from,16.316326530612244,16.73469387755102,40,inferred_uniform_text_timing
'-dxfTGcXJoc_0,40,nutrigenomics,16.73469387755102,17.153061224489797,41,inferred_uniform_text_timing
'-dxfTGcXJoc_0,41,and,17.153061224489797,17.571428571428573,42,inferred_uniform_text_timing
'-dxfTGcXJoc_0,42,pharmaceuticals,17.571428571428573,17.989795918367346,43,inferred_uniform_text_timing
'-dxfTGcXJoc_0,43,to,17.989795918367346,18.408163265306122,44,inferred_uniform_text_timing
'-dxfTGcXJoc_0,44,nanotechnology,18.408163265306122,18.8265306122449,45,inferred_uniform_text_timing
'-dxfTGcXJoc_0,45,and,18.8265306122449,19.244897959183675,46,inferred_uniform_text_timing
'-dxfTGcXJoc_0,46,medical,19.244897959183675,19.663265306122447,47,inferred_uniform_text_timing
'-dxfTGcXJoc_0,47,devices,19.663265306122447,20.081632653061224,48,inferred_uniform_text_timing
'-dxfTGcXJoc_0,48,.,20.081632653061224,20.5,49,inferred_uniform_text_timing
'-dxfTGcXJoc_2,0,An,0.0,0.4273504273504274,0,inferred_uniform_text_timing
'-dxfTGcXJoc_2,1,estimated,0.4273504273504274,0.8547008547008548,1,inferred_uniform_text_timing
'-dxfTGcXJoc_2,2,20,0.8547008547008548,1.2820512820512822,3,inferred_uniform_text_timing
'-dxfTGcXJoc_2,3,",",1.2820512820512822,1.7094017094017095,4,inferred_uniform_text_timing
'-dxfTGcXJoc_2,4,000,1.7094017094017095,2.136752136752137,5,inferred_uniform_text_timing
'-dxfTGcXJoc_2,5,biotech,2.136752136752137,2.5641025641025643,7,inferred_uniform_text_timing
'-dxfTGcXJoc_2,6,scientists,2.5641025641025643,2.9914529914529915,8,inferred_uniform_text_timing
'-dxfTGcXJoc_2,7,",",2.9914529914529915,3.418803418803419,9,inferred_uniform_text_timing
'-dxfTGcXJoc_2,8,executives,3.418803418803419,3.8461538461538463,10,inferred_uniform_text_timing
'-dxfTGcXJoc_2,9,and,3.8461538461538463,4.273504273504274,12,inferred_uniform_text_timing
'-dxfTGcXJoc_2,10,industry,4.273504273504274,4.700854700854701,13,inferred_uniform_text_timing
'-dxfTGcXJoc_2,11,experts,4.700854700854701,5.128205128205129,14,inferred_uniform_text_timing
'-dxfTGcXJoc_2,12,from,5.128205128205129,5.555555555555556,16,inferred_uniform_text_timing
'-dxfTGcXJoc_2,13,more,5.555555555555556,5.982905982905983,17,inferred_uniform_text_timing
'-dxfTGcXJoc_2,14,than,5.982905982905983,6.410256410256411,18,inferred_uniform_text_timing
'-dxfTGcXJoc_2,15,50,6.410256410256411,6.837606837606838,19,inferred_uniform_text_timing
'-dxfTGcXJoc_2,16,nations,6.837606837606838,7.264957264957266,21,inferred_uniform_text_timing
'-dxfTGcXJoc_2,17,were,7.264957264957266,7.6923076923076925,22,inferred_uniform_text_timing
'-dxfTGcXJoc_2,18,at,7.6923076923076925,8.119658119658121,23,inferred_uniform_text_timing
'-dxfTGcXJoc_2,19,the,8.119658119658121,8.547008547008549,25,inferred_uniform_text_timing
'-dxfTGcXJoc_2,20,BIO,8.547008547008549,8.974358974358974,26,inferred_uniform_text_timing
'-dxfTGcXJoc_2,21,conference,8.974358974358974,9.401709401709402,27,inferred_uniform_text_timing
'-dxfTGcXJoc_2,22,to,9.401709401709402,9.82905982905983,28,inferred_uniform_text_timing
'-dxfTGcXJoc_2,23,learn,9.82905982905983,10.256410256410257,30,inferred_uniform_text_timing
'-dxfTGcXJoc_2,24,about,10.256410256410257,10.683760683760685,31,inferred_uniform_text_timing
'-dxfTGcXJoc_2,25,the,10.683760683760685,11.111111111111112,32,inferred_uniform_text_timing
'-dxfTGcXJoc_2,26,latest,11.111111111111112,11.53846153846154,33,inferred_uniform_text_timing
'-dxfTGcXJoc_2,27,scientific,11.53846153846154,11.965811965811966,35,inferred_uniform_text_timing
'-dxfTGcXJoc_2,28,advances,11.965811965811966,12.393162393162394,36,inferred_uniform_text_timing
'-dxfTGcXJoc_2,29,",",12.393162393162394,12.820512820512821,37,inferred_uniform_text_timing
'-dxfTGcXJoc_2,30,and,12.820512820512821,13.24786324786325,39,inferred_uniform_text_timing
'-dxfTGcXJoc_2,31,to,13.24786324786325,13.675213675213676,40,inferred_uniform_text_timing
'-dxfTGcXJoc_2,32,exchange,13.675213675213676,14.102564102564102,41,inferred_uniform_text_timing
'-dxfTGcXJoc_2,33,ideas,14.102564102564102,14.529914529914532,42,inferred_uniform_text_timing
'-dxfTGcXJoc_2,34,and,14.529914529914532,14.957264957264957,44,inferred_uniform_text_timing
'-dxfTGcXJoc_2,35,establish,14.957264957264957,15.384615384615385,45,inferred_uniform_text_timing
'-dxfTGcXJoc_2,36,business,15.384615384615385,15.811965811965814,46,inferred_uniform_text_timing
'-dxfTGcXJoc_2,37,relationships,15.811965811965814,16.239316239316242,48,inferred_uniform_text_timing
'-dxfTGcXJoc_2,38,.,16.239316239316242,16.666666666666668,49,inferred_uniform_text_timing
'-dxfTGcXJoc_6,0,Kentucky,0.0,0.396875,0,inferred_uniform_text_timing
'-dxfTGcXJoc_6,1,’,0.396875,0.79375,2,inferred_uniform_text_timing
'-dxfTGcXJoc_6,2,s,0.79375,1.1906249999999998,3,inferred_uniform_text_timing
'-dxfTGcXJoc_6,3,participation,1.1906249999999998,1.5875,5,inferred_uniform_text_timing
'-dxfTGcXJoc_6,4,at,1.5875,1.984375,7,inferred_uniform_text_timing
'-dxfTGcXJoc_6,5,the,1.984375,2.3812499999999996,8,inferred_uniform_text_timing
'-dxfTGcXJoc_6,6,annual,2.3812499999999996,2.7781249999999997,10,inferred_uniform_text_timing
'-dxfTGcXJoc_6,7,BIO,2.7781249999999997,3.175,11,inferred_uniform_text_timing
'-dxfTGcXJoc_6,8,International,3.175,3.571875,13,inferred_uniform_text_timing
'-dxfTGcXJoc_6,9,Convention,3.571875,3.96875,14,inferred_uniform_text_timing
'-dxfTGcXJoc_6,10,is,3.96875,4.365625,16,inferred_uniform_text_timing
'-dxfTGcXJoc_6,11,the,4.365625,4.762499999999999,17,inferred_uniform_text_timing
'-dxfTGcXJoc_6,12,primary,4.762499999999999,5.159375,19,inferred_uniform_text_timing
'-dxfTGcXJoc_6,13,means,5.159375,5.5562499999999995,21,inferred_uniform_text_timing
'-dxfTGcXJoc_6,14,by,5.5562499999999995,5.953125,22,inferred_uniform_text_timing
'-dxfTGcXJoc_6,15,which,5.953125,6.35,24,inferred_uniform_text_timing
'-dxfTGcXJoc_6,16,our,6.35,6.746874999999999,25,inferred_uniform_text_timing
'-dxfTGcXJoc_6,17,high,6.746874999999999,7.14375,27,inferred_uniform_text_timing
'-dxfTGcXJoc_6,18,'-,7.14375,7.5406249999999995,28,inferred_uniform_text_timing
'-dxfTGcXJoc_6,19,tech,7.5406249999999995,7.9375,30,inferred_uniform_text_timing
'-dxfTGcXJoc_6,20,companies,7.9375,8.334375,32,inferred_uniform_text_timing
'-dxfTGcXJoc_6,21,and,8.334375,8.73125,33,inferred_uniform_text_timing
'-dxfTGcXJoc_6,22,institutions,8.73125,9.128124999999999,35,inferred_uniform_text_timing
'-dxfTGcXJoc_6,23,can,9.128124999999999,9.524999999999999,36,inferred_uniform_text_timing
'-dxfTGcXJoc_6,24,reach,9.524999999999999,9.921875,38,inferred_uniform_text_timing
'-dxfTGcXJoc_6,25,out,9.921875,10.31875,39,inferred_uniform_text_timing
'-dxfTGcXJoc_6,26,to,10.31875,10.715625,41,inferred_uniform_text_timing
'-dxfTGcXJoc_6,27,the,10.715625,11.112499999999999,42,inferred_uniform_text_timing
'-dxfTGcXJoc_6,28,global,11.112499999999999,11.509374999999999,44,inferred_uniform_text_timing
'-dxfTGcXJoc_6,29,scientific,11.509374999999999,11.90625,46,inferred_uniform_text_timing
'-dxfTGcXJoc_6,30,community,11.90625,12.303125,47,inferred_uniform_text_timing
'-dxfTGcXJoc_6,31,.,12.303125,12.7,49,inferred_uniform_text_timing
'-egA8-b7-3M_26,0,We're,0.0,0.3729166666666667,1,inferred_uniform_text_timing
'-egA8-b7-3M_26,1,updating,0.3729166666666667,0.7458333333333333,4,inferred_uniform_text_timing
'-egA8-b7-3M_26,2,it,0.7458333333333333,1.11875,7,inferred_uniform_text_timing
'-egA8-b7-3M_26,3,all,1.11875,1.4916666666666667,10,inferred_uniform_text_timing
'-egA8-b7-3M_26,4,the,1.4916666666666667,1.8645833333333335,14,inferred_uniform_text_timing
'-egA8-b7-3M_26,5,time,1.8645833333333335,2.2375,17,inferred_uniform_text_timing
'-egA8-b7-3M_26,6,and,2.2375,2.6104166666666666,20,inferred_uniform_text_timing
'-egA8-b7-3M_26,7,looking,2.6104166666666666,2.9833333333333334,23,inferred_uniform_text_timing
'-egA8-b7-3M_26,8,forward,2.9833333333333334,3.35625,26,inferred_uniform_text_timing
'-egA8-b7-3M_26,9,to,3.35625,3.729166666666667,29,inferred_uniform_text_timing
'-egA8-b7-3M_26,10,your,3.729166666666667,4.102083333333334,32,inferred_uniform_text_timing
'-egA8-b7-3M_26,11,comments,4.102083333333334,4.475,35,inferred_uniform_text_timing
'-egA8-b7-3M_26,12,on,4.475,4.847916666666666,39,inferred_uniform_text_timing
'-egA8-b7-3M_26,13,our,4.847916666666666,5.220833333333333,42,inferred_uniform_text_timing
'-egA8-b7-3M_26,14,videos,5.220833333333333,5.59375,45,inferred_uniform_text_timing
'-egA8-b7-3M_26,15,.,5.59375,5.966666666666667,48,inferred_uniform_text_timing
'-egA8-b7-3M_17,0,As,0.0,0.37719298245614036,1,inferred_uniform_text_timing
'-egA8-b7-3M_17,1,you,0.37719298245614036,0.7543859649122807,3,inferred_uniform_text_timing
'-egA8-b7-3M_17,2,have,0.7543859649122807,1.131578947368421,6,inferred_uniform_text_timing
'-egA8-b7-3M_17,3,more,1.131578947368421,1.5087719298245614,9,inferred_uniform_text_timing
'-egA8-b7-3M_17,4,experience,1.5087719298245614,1.8859649122807018,11,inferred_uniform_text_timing
'-egA8-b7-3M_17,5,",",1.8859649122807018,2.263157894736842,14,inferred_uniform_text_timing
'-egA8-b7-3M_17,6,you,2.263157894736842,2.640350877192983,17,inferred_uniform_text_timing
'-egA8-b7-3M_17,7,have,2.640350877192983,3.017543859649123,19,inferred_uniform_text_timing
'-egA8-b7-3M_17,8,more,3.017543859649123,3.3947368421052633,22,inferred_uniform_text_timing
'-egA8-b7-3M_17,9,times,3.3947368421052633,3.7719298245614037,25,inferred_uniform_text_timing
'-egA8-b7-3M_17,10,exhibiting,3.7719298245614037,4.1491228070175445,27,inferred_uniform_text_timing
'-egA8-b7-3M_17,11,",",4.1491228070175445,4.526315789473684,30,inferred_uniform_text_timing
'-egA8-b7-3M_17,12,you,4.526315789473684,4.9035087719298245,32,inferred_uniform_text_timing
'-egA8-b7-3M_17,13,get,4.9035087719298245,5.280701754385966,35,inferred_uniform_text_timing
'-egA8-b7-3M_17,14,to,5.280701754385966,5.657894736842105,38,inferred_uniform_text_timing
'-egA8-b7-3M_17,15,know,5.657894736842105,6.035087719298246,40,inferred_uniform_text_timing
'-egA8-b7-3M_17,16,more,6.035087719298246,6.412280701754386,43,inferred_uniform_text_timing
'-egA8-b7-3M_17,17,people,6.412280701754386,6.7894736842105265,46,inferred_uniform_text_timing
'-egA8-b7-3M_17,18,.,6.7894736842105265,7.166666666666668,48,inferred_uniform_text_timing
'-egA8-b7-3M_18,0,It,0.0,0.36231884057971014,1,inferred_uniform_text_timing
'-egA8-b7-3M_18,1,becomes,0.36231884057971014,0.7246376811594203,3,inferred_uniform_text_timing
'-egA8-b7-3M_18,2,easier,0.7246376811594203,1.0869565217391304,5,inferred_uniform_text_timing
'-egA8-b7-3M_18,3,at,1.0869565217391304,1.4492753623188406,7,inferred_uniform_text_timing
'-egA8-b7-3M_18,4,each,1.4492753623188406,1.811594202898551,9,inferred_uniform_text_timing
'-egA8-b7-3M_18,5,one,1.811594202898551,2.1739130434782608,11,inferred_uniform_text_timing
'-egA8-b7-3M_18,6,of,2.1739130434782608,2.536231884057971,14,inferred_uniform_text_timing
'-egA8-b7-3M_18,7,these,2.536231884057971,2.898550724637681,16,inferred_uniform_text_timing
'-egA8-b7-3M_18,8,conferences,2.898550724637681,3.260869565217391,18,inferred_uniform_text_timing
'-egA8-b7-3M_18,9,to,3.260869565217391,3.623188405797102,20,inferred_uniform_text_timing
'-egA8-b7-3M_18,10,connect,3.623188405797102,3.985507246376812,22,inferred_uniform_text_timing
'-egA8-b7-3M_18,11,with,3.985507246376812,4.3478260869565215,25,inferred_uniform_text_timing
'-egA8-b7-3M_18,12,people,4.3478260869565215,4.710144927536232,27,inferred_uniform_text_timing
'-egA8-b7-3M_18,13,that,4.710144927536232,5.072463768115942,29,inferred_uniform_text_timing
'-egA8-b7-3M_18,14,you've,5.072463768115942,5.434782608695653,31,inferred_uniform_text_timing
'-egA8-b7-3M_18,15,met,5.434782608695653,5.797101449275362,33,inferred_uniform_text_timing
'-egA8-b7-3M_18,16,or,5.797101449275362,6.159420289855073,35,inferred_uniform_text_timing
'-egA8-b7-3M_18,17,that,6.159420289855073,6.521739130434782,38,inferred_uniform_text_timing
'-egA8-b7-3M_18,18,you're,6.521739130434782,6.884057971014493,40,inferred_uniform_text_timing
'-egA8-b7-3M_18,19,doing,6.884057971014493,7.246376811594204,42,inferred_uniform_text_timing
'-egA8-b7-3M_18,20,business,7.246376811594204,7.608695652173913,44,inferred_uniform_text_timing
'-egA8-b7-3M_18,21,with,7.608695652173913,7.971014492753624,46,inferred_uniform_text_timing
'-egA8-b7-3M_18,22,.,7.971014492753624,8.333333333333334,48,inferred_uniform_text_timing
'-egA8-b7-3M_16,0,Third,0.0,0.4256410256410256,1,inferred_uniform_text_timing
'-egA8-b7-3M_16,1,",",0.4256410256410256,0.8512820512820513,5,inferred_uniform_text_timing
'-egA8-b7-3M_16,2,another,0.8512820512820513,1.276923076923077,9,inferred_uniform_text_timing
'-egA8-b7-3M_16,3,big,1.276923076923077,1.7025641025641025,13,inferred_uniform_text_timing
'-egA8-b7-3M_16,4,benefit,1.7025641025641025,2.128205128205128,17,inferred_uniform_text_timing
'-egA8-b7-3M_16,5,of,2.128205128205128,2.553846153846154,21,inferred_uniform_text_timing
'-egA8-b7-3M_16,6,exhibiting,2.553846153846154,2.9794871794871796,25,inferred_uniform_text_timing
'-egA8-b7-3M_16,7,is,2.9794871794871796,3.405128205128205,28,inferred_uniform_text_timing
'-egA8-b7-3M_16,8,connecting,3.405128205128205,3.8307692307692305,32,inferred_uniform_text_timing
'-egA8-b7-3M_16,9,with,3.8307692307692305,4.256410256410256,36,inferred_uniform_text_timing
'-egA8-b7-3M_16,10,existing,4.256410256410256,4.682051282051282,40,inferred_uniform_text_timing
'-egA8-b7-3M_16,11,clients,4.682051282051282,5.107692307692308,44,inferred_uniform_text_timing
'-egA8-b7-3M_16,12,.,5.107692307692308,5.533333333333333,48,inferred_uniform_text_timing
'-egA8-b7-3M_13,0,What,0.0,0.2928571428571428,1,inferred_uniform_text_timing
'-egA8-b7-3M_13,1,are,0.2928571428571428,0.5857142857142856,5,inferred_uniform_text_timing
'-egA8-b7-3M_13,2,you,0.5857142857142856,0.8785714285714284,8,inferred_uniform_text_timing
'-egA8-b7-3M_13,3,doing,0.8785714285714284,1.1714285714285713,12,inferred_uniform_text_timing
'-egA8-b7-3M_13,4,that's,1.1714285714285713,1.4642857142857142,16,inferred_uniform_text_timing
'-egA8-b7-3M_13,5,different,1.4642857142857142,1.757142857142857,19,inferred_uniform_text_timing
'-egA8-b7-3M_13,6,?,1.757142857142857,2.05,23,inferred_uniform_text_timing
'-egA8-b7-3M_13,7,"""",2.05,2.3428571428571425,26,inferred_uniform_text_timing
'-egA8-b7-3M_13,8,They,2.3428571428571425,2.6357142857142857,30,inferred_uniform_text_timing
'-egA8-b7-3M_13,9,always,2.6357142857142857,2.9285714285714284,33,inferred_uniform_text_timing
'-egA8-b7-3M_13,10,want,2.9285714285714284,3.221428571428571,37,inferred_uniform_text_timing
'-egA8-b7-3M_13,11,an,3.221428571428571,3.514285714285714,41,inferred_uniform_text_timing
'-egA8-b7-3M_13,12,answer,3.514285714285714,3.807142857142857,44,inferred_uniform_text_timing
'-egA8-b7-3M_13,13,.,3.807142857142857,4.1,48,inferred_uniform_text_timing
'-egA8-b7-3M_1,0,I,0.0,0.4636363636363636,1,inferred_uniform_text_timing
'-egA8-b7-3M_1,1,started,0.4636363636363636,0.9272727272727272,3,inferred_uniform_text_timing
'-egA8-b7-3M_1,2,a,0.9272727272727272,1.3909090909090909,5,inferred_uniform_text_timing
'-egA8-b7-3M_1,3,successful,1.3909090909090909,1.8545454545454545,7,inferred_uniform_text_timing
'-egA8-b7-3M_1,4,Legal,1.8545454545454545,2.3181818181818183,10,inferred_uniform_text_timing
'-egA8-b7-3M_1,5,Nurse,2.3181818181818183,2.7818181818181817,12,inferred_uniform_text_timing
'-egA8-b7-3M_1,6,Consulting,2.7818181818181817,3.245454545454545,14,inferred_uniform_text_timing
'-egA8-b7-3M_1,7,Business,3.245454545454545,3.709090909090909,17,inferred_uniform_text_timing
'-egA8-b7-3M_1,8,in,3.709090909090909,4.172727272727273,19,inferred_uniform_text_timing
'-egA8-b7-3M_1,9,1989,4.172727272727273,4.636363636363637,21,inferred_uniform_text_timing
'-egA8-b7-3M_1,10,.,4.636363636363637,5.1,23,inferred_uniform_text_timing
'-egA8-b7-3M_1,11,I,5.1,5.5636363636363635,26,inferred_uniform_text_timing
'-egA8-b7-3M_1,12,mentor,5.5636363636363635,6.027272727272727,28,inferred_uniform_text_timing
'-egA8-b7-3M_1,13,nurses,6.027272727272727,6.49090909090909,30,inferred_uniform_text_timing
'-egA8-b7-3M_1,14,who,6.49090909090909,6.954545454545454,32,inferred_uniform_text_timing
'-egA8-b7-3M_1,15,want,6.954545454545454,7.418181818181818,35,inferred_uniform_text_timing
'-egA8-b7-3M_1,16,to,7.418181818181818,7.881818181818181,37,inferred_uniform_text_timing
'-egA8-b7-3M_1,17,become,7.881818181818181,8.345454545454546,39,inferred_uniform_text_timing
'-egA8-b7-3M_1,18,Legal,8.345454545454546,8.809090909090909,42,inferred_uniform_text_timing
'-egA8-b7-3M_1,19,Nurse,8.809090909090909,9.272727272727273,44,inferred_uniform_text_timing
'-egA8-b7-3M_1,20,Consultants,9.272727272727273,9.736363636363636,46,inferred_uniform_text_timing
'-egA8-b7-3M_1,21,.,9.736363636363636,10.2,48,inferred_uniform_text_timing
'-egA8-b7-3M_6,0,First,0.0,0.4794871794871795,1,inferred_uniform_text_timing
'-egA8-b7-3M_6,1,exhibiting,0.4794871794871795,0.958974358974359,5,inferred_uniform_text_timing
'-egA8-b7-3M_6,2,is,0.958974358974359,1.4384615384615385,9,inferred_uniform_text_timing
'-egA8-b7-3M_6,3,a,1.4384615384615385,1.917948717948718,13,inferred_uniform_text_timing
'-egA8-b7-3M_6,4,wonderful,1.917948717948718,2.3974358974358974,17,inferred_uniform_text_timing
'-egA8-b7-3M_6,5,opportunity,2.3974358974358974,2.876923076923077,21,inferred_uniform_text_timing
'-egA8-b7-3M_6,6,to,2.876923076923077,3.3564102564102565,25,inferred_uniform_text_timing
'-egA8-b7-3M_6,7,network,3.3564102564102565,3.835897435897436,28,inferred_uniform_text_timing
'-egA8-b7-3M_6,8,with,3.835897435897436,4.315384615384615,32,inferred_uniform_text_timing
'-egA8-b7-3M_6,9,other,4.315384615384615,4.794871794871795,36,inferred_uniform_text_timing
'-egA8-b7-3M_6,10,legal,4.794871794871795,5.274358974358974,40,inferred_uniform_text_timing
'-egA8-b7-3M_6,11,vendors,5.274358974358974,5.753846153846154,44,inferred_uniform_text_timing
'-egA8-b7-3M_6,12,.,5.753846153846154,6.233333333333333,48,inferred_uniform_text_timing
'-egA8-b7-3M_9,0,Secondly,0.0,0.4166666666666667,2,inferred_uniform_text_timing
'-egA8-b7-3M_9,1,",",0.4166666666666667,0.8333333333333334,6,inferred_uniform_text_timing
'-egA8-b7-3M_9,2,another,0.8333333333333334,1.25,10,inferred_uniform_text_timing
'-egA8-b7-3M_9,3,goal,1.25,1.6666666666666667,14,inferred_uniform_text_timing
'-egA8-b7-3M_9,4,of,1.6666666666666667,2.0833333333333335,18,inferred_uniform_text_timing
'-egA8-b7-3M_9,5,exhibiting,2.0833333333333335,2.5,22,inferred_uniform_text_timing
'-egA8-b7-3M_9,6,is,2.5,2.9166666666666665,27,inferred_uniform_text_timing
'-egA8-b7-3M_9,7,building,2.9166666666666665,3.3333333333333335,31,inferred_uniform_text_timing
'-egA8-b7-3M_9,8,your,3.3333333333333335,3.75,35,inferred_uniform_text_timing
'-egA8-b7-3M_9,9,company,3.75,4.166666666666667,39,inferred_uniform_text_timing
'-egA8-b7-3M_9,10,image,4.166666666666667,4.583333333333333,43,inferred_uniform_text_timing
'-egA8-b7-3M_9,11,.,4.583333333333333,5.0,47,inferred_uniform_text_timing
'-egA8-b7-3M_20,0,Now,0.0,0.29696969696969694,1,inferred_uniform_text_timing
'-egA8-b7-3M_20,1,you've,0.29696969696969694,0.5939393939393939,3,inferred_uniform_text_timing
'-egA8-b7-3M_20,2,got,0.5939393939393939,0.890909090909091,5,inferred_uniform_text_timing
'-egA8-b7-3M_20,3,a,0.890909090909091,1.1878787878787878,7,inferred_uniform_text_timing
'-egA8-b7-3M_20,4,face,1.1878787878787878,1.4848484848484846,10,inferred_uniform_text_timing
'-egA8-b7-3M_20,5,that,1.4848484848484846,1.781818181818182,12,inferred_uniform_text_timing
'-egA8-b7-3M_20,6,you,1.781818181818182,2.0787878787878786,14,inferred_uniform_text_timing
'-egA8-b7-3M_20,7,can,2.0787878787878786,2.3757575757575755,17,inferred_uniform_text_timing
'-egA8-b7-3M_20,8,connect,2.3757575757575755,2.6727272727272724,19,inferred_uniform_text_timing
'-egA8-b7-3M_20,9,with,2.6727272727272724,2.9696969696969693,21,inferred_uniform_text_timing
'-egA8-b7-3M_20,10,a,2.9696969696969693,3.266666666666666,23,inferred_uniform_text_timing
'-egA8-b7-3M_20,11,voice,3.266666666666666,3.563636363636364,26,inferred_uniform_text_timing
'-egA8-b7-3M_20,12,",",3.563636363636364,3.860606060606061,28,inferred_uniform_text_timing
'-egA8-b7-3M_20,13,and,3.860606060606061,4.157575757575757,30,inferred_uniform_text_timing
'-egA8-b7-3M_20,14,that,4.157575757575757,4.454545454545454,32,inferred_uniform_text_timing
'-egA8-b7-3M_20,15,makes,4.454545454545454,4.751515151515151,35,inferred_uniform_text_timing
'-egA8-b7-3M_20,16,you,4.751515151515151,5.048484848484848,37,inferred_uniform_text_timing
'-egA8-b7-3M_20,17,closer,5.048484848484848,5.345454545454545,39,inferred_uniform_text_timing
'-egA8-b7-3M_20,18,to,5.345454545454545,5.642424242424242,42,inferred_uniform_text_timing
'-egA8-b7-3M_20,19,that,5.642424242424242,5.939393939393939,44,inferred_uniform_text_timing
'-egA8-b7-3M_20,20,client,5.939393939393939,6.236363636363635,46,inferred_uniform_text_timing
'-egA8-b7-3M_20,21,.,6.236363636363635,6.533333333333332,48,inferred_uniform_text_timing
'-iRBcNs9oI8_3,0,Well,0.0,0.619137037037037,2,inferred_uniform_text_timing
'-iRBcNs9oI8_3,1,",",0.619137037037037,1.238274074074074,8,inferred_uniform_text_timing
'-iRBcNs9oI8_3,2,it,1.238274074074074,1.8574111111111111,13,inferred_uniform_text_timing
'-iRBcNs9oI8_3,3,is,1.8574111111111111,2.476548148148148,19,inferred_uniform_text_timing
'-iRBcNs9oI8_3,4,the,2.476548148148148,3.095685185185185,25,inferred_uniform_text_timing
'-iRBcNs9oI8_3,5,secret,3.095685185185185,3.7148222222222222,30,inferred_uniform_text_timing
'-iRBcNs9oI8_3,6,of,3.7148222222222222,4.3339592592592595,36,inferred_uniform_text_timing
'-iRBcNs9oI8_3,7,power,4.3339592592592595,4.953096296296296,41,inferred_uniform_text_timing
'-iRBcNs9oI8_3,8,pose,4.953096296296296,5.572233333333333,47,inferred_uniform_text_timing
'-iRBcNs9oI8_7,0,Well,0.0,0.30800000000000005,1,inferred_uniform_text_timing
'-iRBcNs9oI8_7,1,",",0.30800000000000005,0.6160000000000001,5,inferred_uniform_text_timing
'-iRBcNs9oI8_7,2,for,0.6160000000000001,0.924,9,inferred_uniform_text_timing
'-iRBcNs9oI8_7,3,starters,0.924,1.2320000000000002,13,inferred_uniform_text_timing
'-iRBcNs9oI8_7,4,",",1.2320000000000002,1.5400000000000003,17,inferred_uniform_text_timing
'-iRBcNs9oI8_7,5,let's,1.5400000000000003,1.848,21,inferred_uniform_text_timing
'-iRBcNs9oI8_7,6,look,1.848,2.156,25,inferred_uniform_text_timing
'-iRBcNs9oI8_7,7,at,2.156,2.4640000000000004,28,inferred_uniform_text_timing
'-iRBcNs9oI8_7,8,the,2.4640000000000004,2.7720000000000002,32,inferred_uniform_text_timing
'-iRBcNs9oI8_7,9,word,2.7720000000000002,3.0800000000000005,36,inferred_uniform_text_timing
'-iRBcNs9oI8_7,10,"""",3.0800000000000005,3.3880000000000003,40,inferred_uniform_text_timing
'-iRBcNs9oI8_7,11,power,3.3880000000000003,3.696,44,inferred_uniform_text_timing
'-iRBcNs9oI8_7,12,"""",3.696,4.0040000000000004,48,inferred_uniform_text_timing
'-iRBcNs9oI8_6,0,What,0.0,0.5672333333333334,5,inferred_uniform_text_timing
'-iRBcNs9oI8_6,1,is,0.5672333333333334,1.1344666666666667,15,inferred_uniform_text_timing
'-iRBcNs9oI8_6,2,a,1.1344666666666667,1.7017,25,inferred_uniform_text_timing
'-iRBcNs9oI8_6,3,power,1.7017,2.2689333333333335,35,inferred_uniform_text_timing
'-iRBcNs9oI8_6,4,pose,2.2689333333333335,2.8361666666666667,45,inferred_uniform_text_timing
'-iRBcNs9oI8_9,0,Power,0.0,0.68068,5,inferred_uniform_text_timing
'-iRBcNs9oI8_9,1,is,0.68068,1.36136,15,inferred_uniform_text_timing
'-iRBcNs9oI8_9,2,similar,1.36136,2.04204,25,inferred_uniform_text_timing
'-iRBcNs9oI8_9,3,to,2.04204,2.72272,35,inferred_uniform_text_timing
'-iRBcNs9oI8_9,4,strength,2.72272,3.4034,45,inferred_uniform_text_timing
'-iRBcNs9oI8_8,0,I've,0.0,0.33505694444444445,1,inferred_uniform_text_timing
'-iRBcNs9oI8_8,1,drawn,0.33505694444444445,0.6701138888888889,3,inferred_uniform_text_timing
'-iRBcNs9oI8_8,2,this,0.6701138888888889,1.0051708333333333,5,inferred_uniform_text_timing
'-iRBcNs9oI8_8,3,man,1.0051708333333333,1.3402277777777778,7,inferred_uniform_text_timing
'-iRBcNs9oI8_8,4,here,1.3402277777777778,1.6752847222222222,9,inferred_uniform_text_timing
'-iRBcNs9oI8_8,5,",",1.6752847222222222,2.0103416666666667,11,inferred_uniform_text_timing
'-iRBcNs9oI8_8,6,and,2.0103416666666667,2.345398611111111,13,inferred_uniform_text_timing
'-iRBcNs9oI8_8,7,if,2.345398611111111,2.6804555555555556,15,inferred_uniform_text_timing
'-iRBcNs9oI8_8,8,you,2.6804555555555556,3.0155125,17,inferred_uniform_text_timing
'-iRBcNs9oI8_8,9,can,3.0155125,3.3505694444444445,19,inferred_uniform_text_timing
'-iRBcNs9oI8_8,10,tell,3.3505694444444445,3.6856263888888887,21,inferred_uniform_text_timing
'-iRBcNs9oI8_8,11,",",3.6856263888888887,4.020683333333333,23,inferred_uniform_text_timing
'-iRBcNs9oI8_8,12,he,4.020683333333333,4.355740277777778,26,inferred_uniform_text_timing
'-iRBcNs9oI8_8,13,has,4.355740277777778,4.690797222222222,28,inferred_uniform_text_timing
'-iRBcNs9oI8_8,14,a,4.690797222222222,5.025854166666667,30,inferred_uniform_text_timing
'-iRBcNs9oI8_8,15,lot,5.025854166666667,5.360911111111111,32,inferred_uniform_text_timing
'-iRBcNs9oI8_8,16,of,5.360911111111111,5.695968055555556,34,inferred_uniform_text_timing
'-iRBcNs9oI8_8,17,big,5.695968055555556,6.031025,36,inferred_uniform_text_timing
'-iRBcNs9oI8_8,18,muscles,6.031025,6.366081944444445,38,inferred_uniform_text_timing
'-iRBcNs9oI8_8,19,",",6.366081944444445,6.701138888888889,40,inferred_uniform_text_timing
'-iRBcNs9oI8_8,20,he,6.701138888888889,7.036195833333333,42,inferred_uniform_text_timing
'-iRBcNs9oI8_8,21,looks,7.036195833333333,7.371252777777777,44,inferred_uniform_text_timing
'-iRBcNs9oI8_8,22,very,7.371252777777777,7.7063097222222225,46,inferred_uniform_text_timing
'-iRBcNs9oI8_8,23,strong,7.7063097222222225,8.041366666666667,48,inferred_uniform_text_timing
'-lzEya4AM_4_5,0,If,0.0,0.36349206349206353,1,inferred_uniform_text_timing
'-lzEya4AM_4_5,1,it,0.36349206349206353,0.7269841269841271,3,inferred_uniform_text_timing
'-lzEya4AM_4_5,2,falls,0.7269841269841271,1.0904761904761906,5,inferred_uniform_text_timing
'-lzEya4AM_4_5,3,into,1.0904761904761906,1.4539682539682541,8,inferred_uniform_text_timing
'-lzEya4AM_4_5,4,oh,1.4539682539682541,1.8174603174603177,10,inferred_uniform_text_timing
'-lzEya4AM_4_5,5,any,1.8174603174603177,2.180952380952381,13,inferred_uniform_text_timing
'-lzEya4AM_4_5,6,of,2.180952380952381,2.5444444444444447,15,inferred_uniform_text_timing
'-lzEya4AM_4_5,7,those,2.5444444444444447,2.9079365079365083,17,inferred_uniform_text_timing
'-lzEya4AM_4_5,8,three,2.9079365079365083,3.2714285714285714,20,inferred_uniform_text_timing
'-lzEya4AM_4_5,9,categories,3.2714285714285714,3.6349206349206353,22,inferred_uniform_text_timing
'-lzEya4AM_4_5,10,",",3.6349206349206353,3.9984126984126984,25,inferred_uniform_text_timing
'-lzEya4AM_4_5,11,inducing,3.9984126984126984,4.361904761904762,27,inferred_uniform_text_timing
'-lzEya4AM_4_5,12,nausea,4.361904761904762,4.7253968253968255,29,inferred_uniform_text_timing
'-lzEya4AM_4_5,13,and,4.7253968253968255,5.0888888888888895,32,inferred_uniform_text_timing
'-lzEya4AM_4_5,14,vomiting,5.0888888888888895,5.4523809523809526,34,inferred_uniform_text_timing
'-lzEya4AM_4_5,15,would,5.4523809523809526,5.8158730158730165,36,inferred_uniform_text_timing
'-lzEya4AM_4_5,16,be,5.8158730158730165,6.17936507936508,39,inferred_uniform_text_timing
'-lzEya4AM_4_5,17,your,6.17936507936508,6.542857142857143,41,inferred_uniform_text_timing
'-lzEya4AM_4_5,18,next,6.542857142857143,6.906349206349207,44,inferred_uniform_text_timing
'-lzEya4AM_4_5,19,step,6.906349206349207,7.269841269841271,46,inferred_uniform_text_timing
'-lzEya4AM_4_5,20,.,7.269841269841271,7.633333333333334,48,inferred_uniform_text_timing
'-lzEya4AM_4_6,0,If,0.0,0.3210144927536232,0,inferred_uniform_text_timing
'-lzEya4AM_4_6,1,the,0.3210144927536232,0.6420289855072464,1,inferred_uniform_text_timing
'-lzEya4AM_4_6,2,product,0.6420289855072464,0.9630434782608697,2,inferred_uniform_text_timing
'-lzEya4AM_4_6,3,or,0.9630434782608697,1.2840579710144928,3,inferred_uniform_text_timing
'-lzEya4AM_4_6,4,poison,1.2840579710144928,1.6050724637681162,4,inferred_uniform_text_timing
'-lzEya4AM_4_6,5,is,1.6050724637681162,1.9260869565217393,5,inferred_uniform_text_timing
'-lzEya4AM_4_6,6,some,1.9260869565217393,2.2471014492753625,7,inferred_uniform_text_timing
'-lzEya4AM_4_6,7,type,2.2471014492753625,2.5681159420289856,8,inferred_uniform_text_timing
'-lzEya4AM_4_6,8,of,2.5681159420289856,2.889130434782609,9,inferred_uniform_text_timing
'-lzEya4AM_4_6,9,petroleum,2.889130434782609,3.2101449275362324,10,inferred_uniform_text_timing
'-lzEya4AM_4_6,10,product,3.2101449275362324,3.531159420289855,11,inferred_uniform_text_timing
'-lzEya4AM_4_6,11,or,3.531159420289855,3.8521739130434787,12,inferred_uniform_text_timing
'-lzEya4AM_4_6,12,corrosive,3.8521739130434787,4.173188405797101,13,inferred_uniform_text_timing
'-lzEya4AM_4_6,13,product,4.173188405797101,4.494202898550725,14,inferred_uniform_text_timing
'-lzEya4AM_4_6,14,",",4.494202898550725,4.815217391304348,15,inferred_uniform_text_timing
'-lzEya4AM_4_6,15,you,4.815217391304348,5.136231884057971,16,inferred_uniform_text_timing
'-lzEya4AM_4_6,16,would,5.136231884057971,5.457246376811595,17,inferred_uniform_text_timing
'-lzEya4AM_4_6,17,not,5.457246376811595,5.778260869565218,19,inferred_uniform_text_timing
'-lzEya4AM_4_6,18,attempt,5.778260869565218,6.09927536231884,20,inferred_uniform_text_timing
'-lzEya4AM_4_6,19,to,6.09927536231884,6.420289855072465,21,inferred_uniform_text_timing
'-lzEya4AM_4_6,20,induce,6.420289855072465,6.7413043478260875,22,inferred_uniform_text_timing
'-lzEya4AM_4_6,21,vomiting,6.7413043478260875,7.06231884057971,23,inferred_uniform_text_timing
'-lzEya4AM_4_6,22,and,7.06231884057971,7.383333333333333,24,inferred_uniform_text_timing
'-lzEya4AM_4_6,23,nausea,7.383333333333333,7.704347826086957,25,inferred_uniform_text_timing
'-lzEya4AM_4_6,24,",",7.704347826086957,8.02536231884058,26,inferred_uniform_text_timing
'-lzEya4AM_4_6,25,as,8.02536231884058,8.346376811594203,27,inferred_uniform_text_timing
'-lzEya4AM_4_6,26,as,8.346376811594203,8.667391304347827,28,inferred_uniform_text_timing
'-lzEya4AM_4_6,27,the,8.667391304347827,8.98840579710145,29,inferred_uniform_text_timing
'-lzEya4AM_4_6,28,product,8.98840579710145,9.309420289855073,30,inferred_uniform_text_timing
'-lzEya4AM_4_6,29,burned,9.309420289855073,9.630434782608695,32,inferred_uniform_text_timing
'-lzEya4AM_4_6,30,on,9.630434782608695,9.95144927536232,33,inferred_uniform_text_timing
'-lzEya4AM_4_6,31,the,9.95144927536232,10.272463768115943,34,inferred_uniform_text_timing
'-lzEya4AM_4_6,32,way,10.272463768115943,10.593478260869565,35,inferred_uniform_text_timing
'-lzEya4AM_4_6,33,down,10.593478260869565,10.91449275362319,36,inferred_uniform_text_timing
'-lzEya4AM_4_6,34,it,10.91449275362319,11.235507246376812,37,inferred_uniform_text_timing
'-lzEya4AM_4_6,35,could,11.235507246376812,11.556521739130435,38,inferred_uniform_text_timing
'-lzEya4AM_4_6,36,cause,11.556521739130435,11.877536231884058,39,inferred_uniform_text_timing
'-lzEya4AM_4_6,37,damage,11.877536231884058,12.19855072463768,40,inferred_uniform_text_timing
'-lzEya4AM_4_6,38,and,12.19855072463768,12.519565217391303,41,inferred_uniform_text_timing
'-lzEya4AM_4_6,39,burning,12.519565217391303,12.84057971014493,42,inferred_uniform_text_timing
'-lzEya4AM_4_6,40,on,12.84057971014493,13.161594202898552,44,inferred_uniform_text_timing
'-lzEya4AM_4_6,41,the,13.161594202898552,13.482608695652175,45,inferred_uniform_text_timing
'-lzEya4AM_4_6,42,way,13.482608695652175,13.803623188405798,46,inferred_uniform_text_timing
'-lzEya4AM_4_6,43,back,13.803623188405798,14.12463768115942,47,inferred_uniform_text_timing
'-lzEya4AM_4_6,44,up,14.12463768115942,14.445652173913043,48,inferred_uniform_text_timing
'-lzEya4AM_4_6,45,.,14.445652173913043,14.766666666666666,49,inferred_uniform_text_timing
'-mJ2ud6oKI8_1,0,There,0.0,0.46713333333333334,1,inferred_uniform_text_timing
'-mJ2ud6oKI8_1,1,are,0.46713333333333334,0.9342666666666667,5,inferred_uniform_text_timing
'-mJ2ud6oKI8_1,2,a,0.9342666666666667,1.4014000000000002,9,inferred_uniform_text_timing
'-mJ2ud6oKI8_1,3,dozen,1.4014000000000002,1.8685333333333334,13,inferred_uniform_text_timing
'-mJ2ud6oKI8_1,4,or,1.8685333333333334,2.3356666666666666,17,inferred_uniform_text_timing
'-mJ2ud6oKI8_1,5,more,2.3356666666666666,2.8028000000000004,21,inferred_uniform_text_timing
'-mJ2ud6oKI8_1,6,hands,2.8028000000000004,3.269933333333334,25,inferred_uniform_text_timing
'-mJ2ud6oKI8_1,7,on,3.269933333333334,3.7370666666666668,28,inferred_uniform_text_timing
'-mJ2ud6oKI8_1,8,techniques,3.7370666666666668,4.2042,32,inferred_uniform_text_timing
'-mJ2ud6oKI8_1,9,that,4.2042,4.671333333333333,36,inferred_uniform_text_timing
'-mJ2ud6oKI8_1,10,we,4.671333333333333,5.138466666666667,40,inferred_uniform_text_timing
'-mJ2ud6oKI8_1,11,can,5.138466666666667,5.605600000000001,44,inferred_uniform_text_timing
'-mJ2ud6oKI8_1,12,do,5.605600000000001,6.072733333333334,48,inferred_uniform_text_timing
'-mJ2ud6oKI8_2,0,So,0.0,0.5187,2,inferred_uniform_text_timing
'-mJ2ud6oKI8_2,1,physical,0.5187,1.0374,6,inferred_uniform_text_timing
'-mJ2ud6oKI8_2,2,therapists,1.0374,1.5561,11,inferred_uniform_text_timing
'-mJ2ud6oKI8_2,3,and,1.5561,2.0748,15,inferred_uniform_text_timing
'-mJ2ud6oKI8_2,4,chiropractors,2.0748,2.5935,20,inferred_uniform_text_timing
'-mJ2ud6oKI8_2,5,will,2.5935,3.1122,25,inferred_uniform_text_timing
'-mJ2ud6oKI8_2,6,do,3.1122,3.6309,29,inferred_uniform_text_timing
'-mJ2ud6oKI8_2,7,joint,3.6309,4.1496,34,inferred_uniform_text_timing
'-mJ2ud6oKI8_2,8,manipulations,4.1496,4.6683,38,inferred_uniform_text_timing
'-mJ2ud6oKI8_2,9,and,4.6683,5.187,43,inferred_uniform_text_timing
'-mJ2ud6oKI8_2,10,mobilizations,5.187,5.7057,47,inferred_uniform_text_timing
'-mJ2ud6oKI8_6,0,They,0.0,0.44711333333333336,5,inferred_uniform_text_timing
'-mJ2ud6oKI8_6,1,are,0.44711333333333336,0.8942266666666667,15,inferred_uniform_text_timing
'-mJ2ud6oKI8_6,2,all,0.8942266666666667,1.34134,25,inferred_uniform_text_timing
'-mJ2ud6oKI8_6,3,very,1.34134,1.7884533333333335,35,inferred_uniform_text_timing
'-mJ2ud6oKI8_6,4,safe,1.7884533333333335,2.2355666666666667,45,inferred_uniform_text_timing
'-mJ2ud6oKI8_9,0,It's,0.0,0.30175072463768116,1,inferred_uniform_text_timing
'-mJ2ud6oKI8_9,1,safe,0.30175072463768116,0.6035014492753623,3,inferred_uniform_text_timing
'-mJ2ud6oKI8_9,2,and,0.6035014492753623,0.9052521739130436,5,inferred_uniform_text_timing
'-mJ2ud6oKI8_9,3,the,0.9052521739130436,1.2070028985507246,7,inferred_uniform_text_timing
'-mJ2ud6oKI8_9,4,person,1.2070028985507246,1.508753623188406,9,inferred_uniform_text_timing
'-mJ2ud6oKI8_9,5,will,1.508753623188406,1.8105043478260872,11,inferred_uniform_text_timing
'-mJ2ud6oKI8_9,6,feel,1.8105043478260872,2.112255072463768,14,inferred_uniform_text_timing
'-mJ2ud6oKI8_9,7,better,2.112255072463768,2.4140057971014492,16,inferred_uniform_text_timing
'-mJ2ud6oKI8_9,8,later,2.4140057971014492,2.7157565217391304,18,inferred_uniform_text_timing
'-mJ2ud6oKI8_9,9,on,2.7157565217391304,3.017507246376812,20,inferred_uniform_text_timing
'-mJ2ud6oKI8_9,10,",",3.017507246376812,3.3192579710144927,22,inferred_uniform_text_timing
'-mJ2ud6oKI8_9,11,but,3.3192579710144927,3.6210086956521743,25,inferred_uniform_text_timing
'-mJ2ud6oKI8_9,12,it's,3.6210086956521743,3.922759420289855,27,inferred_uniform_text_timing
'-mJ2ud6oKI8_9,13,sort,3.922759420289855,4.224510144927536,29,inferred_uniform_text_timing
'-mJ2ud6oKI8_9,14,of,4.224510144927536,4.526260869565218,31,inferred_uniform_text_timing
'-mJ2ud6oKI8_9,15,like,4.526260869565218,4.8280115942028985,33,inferred_uniform_text_timing
'-mJ2ud6oKI8_9,16,flossing,4.8280115942028985,5.12976231884058,35,inferred_uniform_text_timing
'-mJ2ud6oKI8_9,17,your,5.12976231884058,5.431513043478261,38,inferred_uniform_text_timing
'-mJ2ud6oKI8_9,18,teeth,5.431513043478261,5.733263768115942,40,inferred_uniform_text_timing
'-mJ2ud6oKI8_9,19,for,5.733263768115942,6.035014492753624,42,inferred_uniform_text_timing
'-mJ2ud6oKI8_9,20,the,6.035014492753624,6.336765217391304,44,inferred_uniform_text_timing
'-mJ2ud6oKI8_9,21,first,6.336765217391304,6.638515942028985,46,inferred_uniform_text_timing
'-mJ2ud6oKI8_9,22,time,6.638515942028985,6.940266666666667,48,inferred_uniform_text_timing
'-mJ2ud6oKI8_8,0,Sometimes,0.0,0.37916666666666665,2,inferred_uniform_text_timing
'-mJ2ud6oKI8_8,1,we,0.37916666666666665,0.7583333333333333,6,inferred_uniform_text_timing
'-mJ2ud6oKI8_8,2,have,0.7583333333333333,1.1375,11,inferred_uniform_text_timing
'-mJ2ud6oKI8_8,3,to,1.1375,1.5166666666666666,15,inferred_uniform_text_timing
'-mJ2ud6oKI8_8,4,stretch,1.5166666666666666,1.8958333333333335,20,inferred_uniform_text_timing
'-mJ2ud6oKI8_8,5,that,1.8958333333333335,2.275,25,inferred_uniform_text_timing
'-mJ2ud6oKI8_8,6,joint,2.275,2.654166666666667,29,inferred_uniform_text_timing
'-mJ2ud6oKI8_8,7,that,2.654166666666667,3.033333333333333,34,inferred_uniform_text_timing
'-mJ2ud6oKI8_8,8,is,3.033333333333333,3.4125,38,inferred_uniform_text_timing
'-mJ2ud6oKI8_8,9,already,3.4125,3.791666666666667,43,inferred_uniform_text_timing
'-mJ2ud6oKI8_8,10,irritated,3.791666666666667,4.170833333333333,47,inferred_uniform_text_timing
'-mqbVkbCndg_0,0,How,0.0,0.3803921568627451,1,inferred_uniform_text_timing
'-mqbVkbCndg_0,1,",",0.3803921568627451,0.7607843137254902,4,inferred_uniform_text_timing
'-mqbVkbCndg_0,2,at,0.7607843137254902,1.1411764705882352,7,inferred_uniform_text_timing
'-mqbVkbCndg_0,3,a,1.1411764705882352,1.5215686274509803,10,inferred_uniform_text_timing
'-mqbVkbCndg_0,4,particular,1.5215686274509803,1.9019607843137256,13,inferred_uniform_text_timing
'-mqbVkbCndg_0,5,moment,1.9019607843137256,2.2823529411764705,16,inferred_uniform_text_timing
'-mqbVkbCndg_0,6,in,2.2823529411764705,2.6627450980392156,19,inferred_uniform_text_timing
'-mqbVkbCndg_0,7,time,2.6627450980392156,3.0431372549019606,22,inferred_uniform_text_timing
'-mqbVkbCndg_0,8,—,3.0431372549019606,3.423529411764706,25,inferred_uniform_text_timing
'-mqbVkbCndg_0,9,our,3.423529411764706,3.8039215686274512,27,inferred_uniform_text_timing
'-mqbVkbCndg_0,10,moment,3.8039215686274512,4.184313725490196,30,inferred_uniform_text_timing
'-mqbVkbCndg_0,11,in,4.184313725490196,4.564705882352941,33,inferred_uniform_text_timing
'-mqbVkbCndg_0,12,time,4.564705882352941,4.9450980392156865,36,inferred_uniform_text_timing
'-mqbVkbCndg_0,13,—,4.9450980392156865,5.325490196078431,39,inferred_uniform_text_timing
'-mqbVkbCndg_0,14,are,5.325490196078431,5.705882352941177,42,inferred_uniform_text_timing
'-mqbVkbCndg_0,15,they,5.705882352941177,6.086274509803921,45,inferred_uniform_text_timing
'-mqbVkbCndg_0,16,limited,6.086274509803921,6.466666666666667,48,inferred_uniform_text_timing
'-t217m2on-s_2,0,But,0.0,0.40476190476190477,1,inferred_uniform_text_timing
'-t217m2on-s_2,1,a,0.40476190476190477,0.8095238095238095,5,inferred_uniform_text_timing
'-t217m2on-s_2,2,good,0.8095238095238095,1.2142857142857142,8,inferred_uniform_text_timing
'-t217m2on-s_2,3,thing,1.2142857142857142,1.619047619047619,12,inferred_uniform_text_timing
'-t217m2on-s_2,4,to,1.619047619047619,2.023809523809524,16,inferred_uniform_text_timing
'-t217m2on-s_2,5,do,2.023809523809524,2.4285714285714284,19,inferred_uniform_text_timing
'-t217m2on-s_2,6,is,2.4285714285714284,2.8333333333333335,23,inferred_uniform_text_timing
'-t217m2on-s_2,7,yawning,2.8333333333333335,3.238095238095238,26,inferred_uniform_text_timing
'-t217m2on-s_2,8,",",3.238095238095238,3.642857142857143,30,inferred_uniform_text_timing
'-t217m2on-s_2,9,chewing,3.642857142857143,4.047619047619048,33,inferred_uniform_text_timing
'-t217m2on-s_2,10,gum,4.047619047619048,4.4523809523809526,37,inferred_uniform_text_timing
'-t217m2on-s_2,11,is,4.4523809523809526,4.857142857142857,41,inferred_uniform_text_timing
'-t217m2on-s_2,12,effective,4.857142857142857,5.261904761904762,44,inferred_uniform_text_timing
'-t217m2on-s_2,13,.,5.261904761904762,5.666666666666667,48,inferred_uniform_text_timing
'-t217m2on-s_7,0,If,0.0,0.35555555555555557,0,inferred_uniform_text_timing
'-t217m2on-s_7,1,you,0.35555555555555557,0.7111111111111111,1,inferred_uniform_text_timing
'-t217m2on-s_7,2,find,0.7111111111111111,1.0666666666666667,2,inferred_uniform_text_timing
'-t217m2on-s_7,3,that,1.0666666666666667,1.4222222222222223,3,inferred_uniform_text_timing
'-t217m2on-s_7,4,your,1.4222222222222223,1.7777777777777777,4,inferred_uniform_text_timing
'-t217m2on-s_7,5,ears,1.7777777777777777,2.1333333333333333,5,inferred_uniform_text_timing
'-t217m2on-s_7,6,consistently,2.1333333333333333,2.488888888888889,6,inferred_uniform_text_timing
'-t217m2on-s_7,7,do,2.488888888888889,2.8444444444444446,7,inferred_uniform_text_timing
'-t217m2on-s_7,8,this,2.8444444444444446,3.1999999999999997,8,inferred_uniform_text_timing
'-t217m2on-s_7,9,and,3.1999999999999997,3.5555555555555554,9,inferred_uniform_text_timing
'-t217m2on-s_7,10,you,3.5555555555555554,3.911111111111111,10,inferred_uniform_text_timing
'-t217m2on-s_7,11,can't,3.911111111111111,4.266666666666667,11,inferred_uniform_text_timing
'-t217m2on-s_7,12,pop,4.266666666666667,4.622222222222223,13,inferred_uniform_text_timing
'-t217m2on-s_7,13,them,4.622222222222223,4.977777777777778,14,inferred_uniform_text_timing
'-t217m2on-s_7,14,often,4.977777777777778,5.333333333333333,15,inferred_uniform_text_timing
'-t217m2on-s_7,15,",",5.333333333333333,5.688888888888889,16,inferred_uniform_text_timing
'-t217m2on-s_7,16,you'll,5.688888888888889,6.044444444444444,17,inferred_uniform_text_timing
'-t217m2on-s_7,17,definitely,6.044444444444444,6.3999999999999995,18,inferred_uniform_text_timing
'-t217m2on-s_7,18,need,6.3999999999999995,6.7555555555555555,19,inferred_uniform_text_timing
'-t217m2on-s_7,19,to,6.7555555555555555,7.111111111111111,20,inferred_uniform_text_timing
'-t217m2on-s_7,20,see,7.111111111111111,7.466666666666666,21,inferred_uniform_text_timing
'-t217m2on-s_7,21,a,7.466666666666666,7.822222222222222,22,inferred_uniform_text_timing
'-t217m2on-s_7,22,physician,7.822222222222222,8.177777777777777,23,inferred_uniform_text_timing
'-t217m2on-s_7,23,regarding,8.177777777777777,8.533333333333333,24,inferred_uniform_text_timing
'-t217m2on-s_7,24,those,8.533333333333333,8.88888888888889,25,inferred_uniform_text_timing
'-t217m2on-s_7,25,things,8.88888888888889,9.244444444444445,26,inferred_uniform_text_timing
'-t217m2on-s_7,26,",",9.244444444444445,9.6,27,inferred_uniform_text_timing
'-t217m2on-s_7,27,it,9.6,9.955555555555556,28,inferred_uniform_text_timing
'-t217m2on-s_7,28,could,9.955555555555556,10.311111111111112,29,inferred_uniform_text_timing
'-t217m2on-s_7,29,be,10.311111111111112,10.666666666666666,30,inferred_uniform_text_timing
'-t217m2on-s_7,30,something,10.666666666666666,11.02222222222222,31,inferred_uniform_text_timing
'-t217m2on-s_7,31,more,11.02222222222222,11.377777777777778,32,inferred_uniform_text_timing
'-t217m2on-s_7,32,of,11.377777777777778,11.733333333333334,33,inferred_uniform_text_timing
'-t217m2on-s_7,33,a,11.733333333333334,12.088888888888889,34,inferred_uniform_text_timing
'-t217m2on-s_7,34,nasal,12.088888888888889,12.444444444444445,35,inferred_uniform_text_timing
'-t217m2on-s_7,35,infection,12.444444444444445,12.799999999999999,36,inferred_uniform_text_timing
'-t217m2on-s_7,36,or,12.799999999999999,13.155555555555557,38,inferred_uniform_text_timing
'-t217m2on-s_7,37,a,13.155555555555557,13.511111111111111,39,inferred_uniform_text_timing
'-t217m2on-s_7,38,sinus,13.511111111111111,13.866666666666667,40,inferred_uniform_text_timing
'-t217m2on-s_7,39,infection,13.866666666666667,14.222222222222221,41,inferred_uniform_text_timing
'-t217m2on-s_7,40,that,14.222222222222221,14.577777777777778,42,inferred_uniform_text_timing
'-t217m2on-s_7,41,he,14.577777777777778,14.933333333333332,43,inferred_uniform_text_timing
'-t217m2on-s_7,42,would,14.933333333333332,15.28888888888889,44,inferred_uniform_text_timing
'-t217m2on-s_7,43,need,15.28888888888889,15.644444444444444,45,inferred_uniform_text_timing
'-t217m2on-s_7,44,to,15.644444444444444,16.0,46,inferred_uniform_text_timing
'-t217m2on-s_7,45,deal,16.0,16.355555555555554,47,inferred_uniform_text_timing
'-t217m2on-s_7,46,with,16.355555555555554,16.711111111111112,48,inferred_uniform_text_timing
'-t217m2on-s_7,47,.,16.711111111111112,17.066666666666666,49,inferred_uniform_text_timing
'-tANM6ETl_M_3,0,The,0.0,0.26666666666666666,1,inferred_uniform_text_timing
'-tANM6ETl_M_3,1,first,0.26666666666666666,0.5333333333333333,3,inferred_uniform_text_timing
'-tANM6ETl_M_3,2,place,0.5333333333333333,0.8,5,inferred_uniform_text_timing
'-tANM6ETl_M_3,3,is,0.8,1.0666666666666667,6,inferred_uniform_text_timing
'-tANM6ETl_M_3,4,either,1.0666666666666667,1.3333333333333335,9,inferred_uniform_text_timing
'-tANM6ETl_M_3,5,you,1.3333333333333335,1.6,11,inferred_uniform_text_timing
'-tANM6ETl_M_3,6,have,1.6,1.866666666666667,13,inferred_uniform_text_timing
'-tANM6ETl_M_3,7,a,1.866666666666667,2.1333333333333333,15,inferred_uniform_text_timing
'-tANM6ETl_M_3,8,prospect,2.1333333333333333,2.4,17,inferred_uniform_text_timing
'-tANM6ETl_M_3,9,",",2.4,2.666666666666667,18,inferred_uniform_text_timing
'-tANM6ETl_M_3,10,or,2.666666666666667,2.9333333333333336,21,inferred_uniform_text_timing
'-tANM6ETl_M_3,11,a,2.9333333333333336,3.2,23,inferred_uniform_text_timing
'-tANM6ETl_M_3,12,customer,3.2,3.466666666666667,25,inferred_uniform_text_timing
'-tANM6ETl_M_3,13,who's,3.466666666666667,3.733333333333334,27,inferred_uniform_text_timing
'-tANM6ETl_M_3,14,never,3.733333333333334,4.0,29,inferred_uniform_text_timing
'-tANM6ETl_M_3,15,done,4.0,4.266666666666667,30,inferred_uniform_text_timing
'-tANM6ETl_M_3,16,it,4.266666666666667,4.533333333333334,33,inferred_uniform_text_timing
'-tANM6ETl_M_3,17,before,4.533333333333334,4.8,35,inferred_uniform_text_timing
'-tANM6ETl_M_3,18,",",4.8,5.066666666666666,37,inferred_uniform_text_timing
'-tANM6ETl_M_3,19,or,5.066666666666666,5.333333333333334,39,inferred_uniform_text_timing
'-tANM6ETl_M_3,20,they've,5.333333333333334,5.6,41,inferred_uniform_text_timing
'-tANM6ETl_M_3,21,never,5.6,5.866666666666667,43,inferred_uniform_text_timing
'-tANM6ETl_M_3,22,tried,5.866666666666667,6.133333333333334,44,inferred_uniform_text_timing
'-tANM6ETl_M_3,23,it,6.133333333333334,6.4,47,inferred_uniform_text_timing
'-tANM6ETl_M_3,24,.,6.4,6.666666666666668,49,inferred_uniform_text_timing
'-tPCytz4rww_11,0,Make,0.0,0.28771929824561404,1,inferred_uniform_text_timing
'-tPCytz4rww_11,1,sure,0.28771929824561404,0.5754385964912281,3,inferred_uniform_text_timing
'-tPCytz4rww_11,2,that,0.5754385964912281,0.863157894736842,6,inferred_uniform_text_timing
'-tPCytz4rww_11,3,your,0.863157894736842,1.1508771929824562,9,inferred_uniform_text_timing
'-tPCytz4rww_11,4,using,1.1508771929824562,1.4385964912280702,11,inferred_uniform_text_timing
'-tPCytz4rww_11,5,comps,1.4385964912280702,1.726315789473684,14,inferred_uniform_text_timing
'-tPCytz4rww_11,6,that,1.726315789473684,2.0140350877192983,17,inferred_uniform_text_timing
'-tPCytz4rww_11,7,are,2.0140350877192983,2.3017543859649123,19,inferred_uniform_text_timing
'-tPCytz4rww_11,8,not,2.3017543859649123,2.5894736842105264,22,inferred_uniform_text_timing
'-tPCytz4rww_11,9,larger,2.5894736842105264,2.8771929824561404,25,inferred_uniform_text_timing
'-tPCytz4rww_11,10,",",2.8771929824561404,3.1649122807017545,27,inferred_uniform_text_timing
'-tPCytz4rww_11,11,no,3.1649122807017545,3.452631578947368,30,inferred_uniform_text_timing
'-tPCytz4rww_11,12,larger,3.452631578947368,3.740350877192982,32,inferred_uniform_text_timing
'-tPCytz4rww_11,13,than,3.740350877192982,4.028070175438597,35,inferred_uniform_text_timing
'-tPCytz4rww_11,14,twelve,4.028070175438597,4.315789473684211,38,inferred_uniform_text_timing
'-tPCytz4rww_11,15,hundred,4.315789473684211,4.603508771929825,40,inferred_uniform_text_timing
'-tPCytz4rww_11,16,square,4.603508771929825,4.891228070175439,43,inferred_uniform_text_timing
'-tPCytz4rww_11,17,feet,4.891228070175439,5.178947368421053,46,inferred_uniform_text_timing
'-tPCytz4rww_11,18,.,5.178947368421053,5.466666666666667,48,inferred_uniform_text_timing
'-tPCytz4rww_10,0,Say,0.0,0.3641025641025641,1,inferred_uniform_text_timing
'-tPCytz4rww_10,1,twenty,0.3641025641025641,0.7282051282051282,5,inferred_uniform_text_timing
'-tPCytz4rww_10,2,percent,0.7282051282051282,1.0923076923076922,9,inferred_uniform_text_timing
'-tPCytz4rww_10,3,so,1.0923076923076922,1.4564102564102563,13,inferred_uniform_text_timing
'-tPCytz4rww_10,4,if,1.4564102564102563,1.8205128205128207,17,inferred_uniform_text_timing
'-tPCytz4rww_10,5,you've,1.8205128205128207,2.1846153846153844,21,inferred_uniform_text_timing
'-tPCytz4rww_10,6,got,2.1846153846153844,2.5487179487179485,24,inferred_uniform_text_timing
'-tPCytz4rww_10,7,a,2.5487179487179485,2.9128205128205127,28,inferred_uniform_text_timing
'-tPCytz4rww_10,8,thousand,2.9128205128205127,3.276923076923077,32,inferred_uniform_text_timing
'-tPCytz4rww_10,9,square,3.276923076923077,3.6410256410256414,36,inferred_uniform_text_timing
'-tPCytz4rww_10,10,foot,3.6410256410256414,4.005128205128205,40,inferred_uniform_text_timing
'-tPCytz4rww_10,11,condo,4.005128205128205,4.369230769230769,44,inferred_uniform_text_timing
'-tPCytz4rww_10,12,.,4.369230769230769,4.733333333333333,48,inferred_uniform_text_timing
'-tPCytz4rww_12,0,No,0.0,0.42023809523809524,0,inferred_uniform_text_timing
'-tPCytz4rww_12,1,less,0.42023809523809524,0.8404761904761905,2,inferred_uniform_text_timing
'-tPCytz4rww_12,2,than,0.8404761904761905,1.260714285714286,4,inferred_uniform_text_timing
'-tPCytz4rww_12,3,eight,1.260714285714286,1.680952380952381,6,inferred_uniform_text_timing
'-tPCytz4rww_12,4,hundred,1.680952380952381,2.1011904761904763,8,inferred_uniform_text_timing
'-tPCytz4rww_12,5,squire,2.1011904761904763,2.521428571428572,9,inferred_uniform_text_timing
'-tPCytz4rww_12,6,feet,2.521428571428572,2.941666666666667,11,inferred_uniform_text_timing
'-tPCytz4rww_12,7,and,2.941666666666667,3.361904761904762,13,inferred_uniform_text_timing
'-tPCytz4rww_12,8,going,3.361904761904762,3.7821428571428575,15,inferred_uniform_text_timing
'-tPCytz4rww_12,9,to,3.7821428571428575,4.2023809523809526,16,inferred_uniform_text_timing
'-tPCytz4rww_12,10,similar,4.2023809523809526,4.622619047619048,18,inferred_uniform_text_timing
'-tPCytz4rww_12,11,in,4.622619047619048,5.042857142857144,20,inferred_uniform_text_timing
'-tPCytz4rww_12,12,",",5.042857142857144,5.463095238095238,22,inferred_uniform_text_timing
'-tPCytz4rww_12,13,similar,5.463095238095238,5.883333333333334,24,inferred_uniform_text_timing
'-tPCytz4rww_12,14,with,5.883333333333334,6.303571428571429,25,inferred_uniform_text_timing
'-tPCytz4rww_12,15,bedrooms,6.303571428571429,6.723809523809524,27,inferred_uniform_text_timing
'-tPCytz4rww_12,16,and,6.723809523809524,7.14404761904762,29,inferred_uniform_text_timing
'-tPCytz4rww_12,17,bathrooms,7.14404761904762,7.564285714285715,31,inferred_uniform_text_timing
'-tPCytz4rww_12,18,as,7.564285714285715,7.98452380952381,33,inferred_uniform_text_timing
'-tPCytz4rww_12,19,well,7.98452380952381,8.404761904761905,34,inferred_uniform_text_timing
'-tPCytz4rww_12,20,and,8.404761904761905,8.825000000000001,36,inferred_uniform_text_timing
'-tPCytz4rww_12,21,hopefully,8.825000000000001,9.245238095238095,38,inferred_uniform_text_timing
'-tPCytz4rww_12,22,the,9.245238095238095,9.66547619047619,40,inferred_uniform_text_timing
'-tPCytz4rww_12,23,complexes,9.66547619047619,10.085714285714287,41,inferred_uniform_text_timing
'-tPCytz4rww_12,24,have,10.085714285714287,10.505952380952381,43,inferred_uniform_text_timing
'-tPCytz4rww_12,25,similar,10.505952380952381,10.926190476190476,45,inferred_uniform_text_timing
'-tPCytz4rww_12,26,amenities,10.926190476190476,11.346428571428573,47,inferred_uniform_text_timing
'-tPCytz4rww_12,27,.,11.346428571428573,11.766666666666667,49,inferred_uniform_text_timing
'-tPCytz4rww_16,0,So,0.0,0.4235294117647059,1,inferred_uniform_text_timing
'-tPCytz4rww_16,1,make,0.4235294117647059,0.8470588235294118,4,inferred_uniform_text_timing
'-tPCytz4rww_16,2,sure,0.8470588235294118,1.2705882352941178,7,inferred_uniform_text_timing
'-tPCytz4rww_16,3,to,1.2705882352941178,1.6941176470588235,10,inferred_uniform_text_timing
'-tPCytz4rww_16,4,get,1.6941176470588235,2.1176470588235294,13,inferred_uniform_text_timing
'-tPCytz4rww_16,5,a,2.1176470588235294,2.5411764705882356,16,inferred_uniform_text_timing
'-tPCytz4rww_16,6,through,2.5411764705882356,2.9647058823529413,19,inferred_uniform_text_timing
'-tPCytz4rww_16,7,or,2.9647058823529413,3.388235294117647,22,inferred_uniform_text_timing
'-tPCytz4rww_16,8,to,3.388235294117647,3.8117647058823527,24,inferred_uniform_text_timing
'-tPCytz4rww_16,9,do,3.8117647058823527,4.235294117647059,27,inferred_uniform_text_timing
'-tPCytz4rww_16,10,a,4.235294117647059,4.658823529411765,30,inferred_uniform_text_timing
'-tPCytz4rww_16,11,through,4.658823529411765,5.082352941176471,33,inferred_uniform_text_timing
'-tPCytz4rww_16,12,cleaning,5.082352941176471,5.505882352941177,36,inferred_uniform_text_timing
'-tPCytz4rww_16,13,of,5.505882352941177,5.929411764705883,39,inferred_uniform_text_timing
'-tPCytz4rww_16,14,the,5.929411764705883,6.352941176470588,42,inferred_uniform_text_timing
'-tPCytz4rww_16,15,property,6.352941176470588,6.776470588235294,45,inferred_uniform_text_timing
'-tPCytz4rww_16,16,.,6.776470588235294,7.2,48,inferred_uniform_text_timing
'-tPCytz4rww_18,0,Do,0.0,0.39019607843137255,1,inferred_uniform_text_timing
'-tPCytz4rww_18,1,so,0.39019607843137255,0.7803921568627451,4,inferred_uniform_text_timing
'-tPCytz4rww_18,2,and,0.7803921568627451,1.1705882352941177,7,inferred_uniform_text_timing
'-tPCytz4rww_18,3,as,1.1705882352941177,1.5607843137254902,10,inferred_uniform_text_timing
'-tPCytz4rww_18,4,well,1.5607843137254902,1.950980392156863,13,inferred_uniform_text_timing
'-tPCytz4rww_18,5,you'll,1.950980392156863,2.3411764705882354,16,inferred_uniform_text_timing
'-tPCytz4rww_18,6,also,2.3411764705882354,2.731372549019608,19,inferred_uniform_text_timing
'-tPCytz4rww_18,7,want,2.731372549019608,3.1215686274509804,22,inferred_uniform_text_timing
'-tPCytz4rww_18,8,to,3.1215686274509804,3.511764705882353,24,inferred_uniform_text_timing
'-tPCytz4rww_18,9,remove,3.511764705882353,3.901960784313726,27,inferred_uniform_text_timing
'-tPCytz4rww_18,10,any,3.901960784313726,4.292156862745098,30,inferred_uniform_text_timing
'-tPCytz4rww_18,11,clutter,4.292156862745098,4.682352941176471,33,inferred_uniform_text_timing
'-tPCytz4rww_18,12,from,4.682352941176471,5.072549019607843,36,inferred_uniform_text_timing
'-tPCytz4rww_18,13,that,5.072549019607843,5.462745098039216,39,inferred_uniform_text_timing
'-tPCytz4rww_18,14,you've,5.462745098039216,5.852941176470588,42,inferred_uniform_text_timing
'-tPCytz4rww_18,15,accumulated,5.852941176470588,6.243137254901961,45,inferred_uniform_text_timing
'-tPCytz4rww_18,16,.,6.243137254901961,6.633333333333334,48,inferred_uniform_text_timing
'-vxjVxOeScU_4,0,You're,0.0,0.3942028985507246,1,inferred_uniform_text_timing
'-vxjVxOeScU_4,1,going,0.3942028985507246,0.7884057971014492,3,inferred_uniform_text_timing
'-vxjVxOeScU_4,2,to,0.7884057971014492,1.182608695652174,5,inferred_uniform_text_timing
'-vxjVxOeScU_4,3,talk,1.182608695652174,1.5768115942028984,7,inferred_uniform_text_timing
'-vxjVxOeScU_4,4,about,1.5768115942028984,1.971014492753623,9,inferred_uniform_text_timing
'-vxjVxOeScU_4,5,their,1.971014492753623,2.365217391304348,11,inferred_uniform_text_timing
'-vxjVxOeScU_4,6,life,2.365217391304348,2.7594202898550724,14,inferred_uniform_text_timing
'-vxjVxOeScU_4,7,",",2.7594202898550724,3.153623188405797,16,inferred_uniform_text_timing
'-vxjVxOeScU_4,8,their,3.153623188405797,3.5478260869565217,18,inferred_uniform_text_timing
'-vxjVxOeScU_4,9,marriage,3.5478260869565217,3.942028985507246,20,inferred_uniform_text_timing
'-vxjVxOeScU_4,10,and,3.942028985507246,4.336231884057971,22,inferred_uniform_text_timing
'-vxjVxOeScU_4,11,usually,4.336231884057971,4.730434782608696,25,inferred_uniform_text_timing
'-vxjVxOeScU_4,12,how,4.730434782608696,5.12463768115942,27,inferred_uniform_text_timing
'-vxjVxOeScU_4,13,amazing,5.12463768115942,5.518840579710145,29,inferred_uniform_text_timing
'-vxjVxOeScU_4,14,it,5.518840579710145,5.913043478260869,31,inferred_uniform_text_timing
'-vxjVxOeScU_4,15,is,5.913043478260869,6.307246376811594,33,inferred_uniform_text_timing
'-vxjVxOeScU_4,16,that,6.307246376811594,6.701449275362319,35,inferred_uniform_text_timing
'-vxjVxOeScU_4,17,they've,6.701449275362319,7.095652173913043,38,inferred_uniform_text_timing
'-vxjVxOeScU_4,18,stayed,7.095652173913043,7.489855072463768,40,inferred_uniform_text_timing
'-vxjVxOeScU_4,19,together,7.489855072463768,7.884057971014492,42,inferred_uniform_text_timing
'-vxjVxOeScU_4,20,this,7.884057971014492,8.278260869565218,44,inferred_uniform_text_timing
'-vxjVxOeScU_4,21,long,8.278260869565218,8.672463768115943,46,inferred_uniform_text_timing
'-vxjVxOeScU_4,22,.,8.672463768115943,9.066666666666666,48,inferred_uniform_text_timing
'-wMB_hJL-3o_7,0,So,0.0,0.26231884057971017,1,inferred_uniform_text_timing
'-wMB_hJL-3o_7,1,if,0.26231884057971017,0.5246376811594203,3,inferred_uniform_text_timing
'-wMB_hJL-3o_7,2,you,0.5246376811594203,0.7869565217391304,5,inferred_uniform_text_timing
'-wMB_hJL-3o_7,3,have,0.7869565217391304,1.0492753623188407,7,inferred_uniform_text_timing
'-wMB_hJL-3o_7,4,a,1.0492753623188407,1.3115942028985506,9,inferred_uniform_text_timing
'-wMB_hJL-3o_7,5,loved,1.3115942028985506,1.5739130434782609,11,inferred_uniform_text_timing
'-wMB_hJL-3o_7,6,one,1.5739130434782609,1.836231884057971,14,inferred_uniform_text_timing
'-wMB_hJL-3o_7,7,who,1.836231884057971,2.0985507246376813,16,inferred_uniform_text_timing
'-wMB_hJL-3o_7,8,is,2.0985507246376813,2.360869565217391,18,inferred_uniform_text_timing
'-wMB_hJL-3o_7,9,depressed,2.360869565217391,2.623188405797101,20,inferred_uniform_text_timing
'-wMB_hJL-3o_7,10,those,2.623188405797101,2.8855072463768114,22,inferred_uniform_text_timing
'-wMB_hJL-3o_7,11,are,2.8855072463768114,3.1478260869565218,25,inferred_uniform_text_timing
'-wMB_hJL-3o_7,12,some,3.1478260869565218,3.410144927536232,27,inferred_uniform_text_timing
'-wMB_hJL-3o_7,13,of,3.410144927536232,3.672463768115942,29,inferred_uniform_text_timing
'-wMB_hJL-3o_7,14,the,3.672463768115942,3.9347826086956523,31,inferred_uniform_text_timing
'-wMB_hJL-3o_7,15,things,3.9347826086956523,4.197101449275363,33,inferred_uniform_text_timing
'-wMB_hJL-3o_7,16,that,4.197101449275363,4.459420289855072,35,inferred_uniform_text_timing
'-wMB_hJL-3o_7,17,you,4.459420289855072,4.721739130434782,38,inferred_uniform_text_timing
'-wMB_hJL-3o_7,18,should,4.721739130434782,4.984057971014493,40,inferred_uniform_text_timing
'-wMB_hJL-3o_7,19,think,4.984057971014493,5.246376811594202,42,inferred_uniform_text_timing
'-wMB_hJL-3o_7,20,about,5.246376811594202,5.508695652173913,44,inferred_uniform_text_timing
'-wMB_hJL-3o_7,21,doing,5.508695652173913,5.771014492753623,46,inferred_uniform_text_timing
'-wMB_hJL-3o_7,22,.,5.771014492753623,6.033333333333332,48,inferred_uniform_text_timing
'-wny0OAz3g8_1,0,And,0.0,0.24404761904761904,0,inferred_uniform_text_timing
'-wny0OAz3g8_1,1,because,0.24404761904761904,0.4880952380952381,2,inferred_uniform_text_timing
'-wny0OAz3g8_1,2,they,0.4880952380952381,0.7321428571428571,4,inferred_uniform_text_timing
'-wny0OAz3g8_1,3,couldn,0.7321428571428571,0.9761904761904762,6,inferred_uniform_text_timing
'-wny0OAz3g8_1,4,’,0.9761904761904762,1.2202380952380951,8,inferred_uniform_text_timing
'-wny0OAz3g8_1,5,t,1.2202380952380951,1.4642857142857142,9,inferred_uniform_text_timing
'-wny0OAz3g8_1,6,join,1.4642857142857142,1.7083333333333333,11,inferred_uniform_text_timing
'-wny0OAz3g8_1,7,unions,1.7083333333333333,1.9523809523809523,13,inferred_uniform_text_timing
'-wny0OAz3g8_1,8,",",1.9523809523809523,2.1964285714285716,15,inferred_uniform_text_timing
'-wny0OAz3g8_1,9,many,2.1964285714285716,2.4404761904761902,16,inferred_uniform_text_timing
'-wny0OAz3g8_1,10,Black,2.4404761904761902,2.6845238095238093,18,inferred_uniform_text_timing
'-wny0OAz3g8_1,11,workers,2.6845238095238093,2.9285714285714284,20,inferred_uniform_text_timing
'-wny0OAz3g8_1,12,couldn,2.9285714285714284,3.1726190476190474,22,inferred_uniform_text_timing
'-wny0OAz3g8_1,13,’,3.1726190476190474,3.4166666666666665,24,inferred_uniform_text_timing
'-wny0OAz3g8_1,14,t,3.4166666666666665,3.6607142857142856,25,inferred_uniform_text_timing
'-wny0OAz3g8_1,15,get,3.6607142857142856,3.9047619047619047,27,inferred_uniform_text_timing
'-wny0OAz3g8_1,16,manufacturing,3.9047619047619047,4.148809523809524,29,inferred_uniform_text_timing
'-wny0OAz3g8_1,17,or,4.148809523809524,4.392857142857143,31,inferred_uniform_text_timing
'-wny0OAz3g8_1,18,trade,4.392857142857143,4.636904761904761,33,inferred_uniform_text_timing
'-wny0OAz3g8_1,19,work,4.636904761904761,4.8809523809523805,34,inferred_uniform_text_timing
'-wny0OAz3g8_1,20,–,4.8809523809523805,5.125,36,inferred_uniform_text_timing
'-wny0OAz3g8_1,21,which,5.125,5.369047619047619,38,inferred_uniform_text_timing
'-wny0OAz3g8_1,22,paid,5.369047619047619,5.613095238095238,40,inferred_uniform_text_timing
'-wny0OAz3g8_1,23,much,5.613095238095238,5.857142857142857,41,inferred_uniform_text_timing
'-wny0OAz3g8_1,24,better,5.857142857142857,6.101190476190475,43,inferred_uniform_text_timing
'-wny0OAz3g8_1,25,than,6.101190476190475,6.345238095238095,45,inferred_uniform_text_timing
'-wny0OAz3g8_1,26,service,6.345238095238095,6.589285714285714,47,inferred_uniform_text_timing
'-wny0OAz3g8_1,27,work,6.589285714285714,6.833333333333333,49,inferred_uniform_text_timing
'-wny0OAz3g8_0,0,trade,0.0,0.30303030303030304,2,inferred_uniform_text_timing
'-wny0OAz3g8_0,1,labor,0.30303030303030304,0.6060606060606061,6,inferred_uniform_text_timing
'-wny0OAz3g8_0,2,unions,0.6060606060606061,0.9090909090909091,11,inferred_uniform_text_timing
'-wny0OAz3g8_0,3,didn,0.9090909090909091,1.2121212121212122,15,inferred_uniform_text_timing
'-wny0OAz3g8_0,4,’,1.2121212121212122,1.5151515151515154,20,inferred_uniform_text_timing
'-wny0OAz3g8_0,5,t,1.5151515151515154,1.8181818181818181,25,inferred_uniform_text_timing
'-wny0OAz3g8_0,6,allow,1.8181818181818181,2.1212121212121215,29,inferred_uniform_text_timing
'-wny0OAz3g8_0,7,Black,2.1212121212121215,2.4242424242424243,34,inferred_uniform_text_timing
'-wny0OAz3g8_0,8,workers,2.4242424242424243,2.727272727272727,38,inferred_uniform_text_timing
'-wny0OAz3g8_0,9,to,2.727272727272727,3.0303030303030307,43,inferred_uniform_text_timing
'-wny0OAz3g8_0,10,join,3.0303030303030307,3.333333333333334,47,inferred_uniform_text_timing
'-wny0OAz3g8_3,0,Which,0.0,0.3066666666666667,1,inferred_uniform_text_timing
'-wny0OAz3g8_3,1,then,0.3066666666666667,0.6133333333333334,3,inferred_uniform_text_timing
'-wny0OAz3g8_3,2,allowed,0.6133333333333334,0.9200000000000002,6,inferred_uniform_text_timing
'-wny0OAz3g8_3,3,the,0.9200000000000002,1.2266666666666668,8,inferred_uniform_text_timing
'-wny0OAz3g8_3,4,white,1.2266666666666668,1.5333333333333334,11,inferred_uniform_text_timing
'-wny0OAz3g8_3,5,workers,1.5333333333333334,1.8400000000000003,13,inferred_uniform_text_timing
'-wny0OAz3g8_3,6,and,1.8400000000000003,2.146666666666667,16,inferred_uniform_text_timing
'-wny0OAz3g8_3,7,unions,2.146666666666667,2.4533333333333336,18,inferred_uniform_text_timing
'-wny0OAz3g8_3,8,to,2.4533333333333336,2.7600000000000002,21,inferred_uniform_text_timing
'-wny0OAz3g8_3,9,justify,2.7600000000000002,3.066666666666667,23,inferred_uniform_text_timing
'-wny0OAz3g8_3,10,their,3.066666666666667,3.3733333333333335,26,inferred_uniform_text_timing
'-wny0OAz3g8_3,11,decision,3.3733333333333335,3.6800000000000006,28,inferred_uniform_text_timing
'-wny0OAz3g8_3,12,to,3.6800000000000006,3.986666666666667,31,inferred_uniform_text_timing
'-wny0OAz3g8_3,13,not,3.986666666666667,4.293333333333334,33,inferred_uniform_text_timing
'-wny0OAz3g8_3,14,allow,4.293333333333334,4.6,36,inferred_uniform_text_timing
'-wny0OAz3g8_3,15,black,4.6,4.906666666666667,38,inferred_uniform_text_timing
'-wny0OAz3g8_3,16,workers,4.906666666666667,5.213333333333334,41,inferred_uniform_text_timing
'-wny0OAz3g8_3,17,into,5.213333333333334,5.5200000000000005,43,inferred_uniform_text_timing
'-wny0OAz3g8_3,18,their,5.5200000000000005,5.826666666666667,46,inferred_uniform_text_timing
'-wny0OAz3g8_3,19,union,5.826666666666667,6.133333333333334,48,inferred_uniform_text_timing
'-wny0OAz3g8_2,0,And,0.0,0.23452380952380952,0,inferred_uniform_text_timing
'-wny0OAz3g8_2,1,because,0.23452380952380952,0.46904761904761905,2,inferred_uniform_text_timing
'-wny0OAz3g8_2,2,they,0.46904761904761905,0.7035714285714285,4,inferred_uniform_text_timing
'-wny0OAz3g8_2,3,couldn,0.7035714285714285,0.9380952380952381,6,inferred_uniform_text_timing
'-wny0OAz3g8_2,4,’,0.9380952380952381,1.1726190476190474,8,inferred_uniform_text_timing
'-wny0OAz3g8_2,5,t,1.1726190476190474,1.407142857142857,9,inferred_uniform_text_timing
'-wny0OAz3g8_2,6,get,1.407142857142857,1.6416666666666668,11,inferred_uniform_text_timing
'-wny0OAz3g8_2,7,these,1.6416666666666668,1.8761904761904762,13,inferred_uniform_text_timing
'-wny0OAz3g8_2,8,jobs,1.8761904761904762,2.1107142857142853,15,inferred_uniform_text_timing
'-wny0OAz3g8_2,9,",",2.1107142857142853,2.345238095238095,16,inferred_uniform_text_timing
'-wny0OAz3g8_2,10,Black,2.345238095238095,2.579761904761905,18,inferred_uniform_text_timing
'-wny0OAz3g8_2,11,communities,2.579761904761905,2.814285714285714,20,inferred_uniform_text_timing
'-wny0OAz3g8_2,12,had,2.814285714285714,3.0488095238095236,22,inferred_uniform_text_timing
'-wny0OAz3g8_2,13,more,3.0488095238095236,3.2833333333333337,24,inferred_uniform_text_timing
'-wny0OAz3g8_2,14,men,3.2833333333333337,3.517857142857143,25,inferred_uniform_text_timing
'-wny0OAz3g8_2,15,out,3.517857142857143,3.7523809523809524,27,inferred_uniform_text_timing
'-wny0OAz3g8_2,16,of,3.7523809523809524,3.9869047619047615,29,inferred_uniform_text_timing
'-wny0OAz3g8_2,17,work,3.9869047619047615,4.221428571428571,31,inferred_uniform_text_timing
'-wny0OAz3g8_2,18,",",4.221428571428571,4.455952380952381,33,inferred_uniform_text_timing
'-wny0OAz3g8_2,19,higher,4.455952380952381,4.69047619047619,34,inferred_uniform_text_timing
'-wny0OAz3g8_2,20,rates,4.69047619047619,4.925,36,inferred_uniform_text_timing
'-wny0OAz3g8_2,21,of,4.925,5.15952380952381,38,inferred_uniform_text_timing
'-wny0OAz3g8_2,22,poverty,5.15952380952381,5.394047619047619,40,inferred_uniform_text_timing
'-wny0OAz3g8_2,23,",",5.394047619047619,5.628571428571428,41,inferred_uniform_text_timing
'-wny0OAz3g8_2,24,and,5.628571428571428,5.863095238095238,43,inferred_uniform_text_timing
'-wny0OAz3g8_2,25,more,5.863095238095238,6.097619047619047,45,inferred_uniform_text_timing
'-wny0OAz3g8_2,26,criminal,6.097619047619047,6.332142857142856,47,inferred_uniform_text_timing
'-wny0OAz3g8_2,27,behavior,6.332142857142856,6.566666666666667,49,inferred_uniform_text_timing
'-wny0OAz3g8_5,0,This,0.0,0.2956521739130435,1,inferred_uniform_text_timing
'-wny0OAz3g8_5,1,is,0.2956521739130435,0.591304347826087,3,inferred_uniform_text_timing
'-wny0OAz3g8_5,2,what,0.591304347826087,0.8869565217391304,5,inferred_uniform_text_timing
'-wny0OAz3g8_5,3,’,0.8869565217391304,1.182608695652174,7,inferred_uniform_text_timing
'-wny0OAz3g8_5,4,s,1.182608695652174,1.4782608695652173,9,inferred_uniform_text_timing
'-wny0OAz3g8_5,5,now,1.4782608695652173,1.7739130434782608,11,inferred_uniform_text_timing
'-wny0OAz3g8_5,6,known,1.7739130434782608,2.0695652173913044,14,inferred_uniform_text_timing
'-wny0OAz3g8_5,7,as,2.0695652173913044,2.365217391304348,16,inferred_uniform_text_timing
'-wny0OAz3g8_5,8,racial,2.365217391304348,2.660869565217391,18,inferred_uniform_text_timing
'-wny0OAz3g8_5,9,formation,2.660869565217391,2.9565217391304346,20,inferred_uniform_text_timing
'-wny0OAz3g8_5,10,theory,2.9565217391304346,3.252173913043478,22,inferred_uniform_text_timing
'-wny0OAz3g8_5,11,",",3.252173913043478,3.5478260869565217,25,inferred_uniform_text_timing
'-wny0OAz3g8_5,12,a,3.5478260869565217,3.843478260869565,27,inferred_uniform_text_timing
'-wny0OAz3g8_5,13,theory,3.843478260869565,4.139130434782609,29,inferred_uniform_text_timing
'-wny0OAz3g8_5,14,formalized,4.139130434782609,4.434782608695652,31,inferred_uniform_text_timing
'-wny0OAz3g8_5,15,by,4.434782608695652,4.730434782608696,33,inferred_uniform_text_timing
'-wny0OAz3g8_5,16,modern,4.730434782608696,5.0260869565217385,35,inferred_uniform_text_timing
'-wny0OAz3g8_5,17,sociologists,5.0260869565217385,5.321739130434782,38,inferred_uniform_text_timing
'-wny0OAz3g8_5,18,Michael,5.321739130434782,5.617391304347826,40,inferred_uniform_text_timing
'-wny0OAz3g8_5,19,Omi,5.617391304347826,5.913043478260869,42,inferred_uniform_text_timing
'-wny0OAz3g8_5,20,and,5.913043478260869,6.208695652173913,44,inferred_uniform_text_timing
'-wny0OAz3g8_5,21,Howard,6.208695652173913,6.504347826086956,46,inferred_uniform_text_timing
'-wny0OAz3g8_5,22,Winant,6.504347826086956,6.8,48,inferred_uniform_text_timing
'-wny0OAz3g8_7,0,Omi,0.0,0.27586206896551724,0,inferred_uniform_text_timing
'-wny0OAz3g8_7,1,and,0.27586206896551724,0.5517241379310345,2,inferred_uniform_text_timing
'-wny0OAz3g8_7,2,Winant,0.5517241379310345,0.8275862068965517,4,inferred_uniform_text_timing
'-wny0OAz3g8_7,3,argue,0.8275862068965517,1.103448275862069,6,inferred_uniform_text_timing
'-wny0OAz3g8_7,4,that,1.103448275862069,1.3793103448275863,7,inferred_uniform_text_timing
'-wny0OAz3g8_7,5,the,1.3793103448275863,1.6551724137931034,9,inferred_uniform_text_timing
'-wny0OAz3g8_7,6,concept,1.6551724137931034,1.9310344827586208,11,inferred_uniform_text_timing
'-wny0OAz3g8_7,7,of,1.9310344827586208,2.206896551724138,12,inferred_uniform_text_timing
'-wny0OAz3g8_7,8,race,2.206896551724138,2.4827586206896552,14,inferred_uniform_text_timing
'-wny0OAz3g8_7,9,came,2.4827586206896552,2.7586206896551726,16,inferred_uniform_text_timing
'-wny0OAz3g8_7,10,about,2.7586206896551726,3.0344827586206895,18,inferred_uniform_text_timing
'-wny0OAz3g8_7,11,as,3.0344827586206895,3.310344827586207,19,inferred_uniform_text_timing
'-wny0OAz3g8_7,12,a,3.310344827586207,3.586206896551724,21,inferred_uniform_text_timing
'-wny0OAz3g8_7,13,tool,3.586206896551724,3.8620689655172415,23,inferred_uniform_text_timing
'-wny0OAz3g8_7,14,to,3.8620689655172415,4.137931034482759,25,inferred_uniform_text_timing
'-wny0OAz3g8_7,15,justify,4.137931034482759,4.413793103448276,26,inferred_uniform_text_timing
'-wny0OAz3g8_7,16,and,4.413793103448276,4.689655172413793,28,inferred_uniform_text_timing
'-wny0OAz3g8_7,17,maintain,4.689655172413793,4.9655172413793105,30,inferred_uniform_text_timing
'-wny0OAz3g8_7,18,the,4.9655172413793105,5.241379310344827,31,inferred_uniform_text_timing
'-wny0OAz3g8_7,19,economic,5.241379310344827,5.517241379310345,33,inferred_uniform_text_timing
'-wny0OAz3g8_7,20,and,5.517241379310345,5.793103448275862,35,inferred_uniform_text_timing
'-wny0OAz3g8_7,21,political,5.793103448275862,6.068965517241379,37,inferred_uniform_text_timing
'-wny0OAz3g8_7,22,power,6.068965517241379,6.344827586206897,38,inferred_uniform_text_timing
'-wny0OAz3g8_7,23,held,6.344827586206897,6.620689655172414,40,inferred_uniform_text_timing
'-wny0OAz3g8_7,24,by,6.620689655172414,6.896551724137931,42,inferred_uniform_text_timing
'-wny0OAz3g8_7,25,those,6.896551724137931,7.172413793103448,43,inferred_uniform_text_timing
'-wny0OAz3g8_7,26,of,7.172413793103448,7.448275862068965,45,inferred_uniform_text_timing
'-wny0OAz3g8_7,27,European,7.448275862068965,7.724137931034483,47,inferred_uniform_text_timing
'-wny0OAz3g8_7,28,descent,7.724137931034483,8.0,49,inferred_uniform_text_timing
'-wny0OAz3g8_9,0,He,0.0,0.2772727272727273,1,inferred_uniform_text_timing
'-wny0OAz3g8_9,1,explores,0.2772727272727273,0.5545454545454546,3,inferred_uniform_text_timing
'-wny0OAz3g8_9,2,why,0.5545454545454546,0.8318181818181817,5,inferred_uniform_text_timing
'-wny0OAz3g8_9,3,Black,0.8318181818181817,1.1090909090909091,7,inferred_uniform_text_timing
'-wny0OAz3g8_9,4,and,1.1090909090909091,1.3863636363636365,10,inferred_uniform_text_timing
'-wny0OAz3g8_9,5,White,1.3863636363636365,1.6636363636363634,12,inferred_uniform_text_timing
'-wny0OAz3g8_9,6,Americans,1.6636363636363634,1.9409090909090907,14,inferred_uniform_text_timing
'-wny0OAz3g8_9,7,tend,1.9409090909090907,2.2181818181818183,17,inferred_uniform_text_timing
'-wny0OAz3g8_9,8,to,2.2181818181818183,2.4954545454545456,19,inferred_uniform_text_timing
'-wny0OAz3g8_9,9,have,2.4954545454545456,2.772727272727273,21,inferred_uniform_text_timing
'-wny0OAz3g8_9,10,such,2.772727272727273,3.05,23,inferred_uniform_text_timing
'-wny0OAz3g8_9,11,different,3.05,3.3272727272727267,26,inferred_uniform_text_timing
'-wny0OAz3g8_9,12,outcomes,3.3272727272727267,3.6045454545454545,28,inferred_uniform_text_timing
'-wny0OAz3g8_9,13,in,3.6045454545454545,3.8818181818181814,30,inferred_uniform_text_timing
'-wny0OAz3g8_9,14,terms,3.8818181818181814,4.159090909090909,32,inferred_uniform_text_timing
'-wny0OAz3g8_9,15,of,4.159090909090909,4.4363636363636365,35,inferred_uniform_text_timing
'-wny0OAz3g8_9,16,income,4.4363636363636365,4.713636363636363,37,inferred_uniform_text_timing
'-wny0OAz3g8_9,17,",",4.713636363636363,4.990909090909091,39,inferred_uniform_text_timing
'-wny0OAz3g8_9,18,education,4.990909090909091,5.268181818181818,42,inferred_uniform_text_timing
'-wny0OAz3g8_9,19,",",5.268181818181818,5.545454545454546,44,inferred_uniform_text_timing
'-wny0OAz3g8_9,20,and,5.545454545454546,5.822727272727272,46,inferred_uniform_text_timing
'-wny0OAz3g8_9,21,more,5.822727272727272,6.1,48,inferred_uniform_text_timing
'-571d8cVauQ_0,0,This,0.0,0.3619047619047619,1,inferred_uniform_text_timing
'-571d8cVauQ_0,1,is,0.3619047619047619,0.7238095238095238,5,inferred_uniform_text_timing
'-571d8cVauQ_0,2,Rhett,0.7238095238095238,1.0857142857142856,8,inferred_uniform_text_timing
'-571d8cVauQ_0,3,Reiger,1.0857142857142856,1.4476190476190476,12,inferred_uniform_text_timing
'-571d8cVauQ_0,4,",",1.4476190476190476,1.8095238095238095,16,inferred_uniform_text_timing
'-571d8cVauQ_0,5,White,1.8095238095238095,2.1714285714285713,19,inferred_uniform_text_timing
'-571d8cVauQ_0,6,Caspian,2.1714285714285713,2.5333333333333337,23,inferred_uniform_text_timing
'-571d8cVauQ_0,7,Studios,2.5333333333333337,2.895238095238095,26,inferred_uniform_text_timing
'-571d8cVauQ_0,8,on,2.895238095238095,3.2571428571428567,30,inferred_uniform_text_timing
'-571d8cVauQ_0,9,behalf,3.2571428571428567,3.619047619047619,33,inferred_uniform_text_timing
'-571d8cVauQ_0,10,of,3.619047619047619,3.980952380952381,37,inferred_uniform_text_timing
'-571d8cVauQ_0,11,Expert,3.980952380952381,4.3428571428571425,41,inferred_uniform_text_timing
'-571d8cVauQ_0,12,Village,4.3428571428571425,4.704761904761904,44,inferred_uniform_text_timing
'-571d8cVauQ_0,13,.,4.704761904761904,5.066666666666667,48,inferred_uniform_text_timing
'-571d8cVauQ_5,0,So,0.0,0.30952380952380953,0,inferred_uniform_text_timing
'-571d8cVauQ_5,1,very,0.30952380952380953,0.6190476190476191,1,inferred_uniform_text_timing
'-571d8cVauQ_5,2,important,0.6190476190476191,0.9285714285714286,2,inferred_uniform_text_timing
'-571d8cVauQ_5,3,to,0.9285714285714286,1.2380952380952381,3,inferred_uniform_text_timing
'-571d8cVauQ_5,4,go,1.2380952380952381,1.5476190476190474,4,inferred_uniform_text_timing
'-571d8cVauQ_5,5,out,1.5476190476190474,1.8571428571428572,5,inferred_uniform_text_timing
'-571d8cVauQ_5,6,to,1.8571428571428572,2.1666666666666665,6,inferred_uniform_text_timing
'-571d8cVauQ_5,7,the,2.1666666666666665,2.4761904761904763,7,inferred_uniform_text_timing
'-571d8cVauQ_5,8,locations,2.4761904761904763,2.7857142857142856,8,inferred_uniform_text_timing
'-571d8cVauQ_5,9,",",2.7857142857142856,3.095238095238095,9,inferred_uniform_text_timing
'-571d8cVauQ_5,10,walk,3.095238095238095,3.404761904761904,10,inferred_uniform_text_timing
'-571d8cVauQ_5,11,around,3.404761904761904,3.7142857142857144,11,inferred_uniform_text_timing
'-571d8cVauQ_5,12,",",3.7142857142857144,4.023809523809524,12,inferred_uniform_text_timing
'-571d8cVauQ_5,13,talk,4.023809523809524,4.333333333333333,13,inferred_uniform_text_timing
'-571d8cVauQ_5,14,with,4.333333333333333,4.642857142857143,14,inferred_uniform_text_timing
'-571d8cVauQ_5,15,the,4.642857142857143,4.9523809523809526,15,inferred_uniform_text_timing
'-571d8cVauQ_5,16,owners,4.9523809523809526,5.261904761904762,16,inferred_uniform_text_timing
'-571d8cVauQ_5,17,if,5.261904761904762,5.571428571428571,17,inferred_uniform_text_timing
'-571d8cVauQ_5,18,you,5.571428571428571,5.8809523809523805,18,inferred_uniform_text_timing
'-571d8cVauQ_5,19,can,5.8809523809523805,6.19047619047619,19,inferred_uniform_text_timing
'-571d8cVauQ_5,20,",",6.19047619047619,6.5,20,inferred_uniform_text_timing
'-571d8cVauQ_5,21,tell,6.5,6.809523809523808,21,inferred_uniform_text_timing
'-571d8cVauQ_5,22,them,6.809523809523808,7.119047619047619,22,inferred_uniform_text_timing
'-571d8cVauQ_5,23,what,7.119047619047619,7.428571428571429,23,inferred_uniform_text_timing
'-571d8cVauQ_5,24,you're,7.428571428571429,7.738095238095237,25,inferred_uniform_text_timing
'-571d8cVauQ_5,25,doing,7.738095238095237,8.047619047619047,26,inferred_uniform_text_timing
'-571d8cVauQ_5,26,",",8.047619047619047,8.357142857142858,27,inferred_uniform_text_timing
'-571d8cVauQ_5,27,build,8.357142857142858,8.666666666666666,28,inferred_uniform_text_timing
'-571d8cVauQ_5,28,a,8.666666666666666,8.976190476190476,29,inferred_uniform_text_timing
'-571d8cVauQ_5,29,little,8.976190476190476,9.285714285714286,30,inferred_uniform_text_timing
'-571d8cVauQ_5,30,excitement,9.285714285714286,9.595238095238095,31,inferred_uniform_text_timing
'-571d8cVauQ_5,31,",",9.595238095238095,9.904761904761905,32,inferred_uniform_text_timing
'-571d8cVauQ_5,32,put,9.904761904761905,10.214285714285714,33,inferred_uniform_text_timing
'-571d8cVauQ_5,33,a,10.214285714285714,10.523809523809524,34,inferred_uniform_text_timing
'-571d8cVauQ_5,34,little,10.523809523809524,10.833333333333332,35,inferred_uniform_text_timing
'-571d8cVauQ_5,35,glitz,10.833333333333332,11.142857142857142,36,inferred_uniform_text_timing
'-571d8cVauQ_5,36,on,11.142857142857142,11.45238095238095,37,inferred_uniform_text_timing
'-571d8cVauQ_5,37,there,11.45238095238095,11.761904761904761,38,inferred_uniform_text_timing
'-571d8cVauQ_5,38,and,11.761904761904761,12.071428571428571,39,inferred_uniform_text_timing
'-571d8cVauQ_5,39,let,12.071428571428571,12.38095238095238,40,inferred_uniform_text_timing
'-571d8cVauQ_5,40,everybody,12.38095238095238,12.69047619047619,41,inferred_uniform_text_timing
'-571d8cVauQ_5,41,knows,12.69047619047619,13.0,42,inferred_uniform_text_timing
'-571d8cVauQ_5,42,this,13.0,13.309523809523808,43,inferred_uniform_text_timing
'-571d8cVauQ_5,43,is,13.309523809523808,13.619047619047617,44,inferred_uniform_text_timing
'-571d8cVauQ_5,44,a,13.619047619047617,13.928571428571429,45,inferred_uniform_text_timing
'-571d8cVauQ_5,45,very,13.928571428571429,14.238095238095237,46,inferred_uniform_text_timing
'-571d8cVauQ_5,46,valuable,14.238095238095237,14.547619047619046,47,inferred_uniform_text_timing
'-571d8cVauQ_5,47,spot,14.547619047619046,14.857142857142858,48,inferred_uniform_text_timing
'-571d8cVauQ_5,48,.,14.857142857142858,15.166666666666666,49,inferred_uniform_text_timing
'-I_e4mIh0yE_1,0,In,0.0,0.39473684210526316,1,inferred_uniform_text_timing
'-I_e4mIh0yE_1,1,the,0.39473684210526316,0.7894736842105263,3,inferred_uniform_text_timing
'-I_e4mIh0yE_1,2,United,0.7894736842105263,1.1842105263157894,6,inferred_uniform_text_timing
'-I_e4mIh0yE_1,3,States,1.1842105263157894,1.5789473684210527,9,inferred_uniform_text_timing
'-I_e4mIh0yE_1,4,we,1.5789473684210527,1.9736842105263157,11,inferred_uniform_text_timing
'-I_e4mIh0yE_1,5,don't,1.9736842105263157,2.3684210526315788,14,inferred_uniform_text_timing
'-I_e4mIh0yE_1,6,punish,2.3684210526315788,2.763157894736842,17,inferred_uniform_text_timing
'-I_e4mIh0yE_1,7,failure,2.763157894736842,3.1578947368421053,19,inferred_uniform_text_timing
'-I_e4mIh0yE_1,8,to,3.1578947368421053,3.5526315789473686,22,inferred_uniform_text_timing
'-I_e4mIh0yE_1,9,the,3.5526315789473686,3.9473684210526314,25,inferred_uniform_text_timing
'-I_e4mIh0yE_1,10,degree,3.9473684210526314,4.342105263157895,27,inferred_uniform_text_timing
'-I_e4mIh0yE_1,11,to,4.342105263157895,4.7368421052631575,30,inferred_uniform_text_timing
'-I_e4mIh0yE_1,12,which,4.7368421052631575,5.131578947368421,32,inferred_uniform_text_timing
'-I_e4mIh0yE_1,13,failure,5.131578947368421,5.526315789473684,35,inferred_uniform_text_timing
'-I_e4mIh0yE_1,14,is,5.526315789473684,5.921052631578948,38,inferred_uniform_text_timing
'-I_e4mIh0yE_1,15,punished,5.921052631578948,6.315789473684211,40,inferred_uniform_text_timing
'-I_e4mIh0yE_1,16,in,6.315789473684211,6.7105263157894735,43,inferred_uniform_text_timing
'-I_e4mIh0yE_1,17,Europe,6.7105263157894735,7.105263157894737,46,inferred_uniform_text_timing
'-I_e4mIh0yE_1,18,.,7.105263157894737,7.5,48,inferred_uniform_text_timing
'-I_e4mIh0yE_3,0,It's,0.0,0.36133333333333334,1,inferred_uniform_text_timing
'-I_e4mIh0yE_3,1,perceived,0.36133333333333334,0.7226666666666667,3,inferred_uniform_text_timing
'-I_e4mIh0yE_3,2,that,0.7226666666666667,1.084,5,inferred_uniform_text_timing
'-I_e4mIh0yE_3,3,you,1.084,1.4453333333333334,7,inferred_uniform_text_timing
'-I_e4mIh0yE_3,4,have,1.4453333333333334,1.8066666666666666,9,inferred_uniform_text_timing
'-I_e4mIh0yE_3,5,actually,1.8066666666666666,2.168,11,inferred_uniform_text_timing
'-I_e4mIh0yE_3,6,learned,2.168,2.529333333333333,12,inferred_uniform_text_timing
'-I_e4mIh0yE_3,7,something,2.529333333333333,2.8906666666666667,15,inferred_uniform_text_timing
'-I_e4mIh0yE_3,8,",",2.8906666666666667,3.252,17,inferred_uniform_text_timing
'-I_e4mIh0yE_3,9,over,3.252,3.6133333333333333,19,inferred_uniform_text_timing
'-I_e4mIh0yE_3,10,the,3.6133333333333333,3.9746666666666663,21,inferred_uniform_text_timing
'-I_e4mIh0yE_3,11,course,3.9746666666666663,4.336,23,inferred_uniform_text_timing
'-I_e4mIh0yE_3,12,of,4.336,4.697333333333334,25,inferred_uniform_text_timing
'-I_e4mIh0yE_3,13,your,4.697333333333334,5.058666666666666,27,inferred_uniform_text_timing
'-I_e4mIh0yE_3,14,carreer,5.058666666666666,5.42,28,inferred_uniform_text_timing
'-I_e4mIh0yE_3,15,",",5.42,5.781333333333333,31,inferred_uniform_text_timing
'-I_e4mIh0yE_3,16,and,5.781333333333333,6.142666666666667,33,inferred_uniform_text_timing
'-I_e4mIh0yE_3,17,that,6.142666666666667,6.504,35,inferred_uniform_text_timing
'-I_e4mIh0yE_3,18,you,6.504,6.865333333333333,37,inferred_uniform_text_timing
'-I_e4mIh0yE_3,19,won't,6.865333333333333,7.226666666666667,38,inferred_uniform_text_timing
'-I_e4mIh0yE_3,20,make,7.226666666666667,7.587999999999999,41,inferred_uniform_text_timing
'-I_e4mIh0yE_3,21,the,7.587999999999999,7.949333333333333,43,inferred_uniform_text_timing
'-I_e4mIh0yE_3,22,mistake,7.949333333333333,8.310666666666666,44,inferred_uniform_text_timing
'-I_e4mIh0yE_3,23,twice,8.310666666666666,8.672,47,inferred_uniform_text_timing
'-I_e4mIh0yE_3,24,.,8.672,9.033333333333333,49,inferred_uniform_text_timing
'-UacrmKiTn4_10,0,Because,0.0,0.36333333333333334,1,inferred_uniform_text_timing
'-UacrmKiTn4_10,1,",",0.36333333333333334,0.7266666666666667,3,inferred_uniform_text_timing
'-UacrmKiTn4_10,2,if,0.7266666666666667,1.09,6,inferred_uniform_text_timing
'-UacrmKiTn4_10,3,they,1.09,1.4533333333333334,8,inferred_uniform_text_timing
'-UacrmKiTn4_10,4,are,1.4533333333333334,1.8166666666666669,11,inferred_uniform_text_timing
'-UacrmKiTn4_10,5,not,1.8166666666666669,2.18,13,inferred_uniform_text_timing
'-UacrmKiTn4_10,6,in,2.18,2.5433333333333334,16,inferred_uniform_text_timing
'-UacrmKiTn4_10,7,any,2.5433333333333334,2.9066666666666667,18,inferred_uniform_text_timing
'-UacrmKiTn4_10,8,way,2.9066666666666667,3.2700000000000005,21,inferred_uniform_text_timing
'-UacrmKiTn4_10,9,held,3.2700000000000005,3.6333333333333337,23,inferred_uniform_text_timing
'-UacrmKiTn4_10,10,accountable,3.6333333333333337,3.996666666666667,26,inferred_uniform_text_timing
'-UacrmKiTn4_10,11,for,3.996666666666667,4.36,28,inferred_uniform_text_timing
'-UacrmKiTn4_10,12,reading,4.36,4.723333333333334,31,inferred_uniform_text_timing
'-UacrmKiTn4_10,13,the,4.723333333333334,5.086666666666667,33,inferred_uniform_text_timing
'-UacrmKiTn4_10,14,material,5.086666666666667,5.45,36,inferred_uniform_text_timing
'-UacrmKiTn4_10,15,they,5.45,5.8133333333333335,38,inferred_uniform_text_timing
'-UacrmKiTn4_10,16,won't,5.8133333333333335,6.176666666666667,41,inferred_uniform_text_timing
'-UacrmKiTn4_10,17,do,6.176666666666667,6.540000000000001,43,inferred_uniform_text_timing
'-UacrmKiTn4_10,18,it,6.540000000000001,6.903333333333333,46,inferred_uniform_text_timing
'-UacrmKiTn4_10,19,.,6.903333333333333,7.2666666666666675,48,inferred_uniform_text_timing
'-UacrmKiTn4_4,0,Just,0.0,0.31555555555555553,1,inferred_uniform_text_timing
'-UacrmKiTn4_4,1,given,0.31555555555555553,0.6311111111111111,5,inferred_uniform_text_timing
'-UacrmKiTn4_4,2,to,0.6311111111111111,0.9466666666666667,8,inferred_uniform_text_timing
'-UacrmKiTn4_4,3,their,0.9466666666666667,1.2622222222222221,11,inferred_uniform_text_timing
'-UacrmKiTn4_4,4,own,1.2622222222222221,1.577777777777778,15,inferred_uniform_text_timing
'-UacrmKiTn4_4,5,devices,1.577777777777778,1.8933333333333333,18,inferred_uniform_text_timing
'-UacrmKiTn4_4,6,they,1.8933333333333333,2.2088888888888887,21,inferred_uniform_text_timing
'-UacrmKiTn4_4,7,are,2.2088888888888887,2.5244444444444443,24,inferred_uniform_text_timing
'-UacrmKiTn4_4,8,not,2.5244444444444443,2.8400000000000003,28,inferred_uniform_text_timing
'-UacrmKiTn4_4,9,going,2.8400000000000003,3.155555555555556,31,inferred_uniform_text_timing
'-UacrmKiTn4_4,10,to,3.155555555555556,3.4711111111111115,35,inferred_uniform_text_timing
'-UacrmKiTn4_4,11,read,3.4711111111111115,3.7866666666666666,38,inferred_uniform_text_timing
'-UacrmKiTn4_4,12,the,3.7866666666666666,4.102222222222222,41,inferred_uniform_text_timing
'-UacrmKiTn4_4,13,textbook,4.102222222222222,4.417777777777777,44,inferred_uniform_text_timing
'-UacrmKiTn4_4,14,.,4.417777777777777,4.733333333333333,48,inferred_uniform_text_timing
'-hnBHBN8p5A_7,0,Picture,0.0,0.43180392156862746,1,inferred_uniform_text_timing
'-hnBHBN8p5A_7,1,this,0.43180392156862746,0.8636078431372549,4,inferred_uniform_text_timing
'-hnBHBN8p5A_7,2,",",0.8636078431372549,1.2954117647058823,7,inferred_uniform_text_timing
'-hnBHBN8p5A_7,3,before,1.2954117647058823,1.7272156862745098,10,inferred_uniform_text_timing
'-hnBHBN8p5A_7,4,we,1.7272156862745098,2.1590196078431374,13,inferred_uniform_text_timing
'-hnBHBN8p5A_7,5,actually,2.1590196078431374,2.5908235294117645,16,inferred_uniform_text_timing
'-hnBHBN8p5A_7,6,start,2.5908235294117645,3.022627450980392,19,inferred_uniform_text_timing
'-hnBHBN8p5A_7,7,hacking,3.022627450980392,3.4544313725490197,22,inferred_uniform_text_timing
'-hnBHBN8p5A_7,8,",",3.4544313725490197,3.8862352941176472,25,inferred_uniform_text_timing
'-hnBHBN8p5A_7,9,we,3.8862352941176472,4.318039215686275,27,inferred_uniform_text_timing
'-hnBHBN8p5A_7,10,’,4.318039215686275,4.749843137254902,30,inferred_uniform_text_timing
'-hnBHBN8p5A_7,11,re,4.749843137254902,5.181647058823529,33,inferred_uniform_text_timing
'-hnBHBN8p5A_7,12,in,5.181647058823529,5.613450980392156,36,inferred_uniform_text_timing
'-hnBHBN8p5A_7,13,a,5.613450980392156,6.045254901960784,39,inferred_uniform_text_timing
'-hnBHBN8p5A_7,14,room,6.045254901960784,6.477058823529411,42,inferred_uniform_text_timing
'-hnBHBN8p5A_7,15,formal,6.477058823529411,6.908862745098039,45,inferred_uniform_text_timing
'-hnBHBN8p5A_7,16,setting,6.908862745098039,7.3406666666666665,48,inferred_uniform_text_timing
'-hnBHBN8p5A_6,0,Discussion,0.0,0.4558122784150157,1,inferred_uniform_text_timing
'-hnBHBN8p5A_6,1,",",0.4558122784150157,0.9116245568300314,5,inferred_uniform_text_timing
'-hnBHBN8p5A_6,2,how,0.9116245568300314,1.3674368352450472,8,inferred_uniform_text_timing
'-hnBHBN8p5A_6,3,to,1.3674368352450472,1.8232491136600628,12,inferred_uniform_text_timing
'-hnBHBN8p5A_6,4,discuss,1.8232491136600628,2.279061392075078,16,inferred_uniform_text_timing
'-hnBHBN8p5A_6,5,ideas,2.279061392075078,2.7348736704900944,19,inferred_uniform_text_timing
'-hnBHBN8p5A_6,6,and,2.7348736704900944,3.19068594890511,23,inferred_uniform_text_timing
'-hnBHBN8p5A_6,7,opinions,3.19068594890511,3.6464982273201256,26,inferred_uniform_text_timing
'-hnBHBN8p5A_6,8,more,3.6464982273201256,4.102310505735141,30,inferred_uniform_text_timing
'-hnBHBN8p5A_6,9,effectively,4.102310505735141,4.558122784150156,33,inferred_uniform_text_timing
'-hnBHBN8p5A_6,10,than,4.558122784150156,5.013935062565173,37,inferred_uniform_text_timing
'-hnBHBN8p5A_6,11,a,5.013935062565173,5.469747340980189,41,inferred_uniform_text_timing
'-hnBHBN8p5A_6,12,native,5.469747340980189,5.925559619395203,44,inferred_uniform_text_timing
'-hnBHBN8p5A_6,13,speaker,5.925559619395203,6.38137189781022,48,inferred_uniform_text_timing
'-qDkUB0GgYY_6,0,We,0.0,0.2592592592592593,1,inferred_uniform_text_timing
'-qDkUB0GgYY_6,1,always,0.2592592592592593,0.5185185185185186,4,inferred_uniform_text_timing
'-qDkUB0GgYY_6,2,love,0.5185185185185186,0.7777777777777778,6,inferred_uniform_text_timing
'-qDkUB0GgYY_6,3,to,0.7777777777777778,1.0370370370370372,9,inferred_uniform_text_timing
'-qDkUB0GgYY_6,4,hear,1.0370370370370372,1.2962962962962965,12,inferred_uniform_text_timing
'-qDkUB0GgYY_6,5,what,1.2962962962962965,1.5555555555555556,15,inferred_uniform_text_timing
'-qDkUB0GgYY_6,6,you,1.5555555555555556,1.814814814814815,18,inferred_uniform_text_timing
'-qDkUB0GgYY_6,7,say,1.814814814814815,2.0740740740740744,20,inferred_uniform_text_timing
'-qDkUB0GgYY_6,8,",",2.0740740740740744,2.3333333333333335,23,inferred_uniform_text_timing
'-qDkUB0GgYY_6,9,and,2.3333333333333335,2.592592592592593,26,inferred_uniform_text_timing
'-qDkUB0GgYY_6,10,like,2.592592592592593,2.851851851851852,29,inferred_uniform_text_timing
'-qDkUB0GgYY_6,11,and,2.851851851851852,3.111111111111111,31,inferred_uniform_text_timing
'-qDkUB0GgYY_6,12,share,3.111111111111111,3.3703703703703707,34,inferred_uniform_text_timing
'-qDkUB0GgYY_6,13,this,3.3703703703703707,3.62962962962963,37,inferred_uniform_text_timing
'-qDkUB0GgYY_6,14,video,3.62962962962963,3.888888888888889,40,inferred_uniform_text_timing
'-qDkUB0GgYY_6,15,as,3.888888888888889,4.148148148148149,43,inferred_uniform_text_timing
'-qDkUB0GgYY_6,16,well,4.148148148148149,4.407407407407408,45,inferred_uniform_text_timing
'-qDkUB0GgYY_6,17,.,4.407407407407408,4.666666666666667,48,inferred_uniform_text_timing
'-uywlfIYOS8_4,0,And,0.0,0.29833333333333334,1,inferred_uniform_text_timing
'-uywlfIYOS8_4,1,then,0.29833333333333334,0.5966666666666667,3,inferred_uniform_text_timing
'-uywlfIYOS8_4,2,from,0.5966666666666667,0.8949999999999999,6,inferred_uniform_text_timing
'-uywlfIYOS8_4,3,a,0.8949999999999999,1.1933333333333334,8,inferred_uniform_text_timing
'-uywlfIYOS8_4,4,brand,1.1933333333333334,1.4916666666666667,11,inferred_uniform_text_timing
'-uywlfIYOS8_4,5,point,1.4916666666666667,1.7899999999999998,13,inferred_uniform_text_timing
'-uywlfIYOS8_4,6,of,1.7899999999999998,2.0883333333333334,16,inferred_uniform_text_timing
'-uywlfIYOS8_4,7,view,2.0883333333333334,2.3866666666666667,18,inferred_uniform_text_timing
'-uywlfIYOS8_4,8,",",2.3866666666666667,2.685,21,inferred_uniform_text_timing
'-uywlfIYOS8_4,9,we,2.685,2.9833333333333334,23,inferred_uniform_text_timing
'-uywlfIYOS8_4,10,need,2.9833333333333334,3.281666666666667,26,inferred_uniform_text_timing
'-uywlfIYOS8_4,11,to,3.281666666666667,3.5799999999999996,28,inferred_uniform_text_timing
'-uywlfIYOS8_4,12,make,3.5799999999999996,3.878333333333333,31,inferred_uniform_text_timing
'-uywlfIYOS8_4,13,sure,3.878333333333333,4.176666666666667,33,inferred_uniform_text_timing
'-uywlfIYOS8_4,14,we're,4.176666666666667,4.475,36,inferred_uniform_text_timing
'-uywlfIYOS8_4,15,driving,4.475,4.773333333333333,38,inferred_uniform_text_timing
'-uywlfIYOS8_4,16,the,4.773333333333333,5.071666666666667,41,inferred_uniform_text_timing
'-uywlfIYOS8_4,17,relevant,5.071666666666667,5.37,43,inferred_uniform_text_timing
'-uywlfIYOS8_4,18,insight,5.37,5.668333333333334,46,inferred_uniform_text_timing
'-uywlfIYOS8_4,19,.,5.668333333333334,5.966666666666667,48,inferred_uniform_text_timing
'-6rXp3zJ3kc_8,0,Many,0.0,0.3657142857142857,0,inferred_uniform_text_timing
'-6rXp3zJ3kc_8,1,people,0.3657142857142857,0.7314285714285714,2,inferred_uniform_text_timing
'-6rXp3zJ3kc_8,2,are,0.7314285714285714,1.0971428571428572,3,inferred_uniform_text_timing
'-6rXp3zJ3kc_8,3,not,1.0971428571428572,1.4628571428571429,5,inferred_uniform_text_timing
'-6rXp3zJ3kc_8,4,until,1.4628571428571429,1.8285714285714285,6,inferred_uniform_text_timing
'-6rXp3zJ3kc_8,5,they,1.8285714285714285,2.1942857142857144,7,inferred_uniform_text_timing
'-6rXp3zJ3kc_8,6,get,2.1942857142857144,2.56,9,inferred_uniform_text_timing
'-6rXp3zJ3kc_8,7,to,2.56,2.9257142857142857,10,inferred_uniform_text_timing
'-6rXp3zJ3kc_8,8,be,2.9257142857142857,3.2914285714285714,12,inferred_uniform_text_timing
'-6rXp3zJ3kc_8,9,a,3.2914285714285714,3.657142857142857,13,inferred_uniform_text_timing
'-6rXp3zJ3kc_8,10,older,3.657142857142857,4.022857142857143,15,inferred_uniform_text_timing
'-6rXp3zJ3kc_8,11,age,4.022857142857143,4.388571428571429,16,inferred_uniform_text_timing
'-6rXp3zJ3kc_8,12,and,4.388571428571429,4.7542857142857144,17,inferred_uniform_text_timing
'-6rXp3zJ3kc_8,13,they,4.7542857142857144,5.12,19,inferred_uniform_text_timing
'-6rXp3zJ3kc_8,14,realize,5.12,5.485714285714286,20,inferred_uniform_text_timing
'-6rXp3zJ3kc_8,15,that,5.485714285714286,5.851428571428571,22,inferred_uniform_text_timing
'-6rXp3zJ3kc_8,16,gosh,5.851428571428571,6.217142857142858,23,inferred_uniform_text_timing
'-6rXp3zJ3kc_8,17,they,6.217142857142858,6.582857142857143,25,inferred_uniform_text_timing
'-6rXp3zJ3kc_8,18,wasted,6.582857142857143,6.948571428571429,26,inferred_uniform_text_timing
'-6rXp3zJ3kc_8,19,a,6.948571428571429,7.314285714285714,27,inferred_uniform_text_timing
'-6rXp3zJ3kc_8,20,lot,7.314285714285714,7.680000000000001,29,inferred_uniform_text_timing
'-6rXp3zJ3kc_8,21,of,7.680000000000001,8.045714285714286,30,inferred_uniform_text_timing
'-6rXp3zJ3kc_8,22,time,8.045714285714286,8.411428571428573,32,inferred_uniform_text_timing
'-6rXp3zJ3kc_8,23,and,8.411428571428573,8.777142857142858,33,inferred_uniform_text_timing
'-6rXp3zJ3kc_8,24,money,8.777142857142858,9.142857142857142,35,inferred_uniform_text_timing
'-6rXp3zJ3kc_8,25,in,9.142857142857142,9.508571428571429,36,inferred_uniform_text_timing
'-6rXp3zJ3kc_8,26,placing,9.508571428571429,9.874285714285715,37,inferred_uniform_text_timing
'-6rXp3zJ3kc_8,27,bets,9.874285714285715,10.24,39,inferred_uniform_text_timing
'-6rXp3zJ3kc_8,28,on,10.24,10.605714285714287,40,inferred_uniform_text_timing
'-6rXp3zJ3kc_8,29,stock,10.605714285714287,10.971428571428572,42,inferred_uniform_text_timing
'-6rXp3zJ3kc_8,30,that's,10.971428571428572,11.337142857142858,43,inferred_uniform_text_timing
'-6rXp3zJ3kc_8,31,ultimately,11.337142857142858,11.702857142857143,44,inferred_uniform_text_timing
'-6rXp3zJ3kc_8,32,lost,11.702857142857143,12.06857142857143,46,inferred_uniform_text_timing
'-6rXp3zJ3kc_8,33,value,12.06857142857143,12.434285714285716,47,inferred_uniform_text_timing
'-6rXp3zJ3kc_8,34,.,12.434285714285716,12.8,49,inferred_uniform_text_timing
'-9y-fZ3swSY_0,0,is,0.0,0.24404761904761904,0,inferred_uniform_text_timing
'-9y-fZ3swSY_0,1,",",0.24404761904761904,0.4880952380952381,2,inferred_uniform_text_timing
'-9y-fZ3swSY_0,2,you,0.4880952380952381,0.7321428571428571,4,inferred_uniform_text_timing
'-9y-fZ3swSY_0,3,can,0.7321428571428571,0.9761904761904762,6,inferred_uniform_text_timing
'-9y-fZ3swSY_0,4,say,0.9761904761904762,1.2202380952380951,8,inferred_uniform_text_timing
'-9y-fZ3swSY_0,5,",",1.2202380952380951,1.4642857142857142,9,inferred_uniform_text_timing
'-9y-fZ3swSY_0,6,hey,1.4642857142857142,1.7083333333333333,11,inferred_uniform_text_timing
'-9y-fZ3swSY_0,7,I,1.7083333333333333,1.9523809523809523,13,inferred_uniform_text_timing
'-9y-fZ3swSY_0,8,really,1.9523809523809523,2.1964285714285716,15,inferred_uniform_text_timing
'-9y-fZ3swSY_0,9,like,2.1964285714285716,2.4404761904761902,16,inferred_uniform_text_timing
'-9y-fZ3swSY_0,10,baby,2.4404761904761902,2.6845238095238093,18,inferred_uniform_text_timing
'-9y-fZ3swSY_0,11,skin,2.6845238095238093,2.9285714285714284,20,inferred_uniform_text_timing
'-9y-fZ3swSY_0,12,",",2.9285714285714284,3.1726190476190474,22,inferred_uniform_text_timing
'-9y-fZ3swSY_0,13,they,3.1726190476190474,3.4166666666666665,24,inferred_uniform_text_timing
'-9y-fZ3swSY_0,14,are,3.4166666666666665,3.6607142857142856,25,inferred_uniform_text_timing
'-9y-fZ3swSY_0,15,so,3.6607142857142856,3.9047619047619047,27,inferred_uniform_text_timing
'-9y-fZ3swSY_0,16,soft,3.9047619047619047,4.148809523809524,29,inferred_uniform_text_timing
'-9y-fZ3swSY_0,17,",",4.148809523809524,4.392857142857143,31,inferred_uniform_text_timing
'-9y-fZ3swSY_0,18,they,4.392857142857143,4.636904761904761,33,inferred_uniform_text_timing
'-9y-fZ3swSY_0,19,don,4.636904761904761,4.8809523809523805,34,inferred_uniform_text_timing
'-9y-fZ3swSY_0,20,’,4.8809523809523805,5.125,36,inferred_uniform_text_timing
'-9y-fZ3swSY_0,21,t,5.125,5.369047619047619,38,inferred_uniform_text_timing
'-9y-fZ3swSY_0,22,have,5.369047619047619,5.613095238095238,40,inferred_uniform_text_timing
'-9y-fZ3swSY_0,23,any,5.613095238095238,5.857142857142857,41,inferred_uniform_text_timing
'-9y-fZ3swSY_0,24,hair,5.857142857142857,6.101190476190475,43,inferred_uniform_text_timing
'-9y-fZ3swSY_0,25,on,6.101190476190475,6.345238095238095,45,inferred_uniform_text_timing
'-9y-fZ3swSY_0,26,their,6.345238095238095,6.589285714285714,47,inferred_uniform_text_timing
'-9y-fZ3swSY_0,27,face,6.589285714285714,6.833333333333333,49,inferred_uniform_text_timing
'-9y-fZ3swSY_4,0,I,0.0,0.24545454545454548,2,inferred_uniform_text_timing
'-9y-fZ3swSY_4,1,’,0.24545454545454548,0.49090909090909096,6,inferred_uniform_text_timing
'-9y-fZ3swSY_4,2,ve,0.49090909090909096,0.7363636363636364,11,inferred_uniform_text_timing
'-9y-fZ3swSY_4,3,seen,0.7363636363636364,0.9818181818181819,15,inferred_uniform_text_timing
'-9y-fZ3swSY_4,4,this,0.9818181818181819,1.2272727272727273,20,inferred_uniform_text_timing
'-9y-fZ3swSY_4,5,in,1.2272727272727273,1.4727272727272729,25,inferred_uniform_text_timing
'-9y-fZ3swSY_4,6,US,1.4727272727272729,1.7181818181818185,29,inferred_uniform_text_timing
'-9y-fZ3swSY_4,7,or,1.7181818181818185,1.9636363636363638,34,inferred_uniform_text_timing
'-9y-fZ3swSY_4,8,in,1.9636363636363638,2.209090909090909,38,inferred_uniform_text_timing
'-9y-fZ3swSY_4,9,the,2.209090909090909,2.4545454545454546,43,inferred_uniform_text_timing
'-9y-fZ3swSY_4,10,US,2.4545454545454546,2.7,47,inferred_uniform_text_timing
'-9y-fZ3swSY_8,0,That,0.0,0.3547619047619048,1,inferred_uniform_text_timing
'-9y-fZ3swSY_8,1,’,0.3547619047619048,0.7095238095238096,5,inferred_uniform_text_timing
'-9y-fZ3swSY_8,2,s,0.7095238095238096,1.0642857142857143,8,inferred_uniform_text_timing
'-9y-fZ3swSY_8,3,a,1.0642857142857143,1.4190476190476191,12,inferred_uniform_text_timing
'-9y-fZ3swSY_8,4,more,1.4190476190476191,1.773809523809524,16,inferred_uniform_text_timing
'-9y-fZ3swSY_8,5,decent,1.773809523809524,2.1285714285714286,19,inferred_uniform_text_timing
'-9y-fZ3swSY_8,6,and,2.1285714285714286,2.4833333333333334,23,inferred_uniform_text_timing
'-9y-fZ3swSY_8,7,more,2.4833333333333334,2.8380952380952382,26,inferred_uniform_text_timing
'-9y-fZ3swSY_8,8,polite,2.8380952380952382,3.192857142857143,30,inferred_uniform_text_timing
'-9y-fZ3swSY_8,9,way,3.192857142857143,3.547619047619048,33,inferred_uniform_text_timing
'-9y-fZ3swSY_8,10,to,3.547619047619048,3.9023809523809523,37,inferred_uniform_text_timing
'-9y-fZ3swSY_8,11,call,3.9023809523809523,4.257142857142857,41,inferred_uniform_text_timing
'-9y-fZ3swSY_8,12,a,4.257142857142857,4.6119047619047615,44,inferred_uniform_text_timing
'-9y-fZ3swSY_8,13,lady,4.6119047619047615,4.966666666666667,48,inferred_uniform_text_timing
'-AUZQgSxyPQ_2,0,The,0.0,0.4884057971014492,0,inferred_uniform_text_timing
'-AUZQgSxyPQ_2,1,perfect,0.4884057971014492,0.9768115942028984,1,inferred_uniform_text_timing
'-AUZQgSxyPQ_2,2,soul,0.9768115942028984,1.4652173913043476,2,inferred_uniform_text_timing
'-AUZQgSxyPQ_2,3,mate,1.4652173913043476,1.9536231884057969,3,inferred_uniform_text_timing
'-AUZQgSxyPQ_2,4,to,1.9536231884057969,2.442028985507246,4,inferred_uniform_text_timing
'-AUZQgSxyPQ_2,5,the,2.442028985507246,2.930434782608695,5,inferred_uniform_text_timing
'-AUZQgSxyPQ_2,6,Clarisonic,2.930434782608695,3.4188405797101447,7,inferred_uniform_text_timing
'-AUZQgSxyPQ_2,7,Spot,3.4188405797101447,3.9072463768115937,8,inferred_uniform_text_timing
'-AUZQgSxyPQ_2,8,Therapy,3.9072463768115937,4.395652173913043,9,inferred_uniform_text_timing
'-AUZQgSxyPQ_2,9,Brush,4.395652173913043,4.884057971014492,10,inferred_uniform_text_timing
'-AUZQgSxyPQ_2,10,",",4.884057971014492,5.372463768115942,11,inferred_uniform_text_timing
'-AUZQgSxyPQ_2,11,this,5.372463768115942,5.86086956521739,12,inferred_uniform_text_timing
'-AUZQgSxyPQ_2,12,gentle,5.86086956521739,6.34927536231884,13,inferred_uniform_text_timing
'-AUZQgSxyPQ_2,13,",",6.34927536231884,6.837681159420289,14,inferred_uniform_text_timing
'-AUZQgSxyPQ_2,14,Ph,6.837681159420289,7.326086956521739,15,inferred_uniform_text_timing
'-AUZQgSxyPQ_2,15,balanced,7.326086956521739,7.814492753623187,16,inferred_uniform_text_timing
'-AUZQgSxyPQ_2,16,and,7.814492753623187,8.302898550724636,17,inferred_uniform_text_timing
'-AUZQgSxyPQ_2,17,hydrating,8.302898550724636,8.791304347826086,19,inferred_uniform_text_timing
'-AUZQgSxyPQ_2,18,exfoliant,8.791304347826086,9.279710144927535,20,inferred_uniform_text_timing
'-AUZQgSxyPQ_2,19,containing,9.279710144927535,9.768115942028984,21,inferred_uniform_text_timing
'-AUZQgSxyPQ_2,20,jojoba,9.768115942028984,10.256521739130434,22,inferred_uniform_text_timing
'-AUZQgSxyPQ_2,21,and,10.256521739130434,10.744927536231884,23,inferred_uniform_text_timing
'-AUZQgSxyPQ_2,22,acai,10.744927536231884,11.233333333333334,24,inferred_uniform_text_timing
'-AUZQgSxyPQ_2,23,fruit,11.233333333333334,11.72173913043478,25,inferred_uniform_text_timing
'-AUZQgSxyPQ_2,24,oils,11.72173913043478,12.21014492753623,26,inferred_uniform_text_timing
'-AUZQgSxyPQ_2,25,and,12.21014492753623,12.69855072463768,27,inferred_uniform_text_timing
'-AUZQgSxyPQ_2,26,bamboo,12.69855072463768,13.186956521739129,28,inferred_uniform_text_timing
'-AUZQgSxyPQ_2,27,and,13.186956521739129,13.675362318840579,29,inferred_uniform_text_timing
'-AUZQgSxyPQ_2,28,prickly,13.675362318840579,14.163768115942029,30,inferred_uniform_text_timing
'-AUZQgSxyPQ_2,29,bear,14.163768115942029,14.652173913043478,32,inferred_uniform_text_timing
'-AUZQgSxyPQ_2,30,extracts,14.652173913043478,15.140579710144925,33,inferred_uniform_text_timing
'-AUZQgSxyPQ_2,31,deliver,15.140579710144925,15.628985507246375,34,inferred_uniform_text_timing
'-AUZQgSxyPQ_2,32,intense,15.628985507246375,16.117391304347827,35,inferred_uniform_text_timing
'-AUZQgSxyPQ_2,33,healing,16.117391304347827,16.605797101449273,36,inferred_uniform_text_timing
'-AUZQgSxyPQ_2,34,",",16.605797101449273,17.094202898550723,37,inferred_uniform_text_timing
'-AUZQgSxyPQ_2,35,while,17.094202898550723,17.582608695652173,38,inferred_uniform_text_timing
'-AUZQgSxyPQ_2,36,smooth,17.582608695652173,18.071014492753623,39,inferred_uniform_text_timing
'-AUZQgSxyPQ_2,37,granules,18.071014492753623,18.55942028985507,40,inferred_uniform_text_timing
'-AUZQgSxyPQ_2,38,buff,18.55942028985507,19.04782608695652,41,inferred_uniform_text_timing
'-AUZQgSxyPQ_2,39,away,19.04782608695652,19.53623188405797,42,inferred_uniform_text_timing
'-AUZQgSxyPQ_2,40,dead,19.53623188405797,20.02463768115942,44,inferred_uniform_text_timing
'-AUZQgSxyPQ_2,41,",",20.02463768115942,20.51304347826087,45,inferred_uniform_text_timing
'-AUZQgSxyPQ_2,42,dry,20.51304347826087,21.00144927536232,46,inferred_uniform_text_timing
'-AUZQgSxyPQ_2,43,skin,21.00144927536232,21.48985507246377,47,inferred_uniform_text_timing
'-AUZQgSxyPQ_2,44,cells,21.48985507246377,21.978260869565215,48,inferred_uniform_text_timing
'-AUZQgSxyPQ_2,45,.,21.978260869565215,22.46666666666667,49,inferred_uniform_text_timing
'-HeZS2-Prhc_2,0,The,0.0,0.48235294117647054,1,inferred_uniform_text_timing
'-HeZS2-Prhc_2,1,August,0.48235294117647054,0.9647058823529411,4,inferred_uniform_text_timing
'-HeZS2-Prhc_2,2,jobs,0.9647058823529411,1.4470588235294117,7,inferred_uniform_text_timing
'-HeZS2-Prhc_2,3,report,1.4470588235294117,1.9294117647058822,10,inferred_uniform_text_timing
'-HeZS2-Prhc_2,4,is,1.9294117647058822,2.411764705882353,13,inferred_uniform_text_timing
'-HeZS2-Prhc_2,5,out,2.411764705882353,2.8941176470588235,16,inferred_uniform_text_timing
'-HeZS2-Prhc_2,6,and,2.8941176470588235,3.3764705882352937,19,inferred_uniform_text_timing
'-HeZS2-Prhc_2,7,it,3.3764705882352937,3.8588235294117643,22,inferred_uniform_text_timing
'-HeZS2-Prhc_2,8,was,3.8588235294117643,4.341176470588235,25,inferred_uniform_text_timing
'-HeZS2-Prhc_2,9,seen,4.341176470588235,4.823529411764706,27,inferred_uniform_text_timing
'-HeZS2-Prhc_2,10,overall,4.823529411764706,5.305882352941175,30,inferred_uniform_text_timing
'-HeZS2-Prhc_2,11,as,5.305882352941175,5.788235294117647,33,inferred_uniform_text_timing
'-HeZS2-Prhc_2,12,solid,5.788235294117647,6.270588235294118,36,inferred_uniform_text_timing
'-HeZS2-Prhc_2,13,but,6.270588235294118,6.752941176470587,39,inferred_uniform_text_timing
'-HeZS2-Prhc_2,14,not,6.752941176470587,7.235294117647058,42,inferred_uniform_text_timing
'-HeZS2-Prhc_2,15,great,7.235294117647058,7.717647058823529,45,inferred_uniform_text_timing
'-HeZS2-Prhc_2,16,.,7.717647058823529,8.2,48,inferred_uniform_text_timing
'-MeTTeMJBNc_0,0,Okay,0.0,0.3875,1,inferred_uniform_text_timing
'-MeTTeMJBNc_0,1,",",0.3875,0.775,3,inferred_uniform_text_timing
'-MeTTeMJBNc_0,2,what,0.775,1.1625,5,inferred_uniform_text_timing
'-MeTTeMJBNc_0,3,happens,1.1625,1.55,7,inferred_uniform_text_timing
'-MeTTeMJBNc_0,4,at,1.55,1.9375,9,inferred_uniform_text_timing
'-MeTTeMJBNc_0,5,this,1.9375,2.325,11,inferred_uniform_text_timing
'-MeTTeMJBNc_0,6,point,2.325,2.7125000000000004,13,inferred_uniform_text_timing
'-MeTTeMJBNc_0,7,after,2.7125000000000004,3.1,15,inferred_uniform_text_timing
'-MeTTeMJBNc_0,8,we've,3.1,3.4875000000000003,17,inferred_uniform_text_timing
'-MeTTeMJBNc_0,9,taken,3.4875000000000003,3.875,19,inferred_uniform_text_timing
'-MeTTeMJBNc_0,10,this,3.875,4.2625,21,inferred_uniform_text_timing
'-MeTTeMJBNc_0,11,brief,4.2625,4.65,23,inferred_uniform_text_timing
'-MeTTeMJBNc_0,12,walk,4.65,5.0375000000000005,26,inferred_uniform_text_timing
'-MeTTeMJBNc_0,13,down,5.0375000000000005,5.425000000000001,28,inferred_uniform_text_timing
'-MeTTeMJBNc_0,14,memory,5.425000000000001,5.8125,30,inferred_uniform_text_timing
'-MeTTeMJBNc_0,15,lane,5.8125,6.2,32,inferred_uniform_text_timing
'-MeTTeMJBNc_0,16,",",6.2,6.587500000000001,34,inferred_uniform_text_timing
'-MeTTeMJBNc_0,17,is,6.587500000000001,6.9750000000000005,36,inferred_uniform_text_timing
'-MeTTeMJBNc_0,18,the,6.9750000000000005,7.362500000000001,38,inferred_uniform_text_timing
'-MeTTeMJBNc_0,19,presentation,7.362500000000001,7.75,40,inferred_uniform_text_timing
'-MeTTeMJBNc_0,20,of,7.75,8.137500000000001,42,inferred_uniform_text_timing
'-MeTTeMJBNc_0,21,the,8.137500000000001,8.525,44,inferred_uniform_text_timing
'-MeTTeMJBNc_0,22,gift,8.525,8.9125,46,inferred_uniform_text_timing
'-MeTTeMJBNc_0,23,.,8.9125,9.3,48,inferred_uniform_text_timing
'-MeTTeMJBNc_13,0,It,0.0,0.33125,1,inferred_uniform_text_timing
'-MeTTeMJBNc_13,1,just,0.33125,0.6625,4,inferred_uniform_text_timing
'-MeTTeMJBNc_13,2,needs,0.6625,0.9937499999999999,7,inferred_uniform_text_timing
'-MeTTeMJBNc_13,3,to,0.9937499999999999,1.325,10,inferred_uniform_text_timing
'-MeTTeMJBNc_13,4,be,1.325,1.65625,14,inferred_uniform_text_timing
'-MeTTeMJBNc_13,5,a,1.65625,1.9874999999999998,17,inferred_uniform_text_timing
'-MeTTeMJBNc_13,6,simple,1.9874999999999998,2.31875,20,inferred_uniform_text_timing
'-MeTTeMJBNc_13,7,statement,2.31875,2.65,23,inferred_uniform_text_timing
'-MeTTeMJBNc_13,8,",",2.65,2.9812499999999997,26,inferred_uniform_text_timing
'-MeTTeMJBNc_13,9,and,2.9812499999999997,3.3125,29,inferred_uniform_text_timing
'-MeTTeMJBNc_13,10,then,3.3125,3.64375,32,inferred_uniform_text_timing
'-MeTTeMJBNc_13,11,you,3.64375,3.9749999999999996,35,inferred_uniform_text_timing
'-MeTTeMJBNc_13,12,present,3.9749999999999996,4.3062499999999995,39,inferred_uniform_text_timing
'-MeTTeMJBNc_13,13,the,4.3062499999999995,4.6375,42,inferred_uniform_text_timing
'-MeTTeMJBNc_13,14,gift,4.6375,4.96875,45,inferred_uniform_text_timing
'-MeTTeMJBNc_13,15,.,4.96875,5.3,48,inferred_uniform_text_timing
'-MeTTeMJBNc_7,0,Maybe,0.0,0.31717171717171716,0,inferred_uniform_text_timing
'-MeTTeMJBNc_7,1,you,0.31717171717171716,0.6343434343434343,2,inferred_uniform_text_timing
'-MeTTeMJBNc_7,2,could,0.6343434343434343,0.9515151515151514,3,inferred_uniform_text_timing
'-MeTTeMJBNc_7,3,find,0.9515151515151514,1.2686868686868686,5,inferred_uniform_text_timing
'-MeTTeMJBNc_7,4,a,1.2686868686868686,1.5858585858585859,6,inferred_uniform_text_timing
'-MeTTeMJBNc_7,5,picture,1.5858585858585859,1.9030303030303028,8,inferred_uniform_text_timing
'-MeTTeMJBNc_7,6,of,1.9030303030303028,2.22020202020202,9,inferred_uniform_text_timing
'-MeTTeMJBNc_7,7,the,2.22020202020202,2.5373737373737373,11,inferred_uniform_text_timing
'-MeTTeMJBNc_7,8,couple,2.5373737373737373,2.8545454545454545,12,inferred_uniform_text_timing
'-MeTTeMJBNc_7,9,from,2.8545454545454545,3.1717171717171717,14,inferred_uniform_text_timing
'-MeTTeMJBNc_7,10,their,3.1717171717171717,3.488888888888889,15,inferred_uniform_text_timing
'-MeTTeMJBNc_7,11,wedding,3.488888888888889,3.8060606060606057,17,inferred_uniform_text_timing
'-MeTTeMJBNc_7,12,or,3.8060606060606057,4.123232323232323,18,inferred_uniform_text_timing
'-MeTTeMJBNc_7,13,sometime,4.123232323232323,4.44040404040404,20,inferred_uniform_text_timing
'-MeTTeMJBNc_7,14,in,4.44040404040404,4.757575757575758,21,inferred_uniform_text_timing
'-MeTTeMJBNc_7,15,their,4.757575757575758,5.074747474747475,23,inferred_uniform_text_timing
'-MeTTeMJBNc_7,16,life,5.074747474747475,5.391919191919192,25,inferred_uniform_text_timing
'-MeTTeMJBNc_7,17,",",5.391919191919192,5.709090909090909,26,inferred_uniform_text_timing
'-MeTTeMJBNc_7,18,or,5.709090909090909,6.026262626262627,28,inferred_uniform_text_timing
'-MeTTeMJBNc_7,19,maybe,6.026262626262627,6.343434343434343,29,inferred_uniform_text_timing
'-MeTTeMJBNc_7,20,even,6.343434343434343,6.660606060606061,31,inferred_uniform_text_timing
'-MeTTeMJBNc_7,21,a,6.660606060606061,6.977777777777778,32,inferred_uniform_text_timing
'-MeTTeMJBNc_7,22,current,6.977777777777778,7.2949494949494955,34,inferred_uniform_text_timing
'-MeTTeMJBNc_7,23,picture,7.2949494949494955,7.612121212121211,35,inferred_uniform_text_timing
'-MeTTeMJBNc_7,24,and,7.612121212121211,7.92929292929293,37,inferred_uniform_text_timing
'-MeTTeMJBNc_7,25,have,7.92929292929293,8.246464646464647,38,inferred_uniform_text_timing
'-MeTTeMJBNc_7,26,it,8.246464646464647,8.563636363636364,40,inferred_uniform_text_timing
'-MeTTeMJBNc_7,27,put,8.563636363636364,8.88080808080808,41,inferred_uniform_text_timing
'-MeTTeMJBNc_7,28,in,8.88080808080808,9.197979797979798,43,inferred_uniform_text_timing
'-MeTTeMJBNc_7,29,a,9.197979797979798,9.515151515151516,44,inferred_uniform_text_timing
'-MeTTeMJBNc_7,30,beautiful,9.515151515151516,9.832323232323233,46,inferred_uniform_text_timing
'-MeTTeMJBNc_7,31,frame,9.832323232323233,10.14949494949495,47,inferred_uniform_text_timing
'-MeTTeMJBNc_7,32,.,10.14949494949495,10.466666666666667,49,inferred_uniform_text_timing
'-RfYyzHpjk4_11,0,So,0.0,0.27017543859649124,1,inferred_uniform_text_timing
'-RfYyzHpjk4_11,1,get,0.27017543859649124,0.5403508771929825,3,inferred_uniform_text_timing
'-RfYyzHpjk4_11,2,your,0.5403508771929825,0.8105263157894738,6,inferred_uniform_text_timing
'-RfYyzHpjk4_11,3,friends,0.8105263157894738,1.080701754385965,9,inferred_uniform_text_timing
'-RfYyzHpjk4_11,4,lined,1.080701754385965,1.3508771929824561,11,inferred_uniform_text_timing
'-RfYyzHpjk4_11,5,up,1.3508771929824561,1.6210526315789475,14,inferred_uniform_text_timing
'-RfYyzHpjk4_11,6,",",1.6210526315789475,1.8912280701754387,17,inferred_uniform_text_timing
'-RfYyzHpjk4_11,7,get,1.8912280701754387,2.16140350877193,19,inferred_uniform_text_timing
'-RfYyzHpjk4_11,8,your,2.16140350877193,2.431578947368421,22,inferred_uniform_text_timing
'-RfYyzHpjk4_11,9,business,2.431578947368421,2.7017543859649122,24,inferred_uniform_text_timing
'-RfYyzHpjk4_11,10,colleagues,2.7017543859649122,2.9719298245614034,27,inferred_uniform_text_timing
'-RfYyzHpjk4_11,11,lined,2.9719298245614034,3.242105263157895,30,inferred_uniform_text_timing
'-RfYyzHpjk4_11,12,up,3.242105263157895,3.5122807017543862,32,inferred_uniform_text_timing
'-RfYyzHpjk4_11,13,and,3.5122807017543862,3.7824561403508774,35,inferred_uniform_text_timing
'-RfYyzHpjk4_11,14,have,3.7824561403508774,4.052631578947368,38,inferred_uniform_text_timing
'-RfYyzHpjk4_11,15,a,4.052631578947368,4.32280701754386,40,inferred_uniform_text_timing
'-RfYyzHpjk4_11,16,good,4.32280701754386,4.592982456140351,43,inferred_uniform_text_timing
'-RfYyzHpjk4_11,17,time,4.592982456140351,4.863157894736842,46,inferred_uniform_text_timing
'-RfYyzHpjk4_11,18,.,4.863157894736842,5.133333333333334,48,inferred_uniform_text_timing
'-RfYyzHpjk4_8,0,It's,0.0,0.24035087719298245,1,inferred_uniform_text_timing
'-RfYyzHpjk4_8,1,pretty,0.24035087719298245,0.4807017543859649,3,inferred_uniform_text_timing
'-RfYyzHpjk4_8,2,",",0.4807017543859649,0.7210526315789473,6,inferred_uniform_text_timing
'-RfYyzHpjk4_8,3,pretty,0.7210526315789473,0.9614035087719298,9,inferred_uniform_text_timing
'-RfYyzHpjk4_8,4,easy,0.9614035087719298,1.2017543859649122,11,inferred_uniform_text_timing
'-RfYyzHpjk4_8,5,to,1.2017543859649122,1.4421052631578946,14,inferred_uniform_text_timing
'-RfYyzHpjk4_8,6,do,1.4421052631578946,1.682456140350877,17,inferred_uniform_text_timing
'-RfYyzHpjk4_8,7,but,1.682456140350877,1.9228070175438596,19,inferred_uniform_text_timing
'-RfYyzHpjk4_8,8,you,1.9228070175438596,2.163157894736842,22,inferred_uniform_text_timing
'-RfYyzHpjk4_8,9,got,2.163157894736842,2.4035087719298245,25,inferred_uniform_text_timing
'-RfYyzHpjk4_8,10,to,2.4035087719298245,2.643859649122807,27,inferred_uniform_text_timing
'-RfYyzHpjk4_8,11,set,2.643859649122807,2.884210526315789,30,inferred_uniform_text_timing
'-RfYyzHpjk4_8,12,up,2.884210526315789,3.1245614035087717,32,inferred_uniform_text_timing
'-RfYyzHpjk4_8,13,those,3.1245614035087717,3.364912280701754,35,inferred_uniform_text_timing
'-RfYyzHpjk4_8,14,numbers,3.364912280701754,3.6052631578947367,38,inferred_uniform_text_timing
'-RfYyzHpjk4_8,15,ahead,3.6052631578947367,3.8456140350877193,40,inferred_uniform_text_timing
'-RfYyzHpjk4_8,16,of,3.8456140350877193,4.085964912280701,43,inferred_uniform_text_timing
'-RfYyzHpjk4_8,17,time,4.085964912280701,4.326315789473684,46,inferred_uniform_text_timing
'-RfYyzHpjk4_8,18,.,4.326315789473684,4.566666666666666,48,inferred_uniform_text_timing
'-RfYyzHpjk4_2,0,You,0.0,0.20246913580246914,0,inferred_uniform_text_timing
'-RfYyzHpjk4_2,1,can,0.20246913580246914,0.4049382716049383,2,inferred_uniform_text_timing
'-RfYyzHpjk4_2,2,make,0.4049382716049383,0.6074074074074074,4,inferred_uniform_text_timing
'-RfYyzHpjk4_2,3,a,0.6074074074074074,0.8098765432098766,6,inferred_uniform_text_timing
'-RfYyzHpjk4_2,4,conference,0.8098765432098766,1.0123456790123457,8,inferred_uniform_text_timing
'-RfYyzHpjk4_2,5,call,1.0123456790123457,1.2148148148148148,10,inferred_uniform_text_timing
'-RfYyzHpjk4_2,6,but,1.2148148148148148,1.4172839506172838,12,inferred_uniform_text_timing
'-RfYyzHpjk4_2,7,it,1.4172839506172838,1.6197530864197531,13,inferred_uniform_text_timing
'-RfYyzHpjk4_2,8,takes,1.6197530864197531,1.8222222222222224,15,inferred_uniform_text_timing
'-RfYyzHpjk4_2,9,quite,1.8222222222222224,2.0246913580246915,17,inferred_uniform_text_timing
'-RfYyzHpjk4_2,10,a,2.0246913580246915,2.2271604938271605,19,inferred_uniform_text_timing
'-RfYyzHpjk4_2,11,bit,2.2271604938271605,2.4296296296296296,21,inferred_uniform_text_timing
'-RfYyzHpjk4_2,12,of,2.4296296296296296,2.6320987654320986,23,inferred_uniform_text_timing
'-RfYyzHpjk4_2,13,planning,2.6320987654320986,2.8345679012345677,25,inferred_uniform_text_timing
'-RfYyzHpjk4_2,14,",",2.8345679012345677,3.037037037037037,26,inferred_uniform_text_timing
'-RfYyzHpjk4_2,15,well,3.037037037037037,3.2395061728395063,28,inferred_uniform_text_timing
'-RfYyzHpjk4_2,16,not,3.2395061728395063,3.4419753086419753,30,inferred_uniform_text_timing
'-RfYyzHpjk4_2,17,a,3.4419753086419753,3.644444444444445,32,inferred_uniform_text_timing
'-RfYyzHpjk4_2,18,lot,3.644444444444445,3.846913580246914,34,inferred_uniform_text_timing
'-RfYyzHpjk4_2,19,of,3.846913580246914,4.049382716049383,36,inferred_uniform_text_timing
'-RfYyzHpjk4_2,20,planning,4.049382716049383,4.2518518518518515,37,inferred_uniform_text_timing
'-RfYyzHpjk4_2,21,it's,4.2518518518518515,4.454320987654321,39,inferred_uniform_text_timing
'-RfYyzHpjk4_2,22,pretty,4.454320987654321,4.6567901234567906,41,inferred_uniform_text_timing
'-RfYyzHpjk4_2,23,easy,4.6567901234567906,4.859259259259259,43,inferred_uniform_text_timing
'-RfYyzHpjk4_2,24,to,4.859259259259259,5.061728395061728,45,inferred_uniform_text_timing
'-RfYyzHpjk4_2,25,do,5.061728395061728,5.264197530864197,47,inferred_uniform_text_timing
'-RfYyzHpjk4_2,26,.,5.264197530864197,5.466666666666667,49,inferred_uniform_text_timing
'-UUCSKoHeMA_0,0,I,0.0,0.35454545454545455,1,inferred_uniform_text_timing
'-UUCSKoHeMA_0,1,mentioned,0.35454545454545455,0.7090909090909091,3,inferred_uniform_text_timing
'-UUCSKoHeMA_0,2,a,0.7090909090909091,1.0636363636363635,5,inferred_uniform_text_timing
'-UUCSKoHeMA_0,3,word,1.0636363636363635,1.4181818181818182,7,inferred_uniform_text_timing
'-UUCSKoHeMA_0,4,in,1.4181818181818182,1.7727272727272727,10,inferred_uniform_text_timing
'-UUCSKoHeMA_0,5,the,1.7727272727272727,2.127272727272727,12,inferred_uniform_text_timing
'-UUCSKoHeMA_0,6,last,2.127272727272727,2.481818181818182,14,inferred_uniform_text_timing
'-UUCSKoHeMA_0,7,clip,2.481818181818182,2.8363636363636364,17,inferred_uniform_text_timing
'-UUCSKoHeMA_0,8,called,2.8363636363636364,3.190909090909091,19,inferred_uniform_text_timing
'-UUCSKoHeMA_0,9,',3.190909090909091,3.5454545454545454,21,inferred_uniform_text_timing
'-UUCSKoHeMA_0,10,monotone,3.5454545454545454,3.9,23,inferred_uniform_text_timing
'-UUCSKoHeMA_0,11,',3.9,4.254545454545454,26,inferred_uniform_text_timing
'-UUCSKoHeMA_0,12,",",4.254545454545454,4.6090909090909085,28,inferred_uniform_text_timing
'-UUCSKoHeMA_0,13,and,4.6090909090909085,4.963636363636364,30,inferred_uniform_text_timing
'-UUCSKoHeMA_0,14,I,4.963636363636364,5.318181818181818,32,inferred_uniform_text_timing
'-UUCSKoHeMA_0,15,want,5.318181818181818,5.672727272727273,35,inferred_uniform_text_timing
'-UUCSKoHeMA_0,16,to,5.672727272727273,6.027272727272727,37,inferred_uniform_text_timing
'-UUCSKoHeMA_0,17,talk,6.027272727272727,6.381818181818182,39,inferred_uniform_text_timing
'-UUCSKoHeMA_0,18,about,6.381818181818182,6.736363636363635,42,inferred_uniform_text_timing
'-UUCSKoHeMA_0,19,that,6.736363636363635,7.090909090909091,44,inferred_uniform_text_timing
'-UUCSKoHeMA_0,20,briefly,7.090909090909091,7.445454545454544,46,inferred_uniform_text_timing
'-UUCSKoHeMA_0,21,.,7.445454545454544,7.8,48,inferred_uniform_text_timing
'-ri04Z7vwnc_0,0,going,0.0,0.3493069971870605,3,inferred_uniform_text_timing
'-ri04Z7vwnc_0,1,to,0.3493069971870605,0.698613994374121,9,inferred_uniform_text_timing
'-ri04Z7vwnc_0,2,get,0.698613994374121,1.0479209915611816,15,inferred_uniform_text_timing
'-ri04Z7vwnc_0,3,married,1.0479209915611816,1.397227988748242,21,inferred_uniform_text_timing
'-ri04Z7vwnc_0,4,or,1.397227988748242,1.7465349859353023,28,inferred_uniform_text_timing
'-ri04Z7vwnc_0,5,are,1.7465349859353023,2.095841983122363,34,inferred_uniform_text_timing
'-ri04Z7vwnc_0,6,already,2.095841983122363,2.4451489803094235,40,inferred_uniform_text_timing
'-ri04Z7vwnc_0,7,married,2.4451489803094235,2.794455977496484,46,inferred_uniform_text_timing
'-ri04Z7vwnc_2,0,most,0.0,0.29821434404283803,1,inferred_uniform_text_timing
'-ri04Z7vwnc_2,1,people,0.29821434404283803,0.5964286880856761,3,inferred_uniform_text_timing
'-ri04Z7vwnc_2,2,think,0.5964286880856761,0.894643032128514,6,inferred_uniform_text_timing
'-ri04Z7vwnc_2,3,it'll,0.894643032128514,1.1928573761713521,8,inferred_uniform_text_timing
'-ri04Z7vwnc_2,4,sort,1.1928573761713521,1.49107172021419,11,inferred_uniform_text_timing
'-ri04Z7vwnc_2,5,itself,1.49107172021419,1.789286064257028,13,inferred_uniform_text_timing
'-ri04Z7vwnc_2,6,out,1.789286064257028,2.0875004082998663,16,inferred_uniform_text_timing
'-ri04Z7vwnc_2,7,",",2.0875004082998663,2.3857147523427042,18,inferred_uniform_text_timing
'-ri04Z7vwnc_2,8,"""",2.3857147523427042,2.6839290963855422,21,inferred_uniform_text_timing
'-ri04Z7vwnc_2,9,we'll,2.6839290963855422,2.98214344042838,23,inferred_uniform_text_timing
'-ri04Z7vwnc_2,10,discuss,2.98214344042838,3.280357784471218,26,inferred_uniform_text_timing
'-ri04Z7vwnc_2,11,it,3.280357784471218,3.578572128514056,28,inferred_uniform_text_timing
'-ri04Z7vwnc_2,12,later,3.578572128514056,3.876786472556894,31,inferred_uniform_text_timing
'-ri04Z7vwnc_2,13,",",3.876786472556894,4.1750008165997325,33,inferred_uniform_text_timing
'-ri04Z7vwnc_2,14,"""",4.1750008165997325,4.47321516064257,36,inferred_uniform_text_timing
'-ri04Z7vwnc_2,15,it's,4.47321516064257,4.7714295046854085,38,inferred_uniform_text_timing
'-ri04Z7vwnc_2,16,not,4.7714295046854085,5.069643848728246,41,inferred_uniform_text_timing
'-ri04Z7vwnc_2,17,something,5.069643848728246,5.3678581927710844,43,inferred_uniform_text_timing
'-ri04Z7vwnc_2,18,too,5.3678581927710844,5.666072536813923,46,inferred_uniform_text_timing
'-ri04Z7vwnc_2,19,important,5.666072536813923,5.96428688085676,48,inferred_uniform_text_timing
'-ri04Z7vwnc_5,0,"""",0.0,0.3846431577117023,2,inferred_uniform_text_timing
'-ri04Z7vwnc_5,1,So,0.3846431577117023,0.7692863154234046,8,inferred_uniform_text_timing
'-ri04Z7vwnc_5,2,I,0.7692863154234046,1.1539294731351069,13,inferred_uniform_text_timing
'-ri04Z7vwnc_5,3,think,1.1539294731351069,1.5385726308468093,19,inferred_uniform_text_timing
'-ri04Z7vwnc_5,4,it's,1.5385726308468093,1.9232157885585117,25,inferred_uniform_text_timing
'-ri04Z7vwnc_5,5,important,1.9232157885585117,2.3078589462702137,30,inferred_uniform_text_timing
'-ri04Z7vwnc_5,6,to,2.3078589462702137,2.6925021039819166,36,inferred_uniform_text_timing
'-ri04Z7vwnc_5,7,discuss,2.6925021039819166,3.0771452616936186,41,inferred_uniform_text_timing
'-ri04Z7vwnc_5,8,finances,3.0771452616936186,3.461788419405321,47,inferred_uniform_text_timing
'-s9qJ7ATP7w_1,0,But,0.0,0.3888888888888889,2,inferred_uniform_text_timing
'-s9qJ7ATP7w_1,1,the,0.3888888888888889,0.7777777777777778,6,inferred_uniform_text_timing
'-s9qJ7ATP7w_1,2,hardest,0.7777777777777778,1.1666666666666667,10,inferred_uniform_text_timing
'-s9qJ7ATP7w_1,3,thing,1.1666666666666667,1.5555555555555556,14,inferred_uniform_text_timing
'-s9qJ7ATP7w_1,4,in,1.5555555555555556,1.9444444444444446,18,inferred_uniform_text_timing
'-s9qJ7ATP7w_1,5,life,1.9444444444444446,2.3333333333333335,22,inferred_uniform_text_timing
'-s9qJ7ATP7w_1,6,to,2.3333333333333335,2.7222222222222228,27,inferred_uniform_text_timing
'-s9qJ7ATP7w_1,7,learn,2.7222222222222228,3.111111111111111,31,inferred_uniform_text_timing
'-s9qJ7ATP7w_1,8,",",3.111111111111111,3.5,35,inferred_uniform_text_timing
'-s9qJ7ATP7w_1,9,is,3.5,3.8888888888888893,39,inferred_uniform_text_timing
'-s9qJ7ATP7w_1,10,to,3.8888888888888893,4.277777777777778,43,inferred_uniform_text_timing
'-s9qJ7ATP7w_1,11,lose,4.277777777777778,4.666666666666667,47,inferred_uniform_text_timing
'-s9qJ7ATP7w_0,0,they,0.0,0.24285714285714285,0,inferred_uniform_text_timing
'-s9qJ7ATP7w_0,1,have,0.24285714285714285,0.4857142857142857,2,inferred_uniform_text_timing
'-s9qJ7ATP7w_0,2,doubt,0.4857142857142857,0.7285714285714285,4,inferred_uniform_text_timing
'-s9qJ7ATP7w_0,3,",",0.7285714285714285,0.9714285714285714,6,inferred_uniform_text_timing
'-s9qJ7ATP7w_0,4,they,0.9714285714285714,1.2142857142857142,8,inferred_uniform_text_timing
'-s9qJ7ATP7w_0,5,have,1.2142857142857142,1.457142857142857,9,inferred_uniform_text_timing
'-s9qJ7ATP7w_0,6,fear,1.457142857142857,1.7,11,inferred_uniform_text_timing
'-s9qJ7ATP7w_0,7,",",1.7,1.9428571428571428,13,inferred_uniform_text_timing
'-s9qJ7ATP7w_0,8,they,1.9428571428571428,2.1857142857142855,15,inferred_uniform_text_timing
'-s9qJ7ATP7w_0,9,lose,2.1857142857142855,2.4285714285714284,16,inferred_uniform_text_timing
'-s9qJ7ATP7w_0,10,in,2.4285714285714284,2.6714285714285713,18,inferred_uniform_text_timing
'-s9qJ7ATP7w_0,11,a,2.6714285714285713,2.914285714285714,20,inferred_uniform_text_timing
'-s9qJ7ATP7w_0,12,Ferrari,2.914285714285714,3.157142857142857,22,inferred_uniform_text_timing
'-s9qJ7ATP7w_0,13,race,3.157142857142857,3.4,24,inferred_uniform_text_timing
'-s9qJ7ATP7w_0,14,",",3.4,3.642857142857143,25,inferred_uniform_text_timing
'-s9qJ7ATP7w_0,15,or,3.642857142857143,3.8857142857142857,27,inferred_uniform_text_timing
'-s9qJ7ATP7w_0,16,they,3.8857142857142857,4.128571428571428,29,inferred_uniform_text_timing
'-s9qJ7ATP7w_0,17,lose,4.128571428571428,4.371428571428571,31,inferred_uniform_text_timing
'-s9qJ7ATP7w_0,18,in,4.371428571428571,4.614285714285714,33,inferred_uniform_text_timing
'-s9qJ7ATP7w_0,19,a,4.614285714285714,4.857142857142857,34,inferred_uniform_text_timing
'-s9qJ7ATP7w_0,20,race,4.857142857142857,5.1,36,inferred_uniform_text_timing
'-s9qJ7ATP7w_0,21,",",5.1,5.3428571428571425,38,inferred_uniform_text_timing
'-s9qJ7ATP7w_0,22,and,5.3428571428571425,5.585714285714286,40,inferred_uniform_text_timing
'-s9qJ7ATP7w_0,23,then,5.585714285714286,5.828571428571428,41,inferred_uniform_text_timing
'-s9qJ7ATP7w_0,24,they,5.828571428571428,6.071428571428571,43,inferred_uniform_text_timing
'-s9qJ7ATP7w_0,25,just,6.071428571428571,6.314285714285714,45,inferred_uniform_text_timing
'-s9qJ7ATP7w_0,26,give,6.314285714285714,6.557142857142857,47,inferred_uniform_text_timing
'-s9qJ7ATP7w_0,27,up,6.557142857142857,6.8,49,inferred_uniform_text_timing
'-s9qJ7ATP7w_5,0,I,0.0,0.4216666666666667,1,inferred_uniform_text_timing
'-s9qJ7ATP7w_5,1,have,0.4216666666666667,0.8433333333333334,3,inferred_uniform_text_timing
'-s9qJ7ATP7w_5,2,been,0.8433333333333334,1.2650000000000001,6,inferred_uniform_text_timing
'-s9qJ7ATP7w_5,3,beat,1.2650000000000001,1.6866666666666668,8,inferred_uniform_text_timing
'-s9qJ7ATP7w_5,4,up,1.6866666666666668,2.1083333333333334,11,inferred_uniform_text_timing
'-s9qJ7ATP7w_5,5,and,2.1083333333333334,2.5300000000000002,13,inferred_uniform_text_timing
'-s9qJ7ATP7w_5,6,put,2.5300000000000002,2.9516666666666667,16,inferred_uniform_text_timing
'-s9qJ7ATP7w_5,7,down,2.9516666666666667,3.3733333333333335,18,inferred_uniform_text_timing
'-s9qJ7ATP7w_5,8,and,3.3733333333333335,3.7950000000000004,21,inferred_uniform_text_timing
'-s9qJ7ATP7w_5,9,everything,3.7950000000000004,4.216666666666667,23,inferred_uniform_text_timing
'-s9qJ7ATP7w_5,10,that,4.216666666666667,4.638333333333334,26,inferred_uniform_text_timing
'-s9qJ7ATP7w_5,11,can,4.638333333333334,5.0600000000000005,28,inferred_uniform_text_timing
'-s9qJ7ATP7w_5,12,go,5.0600000000000005,5.481666666666667,31,inferred_uniform_text_timing
'-s9qJ7ATP7w_5,13,wrong,5.481666666666667,5.903333333333333,33,inferred_uniform_text_timing
'-s9qJ7ATP7w_5,14,",",5.903333333333333,6.325,36,inferred_uniform_text_timing
'-s9qJ7ATP7w_5,15,has,6.325,6.746666666666667,38,inferred_uniform_text_timing
'-s9qJ7ATP7w_5,16,gone,6.746666666666667,7.168333333333334,41,inferred_uniform_text_timing
'-s9qJ7ATP7w_5,17,wrong,7.168333333333334,7.590000000000001,43,inferred_uniform_text_timing
'-s9qJ7ATP7w_5,18,for,7.590000000000001,8.011666666666667,46,inferred_uniform_text_timing
'-s9qJ7ATP7w_5,19,me,8.011666666666667,8.433333333333334,48,inferred_uniform_text_timing
'-s9qJ7ATP7w_4,0,I,0.0,0.43,2,inferred_uniform_text_timing
'-s9qJ7ATP7w_4,1,have,0.43,0.86,7,inferred_uniform_text_timing
'-s9qJ7ATP7w_4,2,lost,0.86,1.2899999999999998,12,inferred_uniform_text_timing
'-s9qJ7ATP7w_4,3,at,1.2899999999999998,1.72,17,inferred_uniform_text_timing
'-s9qJ7ATP7w_4,4,everything,1.72,2.15,22,inferred_uniform_text_timing
'-s9qJ7ATP7w_4,5,you,2.15,2.5799999999999996,27,inferred_uniform_text_timing
'-s9qJ7ATP7w_4,6,can,2.5799999999999996,3.01,32,inferred_uniform_text_timing
'-s9qJ7ATP7w_4,7,imagine,3.01,3.44,37,inferred_uniform_text_timing
'-s9qJ7ATP7w_4,8,",",3.44,3.8699999999999997,42,inferred_uniform_text_timing
'-s9qJ7ATP7w_4,9,seriously,3.8699999999999997,4.3,47,inferred_uniform_text_timing
'-s9qJ7ATP7w_7,0,I,0.0,0.20294117647058824,0,inferred_uniform_text_timing
'-s9qJ7ATP7w_7,1,used,0.20294117647058824,0.40588235294117647,2,inferred_uniform_text_timing
'-s9qJ7ATP7w_7,2,to,0.40588235294117647,0.6088235294117648,3,inferred_uniform_text_timing
'-s9qJ7ATP7w_7,3,work,0.6088235294117648,0.8117647058823529,5,inferred_uniform_text_timing
'-s9qJ7ATP7w_7,4,for,0.8117647058823529,1.0147058823529411,6,inferred_uniform_text_timing
'-s9qJ7ATP7w_7,5,Warren,1.0147058823529411,1.2176470588235295,8,inferred_uniform_text_timing
'-s9qJ7ATP7w_7,6,Avis,1.2176470588235295,1.4205882352941177,9,inferred_uniform_text_timing
'-s9qJ7ATP7w_7,7,",",1.4205882352941177,1.6235294117647059,11,inferred_uniform_text_timing
'-s9qJ7ATP7w_7,8,the,1.6235294117647059,1.826470588235294,12,inferred_uniform_text_timing
'-s9qJ7ATP7w_7,9,guy,1.826470588235294,2.0294117647058822,13,inferred_uniform_text_timing
'-s9qJ7ATP7w_7,10,who,2.0294117647058822,2.2323529411764707,15,inferred_uniform_text_timing
'-s9qJ7ATP7w_7,11,started,2.2323529411764707,2.435294117647059,16,inferred_uniform_text_timing
'-s9qJ7ATP7w_7,12,Avis,2.435294117647059,2.638235294117647,18,inferred_uniform_text_timing
'-s9qJ7ATP7w_7,13,Rent,2.638235294117647,2.8411764705882354,19,inferred_uniform_text_timing
'-s9qJ7ATP7w_7,14,a,2.8411764705882354,3.0441176470588234,21,inferred_uniform_text_timing
'-s9qJ7ATP7w_7,15,Car,3.0441176470588234,3.2470588235294118,22,inferred_uniform_text_timing
'-s9qJ7ATP7w_7,16,",",3.2470588235294118,3.45,24,inferred_uniform_text_timing
'-s9qJ7ATP7w_7,17,and,3.45,3.652941176470588,25,inferred_uniform_text_timing
'-s9qJ7ATP7w_7,18,he,3.652941176470588,3.855882352941176,27,inferred_uniform_text_timing
'-s9qJ7ATP7w_7,19,said,3.855882352941176,4.0588235294117645,28,inferred_uniform_text_timing
'-s9qJ7ATP7w_7,20,to,4.0588235294117645,4.261764705882353,30,inferred_uniform_text_timing
'-s9qJ7ATP7w_7,21,me,4.261764705882353,4.464705882352941,31,inferred_uniform_text_timing
'-s9qJ7ATP7w_7,22,one,4.464705882352941,4.66764705882353,33,inferred_uniform_text_timing
'-s9qJ7ATP7w_7,23,day,4.66764705882353,4.870588235294118,34,inferred_uniform_text_timing
'-s9qJ7ATP7w_7,24,",",4.870588235294118,5.073529411764706,36,inferred_uniform_text_timing
'-s9qJ7ATP7w_7,25,"""",5.073529411764706,5.276470588235294,37,inferred_uniform_text_timing
'-s9qJ7ATP7w_7,26,Robert,5.276470588235294,5.479411764705882,38,inferred_uniform_text_timing
'-s9qJ7ATP7w_7,27,",",5.479411764705882,5.682352941176471,40,inferred_uniform_text_timing
'-s9qJ7ATP7w_7,28,"""",5.682352941176471,5.885294117647059,41,inferred_uniform_text_timing
'-s9qJ7ATP7w_7,29,what's,5.885294117647059,6.088235294117647,43,inferred_uniform_text_timing
'-s9qJ7ATP7w_7,30,the,6.088235294117647,6.291176470588235,44,inferred_uniform_text_timing
'-s9qJ7ATP7w_7,31,purpose,6.291176470588235,6.4941176470588236,46,inferred_uniform_text_timing
'-s9qJ7ATP7w_7,32,of,6.4941176470588236,6.697058823529412,47,inferred_uniform_text_timing
'-s9qJ7ATP7w_7,33,business,6.697058823529412,6.9,49,inferred_uniform_text_timing
'-s9qJ7ATP7w_6,0,But,0.0,0.47333333333333333,5,inferred_uniform_text_timing
'-s9qJ7ATP7w_6,1,I,0.47333333333333333,0.9466666666666667,15,inferred_uniform_text_timing
'-s9qJ7ATP7w_6,2,just,0.9466666666666667,1.42,25,inferred_uniform_text_timing
'-s9qJ7ATP7w_6,3,kept,1.42,1.8933333333333333,35,inferred_uniform_text_timing
'-s9qJ7ATP7w_6,4,going,1.8933333333333333,2.3666666666666667,44,inferred_uniform_text_timing
'-s9qJ7ATP7w_8,0,"""",0.0,0.19019607843137254,1,inferred_uniform_text_timing
'-s9qJ7ATP7w_8,1,And,0.19019607843137254,0.3803921568627451,4,inferred_uniform_text_timing
'-s9qJ7ATP7w_8,2,I,0.3803921568627451,0.5705882352941176,7,inferred_uniform_text_timing
'-s9qJ7ATP7w_8,3,said,0.5705882352941176,0.7607843137254902,10,inferred_uniform_text_timing
'-s9qJ7ATP7w_8,4,",",0.7607843137254902,0.9509803921568628,13,inferred_uniform_text_timing
'-s9qJ7ATP7w_8,5,"""",0.9509803921568628,1.1411764705882352,16,inferred_uniform_text_timing
'-s9qJ7ATP7w_8,6,Oh,1.1411764705882352,1.3313725490196078,19,inferred_uniform_text_timing
'-s9qJ7ATP7w_8,7,",",1.3313725490196078,1.5215686274509803,22,inferred_uniform_text_timing
'-s9qJ7ATP7w_8,8,make,1.5215686274509803,1.711764705882353,25,inferred_uniform_text_timing
'-s9qJ7ATP7w_8,9,a,1.711764705882353,1.9019607843137256,27,inferred_uniform_text_timing
'-s9qJ7ATP7w_8,10,profit,1.9019607843137256,2.092156862745098,30,inferred_uniform_text_timing
'-s9qJ7ATP7w_8,11,",",2.092156862745098,2.2823529411764705,33,inferred_uniform_text_timing
'-s9qJ7ATP7w_8,12,and,2.2823529411764705,2.4725490196078432,36,inferred_uniform_text_timing
'-s9qJ7ATP7w_8,13,all,2.4725490196078432,2.6627450980392156,39,inferred_uniform_text_timing
'-s9qJ7ATP7w_8,14,these,2.6627450980392156,2.8529411764705883,42,inferred_uniform_text_timing
'-s9qJ7ATP7w_8,15,other,2.8529411764705883,3.0431372549019606,45,inferred_uniform_text_timing
'-s9qJ7ATP7w_8,16,things,3.0431372549019606,3.2333333333333334,48,inferred_uniform_text_timing
'-yRb-Jum7EQ_1,0,it,0.0,0.5303030303030303,0,inferred_uniform_text_timing
'-yRb-Jum7EQ_1,1,comes,0.5303030303030303,1.0606060606060606,1,inferred_uniform_text_timing
'-yRb-Jum7EQ_1,2,with,1.0606060606060606,1.5909090909090908,2,inferred_uniform_text_timing
'-yRb-Jum7EQ_1,3,the,1.5909090909090908,2.121212121212121,3,inferred_uniform_text_timing
'-yRb-Jum7EQ_1,4,assistance,2.121212121212121,2.651515151515152,4,inferred_uniform_text_timing
'-yRb-Jum7EQ_1,5,and,2.651515151515152,3.1818181818181817,5,inferred_uniform_text_timing
'-yRb-Jum7EQ_1,6,agitation,3.1818181818181817,3.7121212121212124,5,inferred_uniform_text_timing
'-yRb-Jum7EQ_1,7,of,3.7121212121212124,4.242424242424242,6,inferred_uniform_text_timing
'-yRb-Jum7EQ_1,8,states,4.242424242424242,4.7727272727272725,7,inferred_uniform_text_timing
'-yRb-Jum7EQ_1,9,and,4.7727272727272725,5.303030303030304,8,inferred_uniform_text_timing
'-yRb-Jum7EQ_1,10,regimes,5.303030303030304,5.833333333333334,9,inferred_uniform_text_timing
'-yRb-Jum7EQ_1,11,",",5.833333333333334,6.363636363636363,10,inferred_uniform_text_timing
'-yRb-Jum7EQ_1,12,Yesterday,6.363636363636363,6.8939393939393945,11,inferred_uniform_text_timing
'-yRb-Jum7EQ_1,13,Iran,6.8939393939393945,7.424242424242425,12,inferred_uniform_text_timing
'-yRb-Jum7EQ_1,14,announced,7.424242424242425,7.954545454545454,13,inferred_uniform_text_timing
'-yRb-Jum7EQ_1,15,that,7.954545454545454,8.484848484848484,14,inferred_uniform_text_timing
'-yRb-Jum7EQ_1,16,it,8.484848484848484,9.015151515151516,15,inferred_uniform_text_timing
'-yRb-Jum7EQ_1,17,will,9.015151515151516,9.545454545454545,15,inferred_uniform_text_timing
'-yRb-Jum7EQ_1,18,finance,9.545454545454545,10.075757575757578,16,inferred_uniform_text_timing
'-yRb-Jum7EQ_1,19,the,10.075757575757578,10.606060606060607,17,inferred_uniform_text_timing
'-yRb-Jum7EQ_1,20,families,10.606060606060607,11.136363636363637,18,inferred_uniform_text_timing
'-yRb-Jum7EQ_1,21,of,11.136363636363637,11.666666666666668,19,inferred_uniform_text_timing
'-yRb-Jum7EQ_1,22,the,11.666666666666668,12.196969696969697,20,inferred_uniform_text_timing
'-yRb-Jum7EQ_1,23,terrorists,12.196969696969697,12.727272727272727,21,inferred_uniform_text_timing
'-yRb-Jum7EQ_1,24,and,12.727272727272727,13.25757575757576,22,inferred_uniform_text_timing
'-yRb-Jum7EQ_1,25,murderers,13.25757575757576,13.787878787878789,23,inferred_uniform_text_timing
'-yRb-Jum7EQ_1,26,this,13.787878787878789,14.318181818181818,24,inferred_uniform_text_timing
'-yRb-Jum7EQ_1,27,shows,14.318181818181818,14.84848484848485,25,inferred_uniform_text_timing
'-yRb-Jum7EQ_1,28,that,14.84848484848485,15.378787878787879,25,inferred_uniform_text_timing
'-yRb-Jum7EQ_1,29,Iran,15.378787878787879,15.909090909090908,26,inferred_uniform_text_timing
'-yRb-Jum7EQ_1,30,",",15.909090909090908,16.43939393939394,27,inferred_uniform_text_timing
'-yRb-Jum7EQ_1,31,even,16.43939393939394,16.96969696969697,28,inferred_uniform_text_timing
'-yRb-Jum7EQ_1,32,after,16.96969696969697,17.5,29,inferred_uniform_text_timing
'-yRb-Jum7EQ_1,33,the,17.5,18.03030303030303,30,inferred_uniform_text_timing
'-yRb-Jum7EQ_1,34,nuclear,18.03030303030303,18.560606060606062,31,inferred_uniform_text_timing
'-yRb-Jum7EQ_1,35,agreement,18.560606060606062,19.09090909090909,32,inferred_uniform_text_timing
'-yRb-Jum7EQ_1,36,",",19.09090909090909,19.62121212121212,33,inferred_uniform_text_timing
'-yRb-Jum7EQ_1,37,is,19.62121212121212,20.151515151515156,34,inferred_uniform_text_timing
'-yRb-Jum7EQ_1,38,continuing,20.151515151515156,20.681818181818183,35,inferred_uniform_text_timing
'-yRb-Jum7EQ_1,39,to,20.681818181818183,21.212121212121215,35,inferred_uniform_text_timing
'-yRb-Jum7EQ_1,40,aid,21.212121212121215,21.742424242424246,36,inferred_uniform_text_timing
'-yRb-Jum7EQ_1,41,terrorism,21.742424242424246,22.272727272727273,37,inferred_uniform_text_timing
'-yRb-Jum7EQ_1,42,",",22.272727272727273,22.803030303030305,38,inferred_uniform_text_timing
'-yRb-Jum7EQ_1,43,including,22.803030303030305,23.333333333333336,39,inferred_uniform_text_timing
'-yRb-Jum7EQ_1,44,Palestinian,23.333333333333336,23.863636363636363,40,inferred_uniform_text_timing
'-yRb-Jum7EQ_1,45,terrorism,23.863636363636363,24.393939393939394,41,inferred_uniform_text_timing
'-yRb-Jum7EQ_1,46,",",24.393939393939394,24.924242424242426,42,inferred_uniform_text_timing
'-yRb-Jum7EQ_1,47,Hezbollah,24.924242424242426,25.454545454545453,43,inferred_uniform_text_timing
'-yRb-Jum7EQ_1,48,terrorism,25.454545454545453,25.984848484848488,44,inferred_uniform_text_timing
'-yRb-Jum7EQ_1,49,and,25.984848484848488,26.51515151515152,45,inferred_uniform_text_timing
'-yRb-Jum7EQ_1,50,its,26.51515151515152,27.045454545454547,45,inferred_uniform_text_timing
'-yRb-Jum7EQ_1,51,assistance,27.045454545454547,27.575757575757578,46,inferred_uniform_text_timing
'-yRb-Jum7EQ_1,52,to,27.575757575757578,28.10606060606061,47,inferred_uniform_text_timing
'-yRb-Jum7EQ_1,53,Hamas,28.10606060606061,28.636363636363637,48,inferred_uniform_text_timing
'-yRb-Jum7EQ_1,54,.,28.636363636363637,29.166666666666668,49,inferred_uniform_text_timing
'-yRb-Jum7EQ_5,0,Yesterday,0.0,0.4528735632183908,0,inferred_uniform_text_timing
'-yRb-Jum7EQ_5,1,Eliav,0.4528735632183908,0.9057471264367816,2,inferred_uniform_text_timing
'-yRb-Jum7EQ_5,2,Gelman,0.9057471264367816,1.3586206896551725,4,inferred_uniform_text_timing
'-yRb-Jum7EQ_5,3,lost,1.3586206896551725,1.8114942528735631,6,inferred_uniform_text_timing
'-yRb-Jum7EQ_5,4,his,1.8114942528735631,2.2643678160919536,7,inferred_uniform_text_timing
'-yRb-Jum7EQ_5,5,life,2.2643678160919536,2.717241379310345,9,inferred_uniform_text_timing
'-yRb-Jum7EQ_5,6,in,2.717241379310345,3.170114942528736,11,inferred_uniform_text_timing
'-yRb-Jum7EQ_5,7,another,3.170114942528736,3.6229885057471263,12,inferred_uniform_text_timing
'-yRb-Jum7EQ_5,8,terrorist,3.6229885057471263,4.075862068965517,14,inferred_uniform_text_timing
'-yRb-Jum7EQ_5,9,attack,4.075862068965517,4.528735632183907,16,inferred_uniform_text_timing
'-yRb-Jum7EQ_5,10,",",4.528735632183907,4.9816091954022985,18,inferred_uniform_text_timing
'-yRb-Jum7EQ_5,11,not,4.9816091954022985,5.43448275862069,19,inferred_uniform_text_timing
'-yRb-Jum7EQ_5,12,by,5.43448275862069,5.88735632183908,21,inferred_uniform_text_timing
'-yRb-Jum7EQ_5,13,the,5.88735632183908,6.340229885057472,23,inferred_uniform_text_timing
'-yRb-Jum7EQ_5,14,students,6.340229885057472,6.793103448275862,25,inferred_uniform_text_timing
'-yRb-Jum7EQ_5,15,of,6.793103448275862,7.2459770114942526,26,inferred_uniform_text_timing
'-yRb-Jum7EQ_5,16,terrorism,7.2459770114942526,7.698850574712643,28,inferred_uniform_text_timing
'-yRb-Jum7EQ_5,17,",",7.698850574712643,8.151724137931033,30,inferred_uniform_text_timing
'-yRb-Jum7EQ_5,18,but,8.151724137931033,8.604597701149425,31,inferred_uniform_text_timing
'-yRb-Jum7EQ_5,19,by,8.604597701149425,9.057471264367814,33,inferred_uniform_text_timing
'-yRb-Jum7EQ_5,20,those,9.057471264367814,9.510344827586207,35,inferred_uniform_text_timing
'-yRb-Jum7EQ_5,21,who,9.510344827586207,9.963218390804597,37,inferred_uniform_text_timing
'-yRb-Jum7EQ_5,22,teach,9.963218390804597,10.416091954022988,38,inferred_uniform_text_timing
'-yRb-Jum7EQ_5,23,terrorism,10.416091954022988,10.86896551724138,40,inferred_uniform_text_timing
'-yRb-Jum7EQ_5,24,",",10.86896551724138,11.32183908045977,42,inferred_uniform_text_timing
'-yRb-Jum7EQ_5,25,a,11.32183908045977,11.77471264367816,43,inferred_uniform_text_timing
'-yRb-Jum7EQ_5,26,Palestinian,11.77471264367816,12.22758620689655,45,inferred_uniform_text_timing
'-yRb-Jum7EQ_5,27,teacher,12.22758620689655,12.680459770114943,47,inferred_uniform_text_timing
'-yRb-Jum7EQ_5,28,.,12.680459770114943,13.133333333333333,49,inferred_uniform_text_timing
'-yRb-Jum7EQ_6,0,Therefore,0.0,0.509090909090909,1,inferred_uniform_text_timing
'-yRb-Jum7EQ_6,1,",",0.509090909090909,1.018181818181818,3,inferred_uniform_text_timing
'-yRb-Jum7EQ_6,2,the,1.018181818181818,1.5272727272727271,5,inferred_uniform_text_timing
'-yRb-Jum7EQ_6,3,world,1.5272727272727271,2.036363636363636,7,inferred_uniform_text_timing
'-yRb-Jum7EQ_6,4,needs,2.036363636363636,2.5454545454545454,10,inferred_uniform_text_timing
'-yRb-Jum7EQ_6,5,to,2.5454545454545454,3.0545454545454542,12,inferred_uniform_text_timing
'-yRb-Jum7EQ_6,6,stand,3.0545454545454542,3.563636363636363,14,inferred_uniform_text_timing
'-yRb-Jum7EQ_6,7,with,3.563636363636363,4.072727272727272,17,inferred_uniform_text_timing
'-yRb-Jum7EQ_6,8,Israel,4.072727272727272,4.581818181818182,19,inferred_uniform_text_timing
'-yRb-Jum7EQ_6,9,against,4.581818181818182,5.090909090909091,21,inferred_uniform_text_timing
'-yRb-Jum7EQ_6,10,this,5.090909090909091,5.6,23,inferred_uniform_text_timing
'-yRb-Jum7EQ_6,11,incitement,5.6,6.1090909090909085,26,inferred_uniform_text_timing
'-yRb-Jum7EQ_6,12,",",6.1090909090909085,6.618181818181818,28,inferred_uniform_text_timing
'-yRb-Jum7EQ_6,13,which,6.618181818181818,7.127272727272726,30,inferred_uniform_text_timing
'-yRb-Jum7EQ_6,14,is,7.127272727272726,7.636363636363637,32,inferred_uniform_text_timing
'-yRb-Jum7EQ_6,15,the,7.636363636363637,8.145454545454545,35,inferred_uniform_text_timing
'-yRb-Jum7EQ_6,16,number,8.145454545454545,8.654545454545454,37,inferred_uniform_text_timing
'-yRb-Jum7EQ_6,17,one,8.654545454545454,9.163636363636364,39,inferred_uniform_text_timing
'-yRb-Jum7EQ_6,18,cause,9.163636363636364,9.672727272727272,42,inferred_uniform_text_timing
'-yRb-Jum7EQ_6,19,of,9.672727272727272,10.181818181818182,44,inferred_uniform_text_timing
'-yRb-Jum7EQ_6,20,terrorism,10.181818181818182,10.69090909090909,46,inferred_uniform_text_timing
'-yRb-Jum7EQ_6,21,.,10.69090909090909,11.2,48,inferred_uniform_text_timing
