sample_id,video_id,clip_id,window_index,start_sec,end_sec,text_valid,audio_valid,vision_valid,audio_sample_start,audio_sample_end,audio_sample_count,frame_start,frame_end,frame_count,text_time_source,audio_time_source,vision_time_source
'-3g5yACwYnA_13,'-3g5yACwYnA,13,0,0.0,0.10866666666666668,0,1,1,0,1738,1738,0,4,4,inferred_uniform_text_timing,ffmpeg_audio_sample_rate,video_frame_index_and_fps
'-3g5yACwYnA_13,'-3g5yACwYnA,13,1,0.10866666666666668,0.21733333333333335,1,1,1,1738,3477,1739,3,7,3,inferred_uniform_text_timing,ffmpeg_audio_sample_rate,video_frame_index_and_fps
'-3g5yACwYnA_13,'-3g5yACwYnA,13,2,0.21733333333333335,0.326,0,1,1,3477,5216,1739,6,10,3,inferred_uniform_text_timing,ffmpeg_audio_sample_rate,video_frame_index_and_fps
'-3g5yACwYnA_13,'-3g5yACwYnA,13,3,0.326,0.4346666666666667,0,1,1,5216,6954,1738,9,14,4,inferred_uniform_text_timing,ffmpeg_audio_sample_rate,video_frame_index_and_fps
'-3g5yACwYnA_13,'-3g5yACwYnA,13,4,0.4346666666666667,0.5433333333333333,1,1,1,6954,8693,1739,13,17,3,inferred_uniform_text_timing,ffmpeg_audio_sample_rate,video_frame_index_and_fps
'-3g5yACwYnA_13,'-3g5yACwYnA,13,5,0.5433333333333333,0.652,0,1,1,8693,10432,1739,16,20,3,inferred_uniform_text_timing,ffmpeg_audio_sample_rate,video_frame_index_and_fps
'-3g5yACwYnA_13,'-3g5yACwYnA,13,6,0.652,0.7606666666666666,0,1,1,10432,12170,1738,19,23,3,inferred_uniform_text_timing,ffmpeg_audio_sample_rate,video_frame_index_and_fps
'-3g5yACwYnA_13,'-3g5yACwYnA,13,7,0.7606666666666666,0.8693333333333334,1,1,1,12170,13909,1739,22,27,4,inferred_uniform_text_timing,ffmpeg_audio_sample_rate,video_frame_index_and_fps
'-3g5yACwYnA_13,'-3g5yACwYnA,13,8,0.8693333333333334,0.9780000000000001,0,1,1,13909,15648,1739,26,30,3,inferred_uniform_text_timing,ffmpeg_audio_sample_rate,video_frame_index_and_fps
'-3g5yACwYnA_13,'-3g5yACwYnA,13,9,0.9780000000000001,1.0866666666666667,0,1,1,15648,17386,1738,29,33,3,inferred_uniform_text_timing,ffmpeg_audio_sample_rate,video_frame_index_and_fps
'-3g5yACwYnA_13,'-3g5yACwYnA,13,10,1.0866666666666667,1.1953333333333334,1,1,1,17386,19125,1739,32,36,3,inferred_uniform_text_timing,ffmpeg_audio_sample_rate,video_frame_index_and_fps
'-3g5yACwYnA_13,'-3g5yACwYnA,13,11,1.1953333333333334,1.304,0,1,1,19125,20864,1739,35,40,4,inferred_uniform_text_timing,ffmpeg_audio_sample_rate,video_frame_index_and_fps
'-3g5yACwYnA_13,'-3g5yACwYnA,13,12,1.304,1.4126666666666667,0,1,1,20864,22602,1738,39,43,3,inferred_uniform_text_timing,ffmpeg_audio_sample_rate,video_frame_index_and_fps
'-3g5yACwYnA_13,'-3g5yACwYnA,13,13,1.4126666666666667,1.5213333333333332,0,1,1,22602,24341,1739,42,46,3,inferred_uniform_text_timing,ffmpeg_audio_sample_rate,video_frame_index_and_fps
'-3g5yACwYnA_13,'-3g5yACwYnA,13,14,1.5213333333333332,1.63,1,1,1,24341,26080,1739,45,49,3,inferred_uniform_text_timing,ffmpeg_audio_sample_rate,video_frame_index_and_fps
'-3g5yACwYnA_13,'-3g5yACwYnA,13,15,1.63,1.7386666666666668,0,1,1,26080,27818,1738,48,53,4,inferred_uniform_text_timing,ffmpeg_audio_sample_rate,video_frame_index_and_fps
'-3g5yACwYnA_13,'-3g5yACwYnA,13,16,1.7386666666666668,1.8473333333333335,0,1,1,27818,29557,1739,52,56,3,inferred_uniform_text_timing,ffmpeg_audio_sample_rate,video_frame_index_and_fps
'-3g5yACwYnA_13,'-3g5yACwYnA,13,17,1.8473333333333335,1.9560000000000002,1,1,1,29557,31296,1739,55,59,3,inferred_uniform_text_timing,ffmpeg_audio_sample_rate,video_frame_index_and_fps
'-3g5yACwYnA_13,'-3g5yACwYnA,13,18,1.9560000000000002,2.0646666666666667,0,1,1,31296,33034,1738,58,62,3,inferred_uniform_text_timing,ffmpeg_audio_sample_rate,video_frame_index_and_fps
'-3g5yACwYnA_13,'-3g5yACwYnA,13,19,2.0646666666666667,2.1733333333333333,0,1,1,33034,34773,1739,61,66,4,inferred_uniform_text_timing,ffmpeg_audio_sample_rate,video_frame_index_and_fps
'-3g5yACwYnA_13,'-3g5yACwYnA,13,20,2.1733333333333333,2.282,1,1,1,34773,36512,1739,65,69,3,inferred_uniform_text_timing,ffmpeg_audio_sample_rate,video_frame_index_and_fps
'-3g5yACwYnA_13,'-3g5yACwYnA,13,21,2.282,2.3906666666666667,0,1,1,36512,38250,1738,68,72,3,inferred_uniform_text_timing,ffmpeg_audio_sample_rate,video_frame_index_and_fps
'-3g5yACwYnA_13,'-3g5yACwYnA,13,22,2.3906666666666667,2.4993333333333334,0,1,1,38250,39989,1739,71,75,3,inferred_uniform_text_timing,ffmpeg_audio_sample_rate,video_frame_index_and_fps
'-3g5yACwYnA_13,'-3g5yACwYnA,13,23,2.4993333333333334,2.608,1,1,1,39989,41728,1739,74,79,4,inferred_uniform_text_timing,ffmpeg_audio_sample_rate,video_frame_index_and_fps
'-3g5yACwYnA_13,'-3g5yACwYnA,13,24,2.608,2.716666666666667,0,1,1,41728,43466,1738,78,82,3,inferred_uniform_text_timing,ffmpeg_audio_sample_rate,video_frame_index_and_fps
'-3g5yACwYnA_13,'-3g5yACwYnA,13,25,2.716666666666667,2.8253333333333335,0,1,1,43466,45205,1739,81,85,3,inferred_uniform_text_timing,ffmpeg_audio_sample_rate,video_frame_index_and_fps
'-3g5yACwYnA_13,'-3g5yACwYnA,13,26,2.8253333333333335,2.934,1,1,1,45205,46944,1739,84,89,4,inferred_uniform_text_timing,ffmpeg_audio_sample_rate,video_frame_index_and_fps
'-3g5yACwYnA_13,'-3g5yACwYnA,13,27,2.934,3.0426666666666664,0,1,1,46944,48682,1738,88,92,3,inferred_uniform_text_timing,ffmpeg_audio_sample_rate,video_frame_index_and_fps
'-3g5yACwYnA_13,'-3g5yACwYnA,13,28,3.0426666666666664,3.151333333333333,0,1,1,48682,50421,1739,91,95,3,inferred_uniform_text_timing,ffmpeg_audio_sample_rate,video_frame_index_and_fps
'-3g5yACwYnA_13,'-3g5yACwYnA,13,29,3.151333333333333,3.26,1,1,1,50421,52160,1739,94,98,3,inferred_uniform_text_timing,ffmpeg_audio_sample_rate,video_frame_index_and_fps
'-3g5yACwYnA_13,'-3g5yACwYnA,13,30,3.26,3.368666666666667,0,1,1,52160,53898,1738,97,102,4,inferred_uniform_text_timing,ffmpeg_audio_sample_rate,video_frame_index_and_fps
'-3g5yACwYnA_13,'-3g5yACwYnA,13,31,3.368666666666667,3.4773333333333336,0,1,1,53898,55637,1739,101,105,3,inferred_uniform_text_timing,ffmpeg_audio_sample_rate,video_frame_index_and_fps
'-3g5yACwYnA_13,'-3g5yACwYnA,13,32,3.4773333333333336,3.5860000000000003,1,1,1,55637,57376,1739,104,108,3,inferred_uniform_text_timing,ffmpeg_audio_sample_rate,video_frame_index_and_fps
'-3g5yACwYnA_13,'-3g5yACwYnA,13,33,3.5860000000000003,3.694666666666667,0,1,1,57376,59114,1738,107,111,3,inferred_uniform_text_timing,ffmpeg_audio_sample_rate,video_frame_index_and_fps
'-3g5yACwYnA_13,'-3g5yACwYnA,13,34,3.694666666666667,3.8033333333333337,0,1,1,59114,60853,1739,110,115,4,inferred_uniform_text_timing,ffmpeg_audio_sample_rate,video_frame_index_and_fps
'-3g5yACwYnA_13,'-3g5yACwYnA,13,35,3.8033333333333337,3.9120000000000004,1,1,1,60853,62592,1739,114,118,3,inferred_uniform_text_timing,ffmpeg_audio_sample_rate,video_frame_index_and_fps
'-3g5yACwYnA_13,'-3g5yACwYnA,13,36,3.9120000000000004,4.020666666666667,0,1,1,62592,64330,1738,117,121,3,inferred_uniform_text_timing,ffmpeg_audio_sample_rate,video_frame_index_and_fps
'-3g5yACwYnA_13,'-3g5yACwYnA,13,37,4.020666666666667,4.129333333333333,0,1,1,64330,66069,1739,120,124,3,inferred_uniform_text_timing,ffmpeg_audio_sample_rate,video_frame_index_and_fps
'-3g5yACwYnA_13,'-3g5yACwYnA,13,38,4.129333333333333,4.238,0,1,1,66069,67808,1739,123,128,4,inferred_uniform_text_timing,ffmpeg_audio_sample_rate,video_frame_index_and_fps
'-3g5yACwYnA_13,'-3g5yACwYnA,13,39,4.238,4.346666666666667,1,1,1,67808,69546,1738,127,131,3,inferred_uniform_text_timing,ffmpeg_audio_sample_rate,video_frame_index_and_fps
'-3g5yACwYnA_13,'-3g5yACwYnA,13,40,4.346666666666667,4.455333333333334,0,1,1,69546,71285,1739,130,134,3,inferred_uniform_text_timing,ffmpeg_audio_sample_rate,video_frame_index_and_fps
'-3g5yACwYnA_13,'-3g5yACwYnA,13,41,4.455333333333334,4.564,0,1,1,71285,73024,1739,133,137,3,inferred_uniform_text_timing,ffmpeg_audio_sample_rate,video_frame_index_and_fps
'-3g5yACwYnA_13,'-3g5yACwYnA,13,42,4.564,4.672666666666667,1,1,1,73024,74762,1738,136,141,4,inferred_uniform_text_timing,ffmpeg_audio_sample_rate,video_frame_index_and_fps
'-3g5yACwYnA_13,'-3g5yACwYnA,13,43,4.672666666666667,4.781333333333333,0,1,1,74762,76501,1739,140,144,3,inferred_uniform_text_timing,ffmpeg_audio_sample_rate,video_frame_index_and_fps
'-3g5yACwYnA_13,'-3g5yACwYnA,13,44,4.781333333333333,4.89,0,1,1,76501,78240,1739,143,147,3,inferred_uniform_text_timing,ffmpeg_audio_sample_rate,video_frame_index_and_fps
'-3g5yACwYnA_13,'-3g5yACwYnA,13,45,4.89,4.998666666666667,1,1,1,78240,79978,1738,146,150,3,inferred_uniform_text_timing,ffmpeg_audio_sample_rate,video_frame_index_and_fps
'-3g5yACwYnA_13,'-3g5yACwYnA,13,46,4.998666666666667,5.107333333333333,0,1,1,79978,81717,1739,149,154,4,inferred_uniform_text_timing,ffmpeg_audio_sample_rate,video_frame_index_and_fps
'-3g5yACwYnA_13,'-3g5yACwYnA,13,47,5.107333333333333,5.216,0,1,1,81717,83456,1739,153,157,3,inferred_uniform_text_timing,ffmpeg_audio_sample_rate,video_frame_index_and_fps
'-3g5yACwYnA_13,'-3g5yACwYnA,13,48,5.216,5.324666666666667,1,1,1,83456,85194,1738,156,160,3,inferred_uniform_text_timing,ffmpeg_audio_sample_rate,video_frame_index_and_fps
'-3g5yACwYnA_13,'-3g5yACwYnA,13,49,5.324666666666667,5.433333333333334,0,1,1,85194,86933,1192,159,163,3,inferred_uniform_text_timing,ffmpeg_audio_sample_rate,video_frame_index_and_fps
'-3g5yACwYnA_3,'-3g5yACwYnA,3,0,0.0,0.28733333333333333,1,1,1,0,4597,4597,0,9,9,inferred_uniform_text_timing,ffmpeg_audio_sample_rate,video_frame_index_and_fps
'-3g5yACwYnA_3,'-3g5yACwYnA,3,1,0.28733333333333333,0.5746666666666667,0,1,1,4597,9194,4597,8,18,9,inferred_uniform_text_timing,ffmpeg_audio_sample_rate,video_frame_index_and_fps
'-3g5yACwYnA_3,'-3g5yACwYnA,3,2,0.5746666666666667,0.862,1,1,1,9194,13792,4598,17,26,8,inferred_uniform_text_timing,ffmpeg_audio_sample_rate,video_frame_index_and_fps
'-3g5yACwYnA_3,'-3g5yACwYnA,3,3,0.862,1.1493333333333333,1,1,1,13792,18389,4597,25,35,9,inferred_uniform_text_timing,ffmpeg_audio_sample_rate,video_frame_index_and_fps
'-3g5yACwYnA_3,'-3g5yACwYnA,3,4,1.1493333333333333,1.4366666666666668,0,1,1,18389,22986,4597,34,44,9,inferred_uniform_text_timing,ffmpeg_audio_sample_rate,video_frame_index_and_fps
'-3g5yACwYnA_3,'-3g5yACwYnA,3,5,1.4366666666666668,1.724,1,1,1,22986,27584,4598,43,52,8,inferred_uniform_text_timing,ffmpeg_audio_sample_rate,video_frame_index_and_fps
'-3g5yACwYnA_3,'-3g5yACwYnA,3,6,1.724,2.0113333333333334,0,1,1,27584,32181,4597,51,61,9,inferred_uniform_text_timing,ffmpeg_audio_sample_rate,video_frame_index_and_fps
'-3g5yACwYnA_3,'-3g5yACwYnA,3,7,2.0113333333333334,2.2986666666666666,1,1,1,32181,36778,4597,60,69,8,inferred_uniform_text_timing,ffmpeg_audio_sample_rate,video_frame_index_and_fps
'-3g5yACwYnA_3,'-3g5yACwYnA,3,8,2.2986666666666666,2.5860000000000003,1,1,1,36778,41376,4598,68,78,9,inferred_uniform_text_timing,ffmpeg_audio_sample_rate,video_frame_index_and_fps
'-3g5yACwYnA_3,'-3g5yACwYnA,3,9,2.5860000000000003,2.8733333333333335,0,1,1,41376,45973,4597,77,87,9,inferred_uniform_text_timing,ffmpeg_audio_sample_rate,video_frame_index_and_fps
'-3g5yACwYnA_3,'-3g5yACwYnA,3,10,2.8733333333333335,3.1606666666666667,1,1,1,45973,50570,4597,86,95,8,inferred_uniform_text_timing,ffmpeg_audio_sample_rate,video_frame_index_and_fps
'-3g5yACwYnA_3,'-3g5yACwYnA,3,11,3.1606666666666667,3.448,1,1,1,50570,55168,4598,94,104,9,inferred_uniform_text_timing,ffmpeg_audio_sample_rate,video_frame_index_and_fps
'-3g5yACwYnA_3,'-3g5yACwYnA,3,12,3.448,3.7353333333333336,0,1,1,55168,59765,4597,103,113,9,inferred_uniform_text_timing,ffmpeg_audio_sample_rate,video_frame_index_and_fps
'-3g5yACwYnA_3,'-3g5yACwYnA,3,13,3.7353333333333336,4.022666666666667,1,1,1,59765,64362,4597,112,121,8,inferred_uniform_text_timing,ffmpeg_audio_sample_rate,video_frame_index_and_fps
'-3g5yACwYnA_3,'-3g5yACwYnA,3,14,4.022666666666667,4.31,1,1,1,64362,68960,4598,120,130,9,inferred_uniform_text_timing,ffmpeg_audio_sample_rate,video_frame_index_and_fps
'-3g5yACwYnA_3,'-3g5yACwYnA,3,15,4.31,4.597333333333333,0,1,1,68960,73557,4597,129,138,8,inferred_uniform_text_timing,ffmpeg_audio_sample_rate,video_frame_index_and_fps
'-3g5yACwYnA_3,'-3g5yACwYnA,3,16,4.597333333333333,4.884666666666667,1,1,1,73557,78154,4597,137,147,9,inferred_uniform_text_timing,ffmpeg_audio_sample_rate,video_frame_index_and_fps
'-3g5yACwYnA_3,'-3g5yACwYnA,3,17,4.884666666666667,5.172000000000001,1,1,1,78154,82752,4598,146,156,9,inferred_uniform_text_timing,ffmpeg_audio_sample_rate,video_frame_index_and_fps
'-3g5yACwYnA_3,'-3g5yACwYnA,3,18,5.172000000000001,5.459333333333334,0,1,1,82752,87349,4597,155,164,8,inferred_uniform_text_timing,ffmpeg_audio_sample_rate,video_frame_index_and_fps
'-3g5yACwYnA_3,'-3g5yACwYnA,3,19,5.459333333333334,5.746666666666667,1,1,1,87349,91946,4597,163,173,9,inferred_uniform_text_timing,ffmpeg_audio_sample_rate,video_frame_index_and_fps
'-3g5yACwYnA_3,'-3g5yACwYnA,3,20,5.746666666666667,6.034,0,1,1,91946,96544,4598,172,182,9,inferred_uniform_text_timing,ffmpeg_audio_sample_rate,video_frame_index_and_fps
'-3g5yACwYnA_3,'-3g5yACwYnA,3,21,6.034,6.3213333333333335,1,1,1,96544,101141,4597,181,190,8,inferred_uniform_text_timing,ffmpeg_audio_sample_rate,video_frame_index_and_fps
'-3g5yACwYnA_3,'-3g5yACwYnA,3,22,6.3213333333333335,6.608666666666667,1,1,1,101141,105738,4597,189,199,9,inferred_uniform_text_timing,ffmpeg_audio_sample_rate,video_frame_index_and_fps
'-3g5yACwYnA_3,'-3g5yACwYnA,3,23,6.608666666666667,6.896,0,1,1,105738,110336,4598,198,207,8,inferred_uniform_text_timing,ffmpeg_audio_sample_rate,video_frame_index_and_fps
'-3g5yACwYnA_3,'-3g5yACwYnA,3,24,6.896,7.183333333333334,1,1,1,110336,114933,4597,206,216,9,inferred_uniform_text_timing,ffmpeg_audio_sample_rate,video_frame_index_and_fps
'-3g5yACwYnA_3,'-3g5yACwYnA,3,25,7.183333333333334,7.470666666666667,1,1,1,114933,119530,4597,215,225,9,inferred_uniform_text_timing,ffmpeg_audio_sample_rate,video_frame_index_and_fps
'-3g5yACwYnA_3,'-3g5yACwYnA,3,26,7.470666666666667,7.758000000000001,0,1,1,119530,124128,4598,224,233,8,inferred_uniform_text_timing,ffmpeg_audio_sample_rate,video_frame_index_and_fps
'-3g5yACwYnA_3,'-3g5yACwYnA,3,27,7.758000000000001,8.045333333333334,1,1,1,124128,128725,4597,232,242,9,inferred_uniform_text_timing,ffmpeg_audio_sample_rate,video_frame_index_and_fps
'-3g5yACwYnA_3,'-3g5yACwYnA,3,28,8.045333333333334,8.332666666666666,1,1,1,128725,133322,4597,241,250,8,inferred_uniform_text_timing,ffmpeg_audio_sample_rate,video_frame_index_and_fps
'-3g5yACwYnA_3,'-3g5yACwYnA,3,29,8.332666666666666,8.62,0,1,1,133322,137920,4598,249,259,9,inferred_uniform_text_timing,ffmpeg_audio_sample_rate,video_frame_index_and_fps
'-3g5yACwYnA_3,'-3g5yACwYnA,3,30,8.62,8.907333333333334,1,1,1,137920,142517,4597,258,268,9,inferred_uniform_text_timing,ffmpeg_audio_sample_rate,video_frame_index_and_fps
'-3g5yACwYnA_3,'-3g5yACwYnA,3,31,8.907333333333334,9.194666666666667,0,1,1,142517,147114,4597,267,276,8,inferred_uniform_text_timing,ffmpeg_audio_sample_rate,video_frame_index_and_fps
'-3g5yACwYnA_3,'-3g5yACwYnA,3,32,9.194666666666667,9.482000000000001,1,1,1,147114,151712,4598,275,285,9,inferred_uniform_text_timing,ffmpeg_audio_sample_rate,video_frame_index_and_fps
'-3g5yACwYnA_3,'-3g5yACwYnA,3,33,9.482000000000001,9.769333333333334,1,1,1,151712,156309,4597,284,294,9,inferred_uniform_text_timing,ffmpeg_audio_sample_rate,video_frame_index_and_fps
'-3g5yACwYnA_3,'-3g5yACwYnA,3,34,9.769333333333334,10.056666666666667,0,1,1,156309,160906,4597,293,302,8,inferred_uniform_text_timing,ffmpeg_audio_sample_rate,video_frame_index_and_fps
'-3g5yACwYnA_3,'-3g5yACwYnA,3,35,10.056666666666667,10.344000000000001,1,1,1,160906,165504,4598,301,311,9,inferred_uniform_text_timing,ffmpeg_audio_sample_rate,video_frame_index_and_fps
'-3g5yACwYnA_3,'-3g5yACwYnA,3,36,10.344000000000001,10.631333333333334,1,1,1,165504,170101,4597,310,319,8,inferred_uniform_text_timing,ffmpeg_audio_sample_rate,video_frame_index_and_fps
'-3g5yACwYnA_3,'-3g5yACwYnA,3,37,10.631333333333334,10.918666666666669,0,1,1,170101,174698,4597,318,328,9,inferred_uniform_text_timing,ffmpeg_audio_sample_rate,video_frame_index_and_fps
'-3g5yACwYnA_3,'-3g5yACwYnA,3,38,10.918666666666669,11.206000000000001,1,1,1,174698,179296,4598,327,337,9,inferred_uniform_text_timing,ffmpeg_audio_sample_rate,video_frame_index_and_fps
'-3g5yACwYnA_3,'-3g5yACwYnA,3,39,11.206000000000001,11.493333333333334,1,1,1,179296,183893,4597,336,345,8,inferred_uniform_text_timing,ffmpeg_audio_sample_rate,video_frame_index_and_fps
'-3g5yACwYnA_3,'-3g5yACwYnA,3,40,11.493333333333334,11.780666666666667,0,1,1,183893,188490,4597,344,354,9,inferred_uniform_text_timing,ffmpeg_audio_sample_rate,video_frame_index_and_fps
'-3g5yACwYnA_3,'-3g5yACwYnA,3,41,11.780666666666667,12.068,1,1,1,188490,193088,4598,353,363,9,inferred_uniform_text_timing,ffmpeg_audio_sample_rate,video_frame_index_and_fps
'-3g5yACwYnA_3,'-3g5yACwYnA,3,42,12.068,12.355333333333332,1,1,1,193088,197685,4597,362,371,8,inferred_uniform_text_timing,ffmpeg_audio_sample_rate,video_frame_index_and_fps
'-3g5yACwYnA_3,'-3g5yACwYnA,3,43,12.355333333333332,12.642666666666667,0,1,1,197685,202282,4597,370,380,9,inferred_uniform_text_timing,ffmpeg_audio_sample_rate,video_frame_index_and_fps
'-3g5yACwYnA_3,'-3g5yACwYnA,3,44,12.642666666666667,12.93,1,1,1,202282,206880,4598,379,388,8,inferred_uniform_text_timing,ffmpeg_audio_sample_rate,video_frame_index_and_fps
'-3g5yACwYnA_3,'-3g5yACwYnA,3,45,12.93,13.217333333333334,0,1,1,206880,211477,4597,387,397,9,inferred_uniform_text_timing,ffmpeg_audio_sample_rate,video_frame_index_and_fps
'-3g5yACwYnA_3,'-3g5yACwYnA,3,46,13.217333333333334,13.504666666666667,1,1,1,211477,216074,4597,396,406,9,inferred_uniform_text_timing,ffmpeg_audio_sample_rate,video_frame_index_and_fps
'-3g5yACwYnA_3,'-3g5yACwYnA,3,47,13.504666666666667,13.792,1,1,1,216074,220672,4598,405,414,8,inferred_uniform_text_timing,ffmpeg_audio_sample_rate,video_frame_index_and_fps
'-3g5yACwYnA_3,'-3g5yACwYnA,3,48,13.792,14.079333333333334,0,1,1,220672,225269,4597,413,423,9,inferred_uniform_text_timing,ffmpeg_audio_sample_rate,video_frame_index_and_fps
'-3g5yACwYnA_3,'-3g5yACwYnA,3,49,14.079333333333334,14.366666666666667,1,1,1,225269,229866,3977,422,431,8,inferred_uniform_text_timing,ffmpeg_audio_sample_rate,video_frame_index_and_fps
'-3g5yACwYnA_2,'-3g5yACwYnA,2,0,0.0,0.18533333333333335,0,1,1,0,2965,2965,0,6,6,inferred_uniform_text_timing,ffmpeg_audio_sample_rate,video_frame_index_and_fps
'-3g5yACwYnA_2,'-3g5yACwYnA,2,1,0.18533333333333335,0.3706666666666667,1,1,1,2965,5930,2965,5,12,6,inferred_uniform_text_timing,ffmpeg_audio_sample_rate,video_frame_index_and_fps
'-3g5yACwYnA_2,'-3g5yACwYnA,2,2,0.3706666666666667,0.556,0,1,1,5930,8896,2966,11,17,5,inferred_uniform_text_timing,ffmpeg_audio_sample_rate,video_frame_index_and_fps
'-3g5yACwYnA_2,'-3g5yACwYnA,2,3,0.556,0.7413333333333334,0,1,1,8896,11861,2965,16,23,6,inferred_uniform_text_timing,ffmpeg_audio_sample_rate,video_frame_index_and_fps
'-3g5yACwYnA_2,'-3g5yACwYnA,2,4,0.7413333333333334,0.9266666666666667,0,1,1,11861,14826,2965,22,28,5,inferred_uniform_text_timing,ffmpeg_audio_sample_rate,video_frame_index_and_fps
'-3g5yACwYnA_2,'-3g5yACwYnA,2,5,0.9266666666666667,1.112,1,1,1,14826,17792,2966,27,34,6,inferred_uniform_text_timing,ffmpeg_audio_sample_rate,video_frame_index_and_fps
'-3g5yACwYnA_2,'-3g5yACwYnA,2,6,1.112,1.2973333333333334,0,1,1,17792,20757,2965,33,39,5,inferred_uniform_text_timing,ffmpeg_audio_sample_rate,video_frame_index_and_fps
'-3g5yACwYnA_2,'-3g5yACwYnA,2,7,1.2973333333333334,1.4826666666666668,0,1,1,20757,23722,2965,38,45,6,inferred_uniform_text_timing,ffmpeg_audio_sample_rate,video_frame_index_and_fps
'-3g5yACwYnA_2,'-3g5yACwYnA,2,8,1.4826666666666668,1.6680000000000001,1,1,1,23722,26688,2966,44,51,6,inferred_uniform_text_timing,ffmpeg_audio_sample_rate,video_frame_index_and_fps
'-3g5yACwYnA_2,'-3g5yACwYnA,2,9,1.6680000000000001,1.8533333333333335,0,1,1,26688,29653,2965,50,56,5,inferred_uniform_text_timing,ffmpeg_audio_sample_rate,video_frame_index_and_fps
'-3g5yACwYnA_2,'-3g5yACwYnA,2,10,1.8533333333333335,2.038666666666667,0,1,1,29653,32618,2965,55,62,6,inferred_uniform_text_timing,ffmpeg_audio_sample_rate,video_frame_index_and_fps
'-3g5yACwYnA_2,'-3g5yACwYnA,2,11,2.038666666666667,2.224,1,1,1,32618,35584,2966,61,67,5,inferred_uniform_text_timing,ffmpeg_audio_sample_rate,video_frame_index_and_fps
'-3g5yACwYnA_2,'-3g5yACwYnA,2,12,2.224,2.4093333333333335,0,1,1,35584,38549,2965,66,73,6,inferred_uniform_text_timing,ffmpeg_audio_sample_rate,video_frame_index_and_fps
'-3g5yACwYnA_2,'-3g5yACwYnA,2,13,2.4093333333333335,2.594666666666667,0,1,1,38549,41514,2965,72,78,5,inferred_uniform_text_timing,ffmpeg_audio_sample_rate,video_frame_index_and_fps
'-3g5yACwYnA_2,'-3g5yACwYnA,2,14,2.594666666666667,2.78,0,1,1,41514,44480,2966,77,84,6,inferred_uniform_text_timing,ffmpeg_audio_sample_rate,video_frame_index_and_fps
'-3g5yACwYnA_2,'-3g5yACwYnA,2,15,2.78,2.9653333333333336,1,1,1,44480,47445,2965,83,89,5,inferred_uniform_text_timing,ffmpeg_audio_sample_rate,video_frame_index_and_fps
'-3g5yACwYnA_2,'-3g5yACwYnA,2,16,2.9653333333333336,3.1506666666666674,0,1,1,47445,50410,2965,88,95,6,inferred_uniform_text_timing,ffmpeg_audio_sample_rate,video_frame_index_and_fps
'-3g5yACwYnA_2,'-3g5yACwYnA,2,17,3.1506666666666674,3.3360000000000003,0,1,1,50410,53376,2966,94,101,6,inferred_uniform_text_timing,ffmpeg_audio_sample_rate,video_frame_index_and_fps
'-3g5yACwYnA_2,'-3g5yACwYnA,2,18,3.3360000000000003,3.5213333333333336,1,1,1,53376,56341,2965,100,106,5,inferred_uniform_text_timing,ffmpeg_audio_sample_rate,video_frame_index_and_fps
'-3g5yACwYnA_2,'-3g5yACwYnA,2,19,3.5213333333333336,3.706666666666667,0,1,1,56341,59306,2965,105,112,6,inferred_uniform_text_timing,ffmpeg_audio_sample_rate,video_frame_index_and_fps
'-3g5yACwYnA_2,'-3g5yACwYnA,2,20,3.706666666666667,3.8920000000000003,0,1,1,59306,62272,2966,111,117,5,inferred_uniform_text_timing,ffmpeg_audio_sample_rate,video_frame_index_and_fps
'-3g5yACwYnA_2,'-3g5yACwYnA,2,21,3.8920000000000003,4.077333333333334,1,1,1,62272,65237,2965,116,123,6,inferred_uniform_text_timing,ffmpeg_audio_sample_rate,video_frame_index_and_fps
'-3g5yACwYnA_2,'-3g5yACwYnA,2,22,4.077333333333334,4.262666666666667,0,1,1,65237,68202,2965,122,128,5,inferred_uniform_text_timing,ffmpeg_audio_sample_rate,video_frame_index_and_fps
'-3g5yACwYnA_2,'-3g5yACwYnA,2,23,4.262666666666667,4.448,0,1,1,68202,71168,2966,127,134,6,inferred_uniform_text_timing,ffmpeg_audio_sample_rate,video_frame_index_and_fps
'-3g5yACwYnA_2,'-3g5yACwYnA,2,24,4.448,4.633333333333334,0,1,1,71168,74133,2965,133,139,5,inferred_uniform_text_timing,ffmpeg_audio_sample_rate,video_frame_index_and_fps
'-3g5yACwYnA_2,'-3g5yACwYnA,2,25,4.633333333333334,4.818666666666667,1,1,1,74133,77098,2965,139,145,6,inferred_uniform_text_timing,ffmpeg_audio_sample_rate,video_frame_index_and_fps
'-3g5yACwYnA_2,'-3g5yACwYnA,2,26,4.818666666666667,5.0040000000000004,0,1,1,77098,80064,2966,144,151,6,inferred_uniform_text_timing,ffmpeg_audio_sample_rate,video_frame_index_and_fps
'-3g5yACwYnA_2,'-3g5yACwYnA,2,27,5.0040000000000004,5.189333333333334,0,1,1,80064,83029,2965,150,156,5,inferred_uniform_text_timing,ffmpeg_audio_sample_rate,video_frame_index_and_fps
'-3g5yACwYnA_2,'-3g5yACwYnA,2,28,5.189333333333334,5.374666666666667,1,1,1,83029,85994,2965,155,162,6,inferred_uniform_text_timing,ffmpeg_audio_sample_rate,video_frame_index_and_fps
'-3g5yACwYnA_2,'-3g5yACwYnA,2,29,5.374666666666667,5.56,0,1,1,85994,88960,2966,161,167,5,inferred_uniform_text_timing,ffmpeg_audio_sample_rate,video_frame_index_and_fps
'-3g5yACwYnA_2,'-3g5yACwYnA,2,30,5.56,5.745333333333334,0,1,1,88960,91925,2965,166,173,6,inferred_uniform_text_timing,ffmpeg_audio_sample_rate,video_frame_index_and_fps
'-3g5yACwYnA_2,'-3g5yACwYnA,2,31,5.745333333333334,5.930666666666667,1,1,1,91925,94890,2965,172,178,5,inferred_uniform_text_timing,ffmpeg_audio_sample_rate,video_frame_index_and_fps
'-3g5yACwYnA_2,'-3g5yACwYnA,2,32,5.930666666666667,6.1160000000000005,0,1,1,94890,97856,2966,177,184,6,inferred_uniform_text_timing,ffmpeg_audio_sample_rate,video_frame_index_and_fps
'-3g5yACwYnA_2,'-3g5yACwYnA,2,33,6.1160000000000005,6.301333333333335,0,1,1,97856,100821,2965,183,190,6,inferred_uniform_text_timing,ffmpeg_audio_sample_rate,video_frame_index_and_fps
'-3g5yACwYnA_2,'-3g5yACwYnA,2,34,6.301333333333335,6.486666666666667,0,1,1,100821,103786,2965,189,195,5,inferred_uniform_text_timing,ffmpeg_audio_sample_rate,video_frame_index_and_fps
'-3g5yACwYnA_2,'-3g5yACwYnA,2,35,6.486666666666667,6.672000000000001,1,1,1,103786,106752,2966,194,201,6,inferred_uniform_text_timing,ffmpeg_audio_sample_rate,video_frame_index_and_fps
'-3g5yACwYnA_2,'-3g5yACwYnA,2,36,6.672000000000001,6.857333333333333,0,1,1,106752,109717,2965,200,206,5,inferred_uniform_text_timing,ffmpeg_audio_sample_rate,video_frame_index_and_fps
'-3g5yACwYnA_2,'-3g5yACwYnA,2,37,6.857333333333333,7.042666666666667,0,1,1,109717,112682,2965,205,212,6,inferred_uniform_text_timing,ffmpeg_audio_sample_rate,video_frame_index_and_fps
'-3g5yACwYnA_2,'-3g5yACwYnA,2,38,7.042666666666667,7.228000000000001,1,1,1,112682,115648,2966,211,217,5,inferred_uniform_text_timing,ffmpeg_audio_sample_rate,video_frame_index_and_fps
'-3g5yACwYnA_2,'-3g5yACwYnA,2,39,7.228000000000001,7.413333333333334,0,1,1,115648,118613,2965,216,223,6,inferred_uniform_text_timing,ffmpeg_audio_sample_rate,video_frame_index_and_fps
'-3g5yACwYnA_2,'-3g5yACwYnA,2,40,7.413333333333334,7.598666666666668,0,1,1,118613,121578,2965,222,228,5,inferred_uniform_text_timing,ffmpeg_audio_sample_rate,video_frame_index_and_fps
'-3g5yACwYnA_2,'-3g5yACwYnA,2,41,7.598666666666668,7.784000000000001,1,1,1,121578,124544,2966,227,234,6,inferred_uniform_text_timing,ffmpeg_audio_sample_rate,video_frame_index_and_fps
'-3g5yACwYnA_2,'-3g5yACwYnA,2,42,7.784000000000001,7.969333333333334,0,1,1,124544,127509,2965,233,240,6,inferred_uniform_text_timing,ffmpeg_audio_sample_rate,video_frame_index_and_fps
'-3g5yACwYnA_2,'-3g5yACwYnA,2,43,7.969333333333334,8.154666666666667,0,1,1,127509,130474,2965,239,245,5,inferred_uniform_text_timing,ffmpeg_audio_sample_rate,video_frame_index_and_fps
'-3g5yACwYnA_2,'-3g5yACwYnA,2,44,8.154666666666667,8.340000000000002,1,1,1,130474,133440,2966,244,251,6,inferred_uniform_text_timing,ffmpeg_audio_sample_rate,video_frame_index_and_fps
'-3g5yACwYnA_2,'-3g5yACwYnA,2,45,8.340000000000002,8.525333333333334,0,1,1,133440,136405,2965,250,256,5,inferred_uniform_text_timing,ffmpeg_audio_sample_rate,video_frame_index_and_fps
'-3g5yACwYnA_2,'-3g5yACwYnA,2,46,8.525333333333334,8.710666666666667,0,1,1,136405,139370,2965,255,262,6,inferred_uniform_text_timing,ffmpeg_audio_sample_rate,video_frame_index_and_fps
'-3g5yACwYnA_2,'-3g5yACwYnA,2,47,8.710666666666667,8.896,0,1,1,139370,142336,2966,261,267,5,inferred_uniform_text_timing,ffmpeg_audio_sample_rate,video_frame_index_and_fps
'-3g5yACwYnA_2,'-3g5yACwYnA,2,48,8.896,9.081333333333335,1,1,1,142336,145301,2965,266,273,6,inferred_uniform_text_timing,ffmpeg_audio_sample_rate,video_frame_index_and_fps
'-3g5yACwYnA_2,'-3g5yACwYnA,2,49,9.081333333333335,9.266666666666667,0,1,1,145301,148266,2400,272,278,5,inferred_uniform_text_timing,ffmpeg_audio_sample_rate,video_frame_index_and_fps
'-3g5yACwYnA_9,'-3g5yACwYnA,9,0,0.0,0.17533333333333334,1,1,1,0,2805,2805,0,6,6,inferred_uniform_text_timing,ffmpeg_audio_sample_rate,video_frame_index_and_fps
'-3g5yACwYnA_9,'-3g5yACwYnA,9,1,0.17533333333333334,0.3506666666666667,0,1,1,2805,5610,2805,5,11,5,inferred_uniform_text_timing,ffmpeg_audio_sample_rate,video_frame_index_and_fps
'-3g5yACwYnA_9,'-3g5yACwYnA,9,2,0.3506666666666667,0.5260000000000001,1,1,1,5610,8416,2806,10,16,5,inferred_uniform_text_timing,ffmpeg_audio_sample_rate,video_frame_index_and_fps
'-3g5yACwYnA_9,'-3g5yACwYnA,9,3,0.5260000000000001,0.7013333333333334,0,1,1,8416,11221,2805,15,22,6,inferred_uniform_text_timing,ffmpeg_audio_sample_rate,video_frame_index_and_fps
'-3g5yACwYnA_9,'-3g5yACwYnA,9,4,0.7013333333333334,0.8766666666666667,1,1,1,11221,14026,2805,21,27,5,inferred_uniform_text_timing,ffmpeg_audio_sample_rate,video_frame_index_and_fps
'-3g5yACwYnA_9,'-3g5yACwYnA,9,5,0.8766666666666667,1.0520000000000003,0,1,1,14026,16832,2806,26,32,5,inferred_uniform_text_timing,ffmpeg_audio_sample_rate,video_frame_index_and_fps
'-3g5yACwYnA_9,'-3g5yACwYnA,9,6,1.0520000000000003,1.2273333333333334,1,1,1,16832,19637,2805,31,37,5,inferred_uniform_text_timing,ffmpeg_audio_sample_rate,video_frame_index_and_fps
'-3g5yACwYnA_9,'-3g5yACwYnA,9,7,1.2273333333333334,1.4026666666666667,0,1,1,19637,22442,2805,36,43,6,inferred_uniform_text_timing,ffmpeg_audio_sample_rate,video_frame_index_and_fps
'-3g5yACwYnA_9,'-3g5yACwYnA,9,8,1.4026666666666667,1.578,1,1,1,22442,25248,2806,42,48,5,inferred_uniform_text_timing,ffmpeg_audio_sample_rate,video_frame_index_and_fps
'-3g5yACwYnA_9,'-3g5yACwYnA,9,9,1.578,1.7533333333333334,1,1,1,25248,28053,2805,47,53,5,inferred_uniform_text_timing,ffmpeg_audio_sample_rate,video_frame_index_and_fps
'-3g5yACwYnA_9,'-3g5yACwYnA,9,10,1.7533333333333334,1.9286666666666668,0,1,1,28053,30858,2805,52,58,5,inferred_uniform_text_timing,ffmpeg_audio_sample_rate,video_frame_index_and_fps
'-3g5yACwYnA_9,'-3g5yACwYnA,9,11,1.9286666666666668,2.1040000000000005,1,1,1,30858,33664,2806,57,64,6,inferred_uniform_text_timing,ffmpeg_audio_sample_rate,video_frame_index_and_fps
'-3g5yACwYnA_9,'-3g5yACwYnA,9,12,2.1040000000000005,2.2793333333333337,0,1,1,33664,36469,2805,63,69,5,inferred_uniform_text_timing,ffmpeg_audio_sample_rate,video_frame_index_and_fps
'-3g5yACwYnA_9,'-3g5yACwYnA,9,13,2.2793333333333337,2.4546666666666668,1,1,1,36469,39274,2805,68,74,5,inferred_uniform_text_timing,ffmpeg_audio_sample_rate,video_frame_index_and_fps
'-3g5yACwYnA_9,'-3g5yACwYnA,9,14,2.4546666666666668,2.63,0,1,1,39274,42080,2806,73,79,5,inferred_uniform_text_timing,ffmpeg_audio_sample_rate,video_frame_index_and_fps
'-3g5yACwYnA_9,'-3g5yACwYnA,9,15,2.63,2.8053333333333335,1,1,1,42080,44885,2805,78,85,6,inferred_uniform_text_timing,ffmpeg_audio_sample_rate,video_frame_index_and_fps
'-3g5yACwYnA_9,'-3g5yACwYnA,9,16,2.8053333333333335,2.980666666666667,1,1,1,44885,47690,2805,84,90,5,inferred_uniform_text_timing,ffmpeg_audio_sample_rate,video_frame_index_and_fps
'-3g5yACwYnA_9,'-3g5yACwYnA,9,17,2.980666666666667,3.156,0,1,1,47690,50496,2806,89,95,5,inferred_uniform_text_timing,ffmpeg_audio_sample_rate,video_frame_index_and_fps
'-3g5yACwYnA_9,'-3g5yACwYnA,9,18,3.156,3.3313333333333337,1,1,1,50496,53301,2805,94,100,5,inferred_uniform_text_timing,ffmpeg_audio_sample_rate,video_frame_index_and_fps
'-3g5yACwYnA_9,'-3g5yACwYnA,9,19,3.3313333333333337,3.506666666666667,0,1,1,53301,56106,2805,99,106,6,inferred_uniform_text_timing,ffmpeg_audio_sample_rate,video_frame_index_and_fps
'-3g5yACwYnA_9,'-3g5yACwYnA,9,20,3.506666666666667,3.6820000000000004,1,1,1,56106,58912,2806,105,111,5,inferred_uniform_text_timing,ffmpeg_audio_sample_rate,video_frame_index_and_fps
'-3g5yACwYnA_9,'-3g5yACwYnA,9,21,3.6820000000000004,3.8573333333333335,0,1,1,58912,61717,2805,110,116,5,inferred_uniform_text_timing,ffmpeg_audio_sample_rate,video_frame_index_and_fps
'-3g5yACwYnA_9,'-3g5yACwYnA,9,22,3.8573333333333335,4.0326666666666675,1,1,1,61717,64522,2805,115,121,5,inferred_uniform_text_timing,ffmpeg_audio_sample_rate,video_frame_index_and_fps
'-3g5yACwYnA_9,'-3g5yACwYnA,9,23,4.0326666666666675,4.208000000000001,0,1,1,64522,67328,2806,120,127,6,inferred_uniform_text_timing,ffmpeg_audio_sample_rate,video_frame_index_and_fps
'-3g5yACwYnA_9,'-3g5yACwYnA,9,24,4.208000000000001,4.383333333333334,1,1,1,67328,70133,2805,126,132,5,inferred_uniform_text_timing,ffmpeg_audio_sample_rate,video_frame_index_and_fps
'-3g5yACwYnA_9,'-3g5yACwYnA,9,25,4.383333333333334,4.558666666666667,1,1,1,70133,72938,2805,131,137,5,inferred_uniform_text_timing,ffmpeg_audio_sample_rate,video_frame_index_and_fps
'-3g5yACwYnA_9,'-3g5yACwYnA,9,26,4.558666666666667,4.734,0,1,1,72938,75744,2806,136,143,6,inferred_uniform_text_timing,ffmpeg_audio_sample_rate,video_frame_index_and_fps
'-3g5yACwYnA_9,'-3g5yACwYnA,9,27,4.734,4.9093333333333335,1,1,1,75744,78549,2805,142,148,5,inferred_uniform_text_timing,ffmpeg_audio_sample_rate,video_frame_index_and_fps
'-3g5yACwYnA_9,'-3g5yACwYnA,9,28,4.9093333333333335,5.084666666666667,0,1,1,78549,81354,2805,147,153,5,inferred_uniform_text_timing,ffmpeg_audio_sample_rate,video_frame_index_and_fps
'-3g5yACwYnA_9,'-3g5yACwYnA,9,29,5.084666666666667,5.26,1,1,1,81354,84160,2806,152,158,5,inferred_uniform_text_timing,ffmpeg_audio_sample_rate,video_frame_index_and_fps
'-3g5yACwYnA_9,'-3g5yACwYnA,9,30,5.26,5.435333333333334,0,1,1,84160,86965,2805,157,164,6,inferred_uniform_text_timing,ffmpeg_audio_sample_rate,video_frame_index_and_fps
'-3g5yACwYnA_9,'-3g5yACwYnA,9,31,5.435333333333334,5.610666666666667,1,1,1,86965,89770,2805,163,169,5,inferred_uniform_text_timing,ffmpeg_audio_sample_rate,video_frame_index_and_fps
'-3g5yACwYnA_9,'-3g5yACwYnA,9,32,5.610666666666667,5.7860000000000005,0,1,1,89770,92576,2806,168,174,5,inferred_uniform_text_timing,ffmpeg_audio_sample_rate,video_frame_index_and_fps
'-3g5yACwYnA_9,'-3g5yACwYnA,9,33,5.7860000000000005,5.961333333333334,1,1,1,92576,95381,2805,173,179,5,inferred_uniform_text_timing,ffmpeg_audio_sample_rate,video_frame_index_and_fps
'-3g5yACwYnA_9,'-3g5yACwYnA,9,34,5.961333333333334,6.136666666666668,1,1,1,95381,98186,2805,178,185,6,inferred_uniform_text_timing,ffmpeg_audio_sample_rate,video_frame_index_and_fps
'-3g5yACwYnA_9,'-3g5yACwYnA,9,35,6.136666666666668,6.312,0,1,1,98186,100992,2806,184,190,5,inferred_uniform_text_timing,ffmpeg_audio_sample_rate,video_frame_index_and_fps
'-3g5yACwYnA_9,'-3g5yACwYnA,9,36,6.312,6.487333333333334,1,1,1,100992,103797,2805,189,195,5,inferred_uniform_text_timing,ffmpeg_audio_sample_rate,video_frame_index_and_fps
'-3g5yACwYnA_9,'-3g5yACwYnA,9,37,6.487333333333334,6.662666666666667,0,1,1,103797,106602,2805,194,200,5,inferred_uniform_text_timing,ffmpeg_audio_sample_rate,video_frame_index_and_fps
'-3g5yACwYnA_9,'-3g5yACwYnA,9,38,6.662666666666667,6.838000000000001,1,1,1,106602,109408,2806,199,206,6,inferred_uniform_text_timing,ffmpeg_audio_sample_rate,video_frame_index_and_fps
'-3g5yACwYnA_9,'-3g5yACwYnA,9,39,6.838000000000001,7.013333333333334,0,1,1,109408,112213,2805,205,211,5,inferred_uniform_text_timing,ffmpeg_audio_sample_rate,video_frame_index_and_fps
'-3g5yACwYnA_9,'-3g5yACwYnA,9,40,7.013333333333334,7.188666666666668,1,1,1,112213,115018,2805,210,216,5,inferred_uniform_text_timing,ffmpeg_audio_sample_rate,video_frame_index_and_fps
'-3g5yACwYnA_9,'-3g5yACwYnA,9,41,7.188666666666668,7.364000000000001,1,1,1,115018,117824,2806,215,221,5,inferred_uniform_text_timing,ffmpeg_audio_sample_rate,video_frame_index_and_fps
'-3g5yACwYnA_9,'-3g5yACwYnA,9,42,7.364000000000001,7.539333333333334,0,1,1,117824,120629,2805,220,227,6,inferred_uniform_text_timing,ffmpeg_audio_sample_rate,video_frame_index_and_fps
'-3g5yACwYnA_9,'-3g5yACwYnA,9,43,7.539333333333334,7.714666666666667,1,1,1,120629,123434,2805,226,232,5,inferred_uniform_text_timing,ffmpeg_audio_sample_rate,video_frame_index_and_fps
'-3g5yACwYnA_9,'-3g5yACwYnA,9,44,7.714666666666667,7.8900000000000015,0,1,1,123434,126240,2806,231,237,5,inferred_uniform_text_timing,ffmpeg_audio_sample_rate,video_frame_index_and_fps
'-3g5yACwYnA_9,'-3g5yACwYnA,9,45,7.8900000000000015,8.065333333333335,1,1,1,126240,129045,2805,236,242,5,inferred_uniform_text_timing,ffmpeg_audio_sample_rate,video_frame_index_and_fps
'-3g5yACwYnA_9,'-3g5yACwYnA,9,46,8.065333333333335,8.240666666666668,0,1,1,129045,131850,2805,241,248,6,inferred_uniform_text_timing,ffmpeg_audio_sample_rate,video_frame_index_and_fps
'-3g5yACwYnA_9,'-3g5yACwYnA,9,47,8.240666666666668,8.416000000000002,1,1,1,131850,134656,2806,247,253,5,inferred_uniform_text_timing,ffmpeg_audio_sample_rate,video_frame_index_and_fps
'-3g5yACwYnA_9,'-3g5yACwYnA,9,48,8.416000000000002,8.591333333333335,0,1,1,134656,137461,2805,252,258,5,inferred_uniform_text_timing,ffmpeg_audio_sample_rate,video_frame_index_and_fps
'-3g5yACwYnA_9,'-3g5yACwYnA,9,49,8.591333333333335,8.766666666666667,1,1,1,137461,140266,1677,257,263,5,inferred_uniform_text_timing,ffmpeg_audio_sample_rate,video_frame_index_and_fps
'-3nNcZdcdvU_5,'-3nNcZdcdvU,5,0,0.0,0.15733333333333333,0,1,1,0,2517,2517,0,5,5,inferred_uniform_text_timing,ffmpeg_audio_sample_rate,video_frame_index_and_fps
'-3nNcZdcdvU_5,'-3nNcZdcdvU,5,1,0.15733333333333333,0.31466666666666665,1,1,1,2517,5034,2517,4,10,5,inferred_uniform_text_timing,ffmpeg_audio_sample_rate,video_frame_index_and_fps
'-3nNcZdcdvU_5,'-3nNcZdcdvU,5,2,0.31466666666666665,0.472,0,1,1,5034,7552,2518,9,15,5,inferred_uniform_text_timing,ffmpeg_audio_sample_rate,video_frame_index_and_fps
'-3nNcZdcdvU_5,'-3nNcZdcdvU,5,3,0.472,0.6293333333333333,1,1,1,7552,10069,2517,14,19,4,inferred_uniform_text_timing,ffmpeg_audio_sample_rate,video_frame_index_and_fps
'-3nNcZdcdvU_5,'-3nNcZdcdvU,5,4,0.6293333333333333,0.7866666666666666,0,1,1,10069,12586,2517,18,24,5,inferred_uniform_text_timing,ffmpeg_audio_sample_rate,video_frame_index_and_fps
'-3nNcZdcdvU_5,'-3nNcZdcdvU,5,5,0.7866666666666666,0.944,0,1,1,12586,15104,2518,23,29,5,inferred_uniform_text_timing,ffmpeg_audio_sample_rate,video_frame_index_and_fps
'-3nNcZdcdvU_5,'-3nNcZdcdvU,5,6,0.944,1.1013333333333333,1,1,1,15104,17621,2517,28,34,5,inferred_uniform_text_timing,ffmpeg_audio_sample_rate,video_frame_index_and_fps
'-3nNcZdcdvU_5,'-3nNcZdcdvU,5,7,1.1013333333333333,1.2586666666666666,0,1,1,17621,20138,2517,33,38,4,inferred_uniform_text_timing,ffmpeg_audio_sample_rate,video_frame_index_and_fps
'-3nNcZdcdvU_5,'-3nNcZdcdvU,5,8,1.2586666666666666,1.416,0,1,1,20138,22656,2518,37,43,5,inferred_uniform_text_timing,ffmpeg_audio_sample_rate,video_frame_index_and_fps
'-3nNcZdcdvU_5,'-3nNcZdcdvU,5,9,1.416,1.5733333333333333,1,1,1,22656,25173,2517,42,48,5,inferred_uniform_text_timing,ffmpeg_audio_sample_rate,video_frame_index_and_fps
'-3nNcZdcdvU_5,'-3nNcZdcdvU,5,10,1.5733333333333333,1.7306666666666666,0,1,1,25173,27690,2517,47,52,4,inferred_uniform_text_timing,ffmpeg_audio_sample_rate,video_frame_index_and_fps
'-3nNcZdcdvU_5,'-3nNcZdcdvU,5,11,1.7306666666666666,1.888,1,1,1,27690,30208,2518,51,57,5,inferred_uniform_text_timing,ffmpeg_audio_sample_rate,video_frame_index_and_fps
'-3nNcZdcdvU_5,'-3nNcZdcdvU,5,12,1.888,2.0453333333333332,0,1,1,30208,32725,2517,56,62,5,inferred_uniform_text_timing,ffmpeg_audio_sample_rate,video_frame_index_and_fps
'-3nNcZdcdvU_5,'-3nNcZdcdvU,5,13,2.0453333333333332,2.2026666666666666,0,1,1,32725,35242,2517,61,67,5,inferred_uniform_text_timing,ffmpeg_audio_sample_rate,video_frame_index_and_fps
'-3nNcZdcdvU_5,'-3nNcZdcdvU,5,14,2.2026666666666666,2.36,1,1,1,35242,37760,2518,66,71,4,inferred_uniform_text_timing,ffmpeg_audio_sample_rate,video_frame_index_and_fps
'-3nNcZdcdvU_5,'-3nNcZdcdvU,5,15,2.36,2.517333333333333,0,1,1,37760,40277,2517,70,76,5,inferred_uniform_text_timing,ffmpeg_audio_sample_rate,video_frame_index_and_fps
'-3nNcZdcdvU_5,'-3nNcZdcdvU,5,16,2.517333333333333,2.6746666666666665,0,1,1,40277,42794,2517,75,81,5,inferred_uniform_text_timing,ffmpeg_audio_sample_rate,video_frame_index_and_fps
'-3nNcZdcdvU_5,'-3nNcZdcdvU,5,17,2.6746666666666665,2.832,1,1,1,42794,45312,2518,80,85,4,inferred_uniform_text_timing,ffmpeg_audio_sample_rate,video_frame_index_and_fps
'-3nNcZdcdvU_5,'-3nNcZdcdvU,5,18,2.832,2.989333333333333,0,1,1,45312,47829,2517,84,90,5,inferred_uniform_text_timing,ffmpeg_audio_sample_rate,video_frame_index_and_fps
'-3nNcZdcdvU_5,'-3nNcZdcdvU,5,19,2.989333333333333,3.1466666666666665,1,1,1,47829,50346,2517,89,95,5,inferred_uniform_text_timing,ffmpeg_audio_sample_rate,video_frame_index_and_fps
'-3nNcZdcdvU_5,'-3nNcZdcdvU,5,20,3.1466666666666665,3.304,0,1,1,50346,52864,2518,94,100,5,inferred_uniform_text_timing,ffmpeg_audio_sample_rate,video_frame_index_and_fps
'-3nNcZdcdvU_5,'-3nNcZdcdvU,5,21,3.304,3.461333333333333,0,1,1,52864,55381,2517,99,104,4,inferred_uniform_text_timing,ffmpeg_audio_sample_rate,video_frame_index_and_fps
'-3nNcZdcdvU_5,'-3nNcZdcdvU,5,22,3.461333333333333,3.618666666666667,1,1,1,55381,57898,2517,103,109,5,inferred_uniform_text_timing,ffmpeg_audio_sample_rate,video_frame_index_and_fps
'-3nNcZdcdvU_5,'-3nNcZdcdvU,5,23,3.618666666666667,3.776,0,1,1,57898,60416,2518,108,114,5,inferred_uniform_text_timing,ffmpeg_audio_sample_rate,video_frame_index_and_fps
'-3nNcZdcdvU_5,'-3nNcZdcdvU,5,24,3.776,3.933333333333333,0,1,1,60416,62933,2517,113,118,4,inferred_uniform_text_timing,ffmpeg_audio_sample_rate,video_frame_index_and_fps
'-3nNcZdcdvU_5,'-3nNcZdcdvU,5,25,3.933333333333333,4.0906666666666665,1,1,1,62933,65450,2517,118,123,5,inferred_uniform_text_timing,ffmpeg_audio_sample_rate,video_frame_index_and_fps
'-3nNcZdcdvU_5,'-3nNcZdcdvU,5,26,4.0906666666666665,4.247999999999999,0,1,1,65450,67967,2517,122,128,5,inferred_uniform_text_timing,ffmpeg_audio_sample_rate,video_frame_index_and_fps
'-3nNcZdcdvU_5,'-3nNcZdcdvU,5,27,4.247999999999999,4.405333333333333,1,1,1,67967,70485,2518,127,133,5,inferred_uniform_text_timing,ffmpeg_audio_sample_rate,video_frame_index_and_fps
'-3nNcZdcdvU_5,'-3nNcZdcdvU,5,28,4.405333333333333,4.562666666666667,0,1,1,70485,73002,2517,132,137,4,inferred_uniform_text_timing,ffmpeg_audio_sample_rate,video_frame_index_and_fps
'-3nNcZdcdvU_5,'-3nNcZdcdvU,5,29,4.562666666666667,4.72,0,1,1,73002,75520,2518,136,142,5,inferred_uniform_text_timing,ffmpeg_audio_sample_rate,video_frame_index_and_fps
'-3nNcZdcdvU_5,'-3nNcZdcdvU,5,30,4.72,4.877333333333333,1,1,1,75520,78037,2517,141,147,5,inferred_uniform_text_timing,ffmpeg_audio_sample_rate,video_frame_index_and_fps
'-3nNcZdcdvU_5,'-3nNcZdcdvU,5,31,4.877333333333333,5.034666666666666,0,1,1,78037,80554,2517,146,152,5,inferred_uniform_text_timing,ffmpeg_audio_sample_rate,video_frame_index_and_fps
'-3nNcZdcdvU_5,'-3nNcZdcdvU,5,32,5.034666666666666,5.191999999999999,1,1,1,80554,83071,2517,151,156,4,inferred_uniform_text_timing,ffmpeg_audio_sample_rate,video_frame_index_and_fps
'-3nNcZdcdvU_5,'-3nNcZdcdvU,5,33,5.191999999999999,5.349333333333333,0,1,1,83071,85589,2518,155,161,5,inferred_uniform_text_timing,ffmpeg_audio_sample_rate,video_frame_index_and_fps
'-3nNcZdcdvU_5,'-3nNcZdcdvU,5,34,5.349333333333333,5.506666666666666,0,1,1,85589,88106,2517,160,166,5,inferred_uniform_text_timing,ffmpeg_audio_sample_rate,video_frame_index_and_fps
'-3nNcZdcdvU_5,'-3nNcZdcdvU,5,35,5.506666666666666,5.664,1,1,1,88106,90624,2518,165,170,4,inferred_uniform_text_timing,ffmpeg_audio_sample_rate,video_frame_index_and_fps
'-3nNcZdcdvU_5,'-3nNcZdcdvU,5,36,5.664,5.8213333333333335,0,1,1,90624,93141,2517,169,175,5,inferred_uniform_text_timing,ffmpeg_audio_sample_rate,video_frame_index_and_fps
'-3nNcZdcdvU_5,'-3nNcZdcdvU,5,37,5.8213333333333335,5.978666666666666,0,1,1,93141,95658,2517,174,180,5,inferred_uniform_text_timing,ffmpeg_audio_sample_rate,video_frame_index_and_fps
'-3nNcZdcdvU_5,'-3nNcZdcdvU,5,38,5.978666666666666,6.136,1,1,1,95658,98176,2518,179,185,5,inferred_uniform_text_timing,ffmpeg_audio_sample_rate,video_frame_index_and_fps
'-3nNcZdcdvU_5,'-3nNcZdcdvU,5,39,6.136,6.293333333333333,0,1,1,98176,100693,2517,184,189,4,inferred_uniform_text_timing,ffmpeg_audio_sample_rate,video_frame_index_and_fps
'-3nNcZdcdvU_5,'-3nNcZdcdvU,5,40,6.293333333333333,6.450666666666666,1,1,1,100693,103210,2517,188,194,5,inferred_uniform_text_timing,ffmpeg_audio_sample_rate,video_frame_index_and_fps
'-3nNcZdcdvU_5,'-3nNcZdcdvU,5,41,6.450666666666666,6.608,0,1,1,103210,105728,2518,193,199,5,inferred_uniform_text_timing,ffmpeg_audio_sample_rate,video_frame_index_and_fps
'-3nNcZdcdvU_5,'-3nNcZdcdvU,5,42,6.608,6.765333333333333,0,1,1,105728,108245,2517,198,203,4,inferred_uniform_text_timing,ffmpeg_audio_sample_rate,video_frame_index_and_fps
'-3nNcZdcdvU_5,'-3nNcZdcdvU,5,43,6.765333333333333,6.922666666666666,1,1,1,108245,110762,2517,202,208,5,inferred_uniform_text_timing,ffmpeg_audio_sample_rate,video_frame_index_and_fps
'-3nNcZdcdvU_5,'-3nNcZdcdvU,5,44,6.922666666666666,7.08,0,1,1,110762,113280,2518,207,213,5,inferred_uniform_text_timing,ffmpeg_audio_sample_rate,video_frame_index_and_fps
'-3nNcZdcdvU_5,'-3nNcZdcdvU,5,45,7.08,7.237333333333334,0,1,1,113280,115797,2517,212,218,5,inferred_uniform_text_timing,ffmpeg_audio_sample_rate,video_frame_index_and_fps
'-3nNcZdcdvU_5,'-3nNcZdcdvU,5,46,7.237333333333334,7.394666666666666,1,1,1,115797,118314,2517,217,222,4,inferred_uniform_text_timing,ffmpeg_audio_sample_rate,video_frame_index_and_fps
'-3nNcZdcdvU_5,'-3nNcZdcdvU,5,47,7.394666666666666,7.552,0,1,1,118314,120832,2518,221,227,5,inferred_uniform_text_timing,ffmpeg_audio_sample_rate,video_frame_index_and_fps
'-3nNcZdcdvU_5,'-3nNcZdcdvU,5,48,7.552,7.7093333333333325,1,1,1,120832,123349,2517,226,232,5,inferred_uniform_text_timing,ffmpeg_audio_sample_rate,video_frame_index_and_fps
'-3nNcZdcdvU_5,'-3nNcZdcdvU,5,49,7.7093333333333325,7.866666666666666,0,1,1,123349,125866,1268,231,236,4,inferred_uniform_text_timing,ffmpeg_audio_sample_rate,video_frame_index_and_fps
'-HwX2H8Z4hY_2,'-HwX2H8Z4hY,2,0,0.0,0.07933333333333334,0,1,1,0,1269,1269,0,3,3,inferred_uniform_text_timing,ffmpeg_audio_sample_rate,video_frame_index_and_fps
'-HwX2H8Z4hY_2,'-HwX2H8Z4hY,2,1,0.07933333333333334,0.15866666666666668,0,1,1,1269,2538,1269,2,5,2,inferred_uniform_text_timing,ffmpeg_audio_sample_rate,video_frame_index_and_fps
'-HwX2H8Z4hY_2,'-HwX2H8Z4hY,2,2,0.15866666666666668,0.23800000000000002,1,1,1,2538,3808,1270,4,8,3,inferred_uniform_text_timing,ffmpeg_audio_sample_rate,video_frame_index_and_fps
'-HwX2H8Z4hY_2,'-HwX2H8Z4hY,2,3,0.23800000000000002,0.31733333333333336,0,1,1,3808,5077,1269,7,10,2,inferred_uniform_text_timing,ffmpeg_audio_sample_rate,video_frame_index_and_fps
'-HwX2H8Z4hY_2,'-HwX2H8Z4hY,2,4,0.31733333333333336,0.3966666666666667,0,1,1,5077,6346,1269,9,12,2,inferred_uniform_text_timing,ffmpeg_audio_sample_rate,video_frame_index_and_fps
'-HwX2H8Z4hY_2,'-HwX2H8Z4hY,2,5,0.3966666666666667,0.47600000000000003,0,1,1,6346,7616,1270,11,15,3,inferred_uniform_text_timing,ffmpeg_audio_sample_rate,video_frame_index_and_fps
'-HwX2H8Z4hY_2,'-HwX2H8Z4hY,2,6,0.47600000000000003,0.5553333333333333,1,1,1,7616,8885,1269,14,17,2,inferred_uniform_text_timing,ffmpeg_audio_sample_rate,video_frame_index_and_fps
'-HwX2H8Z4hY_2,'-HwX2H8Z4hY,2,7,0.5553333333333333,0.6346666666666667,0,1,1,8885,10154,1269,16,20,3,inferred_uniform_text_timing,ffmpeg_audio_sample_rate,video_frame_index_and_fps
'-HwX2H8Z4hY_2,'-HwX2H8Z4hY,2,8,0.6346666666666667,0.7140000000000001,0,1,1,10154,11424,1270,19,22,2,inferred_uniform_text_timing,ffmpeg_audio_sample_rate,video_frame_index_and_fps
'-HwX2H8Z4hY_2,'-HwX2H8Z4hY,2,9,0.7140000000000001,0.7933333333333334,0,1,1,11424,12693,1269,21,24,2,inferred_uniform_text_timing,ffmpeg_audio_sample_rate,video_frame_index_and_fps
'-HwX2H8Z4hY_2,'-HwX2H8Z4hY,2,10,0.7933333333333334,0.8726666666666667,1,1,1,12693,13962,1269,23,27,3,inferred_uniform_text_timing,ffmpeg_audio_sample_rate,video_frame_index_and_fps
'-HwX2H8Z4hY_2,'-HwX2H8Z4hY,2,11,0.8726666666666667,0.9520000000000001,0,1,1,13962,15232,1270,26,29,2,inferred_uniform_text_timing,ffmpeg_audio_sample_rate,video_frame_index_and_fps
'-HwX2H8Z4hY_2,'-HwX2H8Z4hY,2,12,0.9520000000000001,1.0313333333333334,0,1,1,15232,16501,1269,28,31,2,inferred_uniform_text_timing,ffmpeg_audio_sample_rate,video_frame_index_and_fps
'-HwX2H8Z4hY_2,'-HwX2H8Z4hY,2,13,1.0313333333333334,1.1106666666666667,0,1,1,16501,17770,1269,30,34,3,inferred_uniform_text_timing,ffmpeg_audio_sample_rate,video_frame_index_and_fps
'-HwX2H8Z4hY_2,'-HwX2H8Z4hY,2,14,1.1106666666666667,1.19,1,1,1,17770,19040,1270,33,36,2,inferred_uniform_text_timing,ffmpeg_audio_sample_rate,video_frame_index_and_fps
'-HwX2H8Z4hY_2,'-HwX2H8Z4hY,2,15,1.19,1.2693333333333334,0,1,1,19040,20309,1269,35,39,3,inferred_uniform_text_timing,ffmpeg_audio_sample_rate,video_frame_index_and_fps
'-HwX2H8Z4hY_2,'-HwX2H8Z4hY,2,16,1.2693333333333334,1.3486666666666667,0,1,1,20309,21578,1269,38,41,2,inferred_uniform_text_timing,ffmpeg_audio_sample_rate,video_frame_index_and_fps
'-HwX2H8Z4hY_2,'-HwX2H8Z4hY,2,17,1.3486666666666667,1.4280000000000002,0,1,1,21578,22848,1270,40,43,2,inferred_uniform_text_timing,ffmpeg_audio_sample_rate,video_frame_index_and_fps
'-HwX2H8Z4hY_2,'-HwX2H8Z4hY,2,18,1.4280000000000002,1.5073333333333334,1,1,1,22848,24117,1269,42,46,3,inferred_uniform_text_timing,ffmpeg_audio_sample_rate,video_frame_index_and_fps
'-HwX2H8Z4hY_2,'-HwX2H8Z4hY,2,19,1.5073333333333334,1.586666666666667,0,1,1,24117,25386,1269,45,48,2,inferred_uniform_text_timing,ffmpeg_audio_sample_rate,video_frame_index_and_fps
'-HwX2H8Z4hY_2,'-HwX2H8Z4hY,2,20,1.586666666666667,1.666,0,1,1,25386,26656,1270,47,50,2,inferred_uniform_text_timing,ffmpeg_audio_sample_rate,video_frame_index_and_fps
'-HwX2H8Z4hY_2,'-HwX2H8Z4hY,2,21,1.666,1.7453333333333334,0,1,1,26656,27925,1269,49,53,3,inferred_uniform_text_timing,ffmpeg_audio_sample_rate,video_frame_index_and_fps
'-HwX2H8Z4hY_2,'-HwX2H8Z4hY,2,22,1.7453333333333334,1.8246666666666667,1,1,1,27925,29194,1269,52,55,2,inferred_uniform_text_timing,ffmpeg_audio_sample_rate,video_frame_index_and_fps
'-HwX2H8Z4hY_2,'-HwX2H8Z4hY,2,23,1.8246666666666667,1.9040000000000001,0,1,1,29194,30464,1270,54,58,3,inferred_uniform_text_timing,ffmpeg_audio_sample_rate,video_frame_index_and_fps
'-HwX2H8Z4hY_2,'-HwX2H8Z4hY,2,24,1.9040000000000001,1.9833333333333334,0,1,1,30464,31733,1269,57,60,2,inferred_uniform_text_timing,ffmpeg_audio_sample_rate,video_frame_index_and_fps
'-HwX2H8Z4hY_2,'-HwX2H8Z4hY,2,25,1.9833333333333334,2.062666666666667,0,1,1,31733,33002,1269,59,62,2,inferred_uniform_text_timing,ffmpeg_audio_sample_rate,video_frame_index_and_fps
'-HwX2H8Z4hY_2,'-HwX2H8Z4hY,2,26,2.062666666666667,2.1420000000000003,0,1,1,33002,34272,1270,61,65,3,inferred_uniform_text_timing,ffmpeg_audio_sample_rate,video_frame_index_and_fps
'-HwX2H8Z4hY_2,'-HwX2H8Z4hY,2,27,2.1420000000000003,2.2213333333333334,1,1,1,34272,35541,1269,64,67,2,inferred_uniform_text_timing,ffmpeg_audio_sample_rate,video_frame_index_and_fps
'-HwX2H8Z4hY_2,'-HwX2H8Z4hY,2,28,2.2213333333333334,2.3006666666666664,0,1,1,35541,36810,1269,66,70,3,inferred_uniform_text_timing,ffmpeg_audio_sample_rate,video_frame_index_and_fps
'-HwX2H8Z4hY_2,'-HwX2H8Z4hY,2,29,2.3006666666666664,2.38,0,1,1,36810,38080,1270,69,72,2,inferred_uniform_text_timing,ffmpeg_audio_sample_rate,video_frame_index_and_fps
'-HwX2H8Z4hY_2,'-HwX2H8Z4hY,2,30,2.38,2.4593333333333334,0,1,1,38080,39349,1269,71,74,2,inferred_uniform_text_timing,ffmpeg_audio_sample_rate,video_frame_index_and_fps
'-HwX2H8Z4hY_2,'-HwX2H8Z4hY,2,31,2.4593333333333334,2.538666666666667,1,1,1,39349,40618,1269,73,77,3,inferred_uniform_text_timing,ffmpeg_audio_sample_rate,video_frame_index_and_fps
'-HwX2H8Z4hY_2,'-HwX2H8Z4hY,2,32,2.538666666666667,2.6180000000000003,0,1,1,40618,41888,1270,76,79,2,inferred_uniform_text_timing,ffmpeg_audio_sample_rate,video_frame_index_and_fps
'-HwX2H8Z4hY_2,'-HwX2H8Z4hY,2,33,2.6180000000000003,2.6973333333333334,0,1,1,41888,43157,1269,78,81,2,inferred_uniform_text_timing,ffmpeg_audio_sample_rate,video_frame_index_and_fps
'-HwX2H8Z4hY_2,'-HwX2H8Z4hY,2,34,2.6973333333333334,2.776666666666667,0,1,1,43157,44426,1269,80,84,3,inferred_uniform_text_timing,ffmpeg_audio_sample_rate,video_frame_index_and_fps
'-HwX2H8Z4hY_2,'-HwX2H8Z4hY,2,35,2.776666666666667,2.8560000000000003,1,1,1,44426,45696,1270,83,86,2,inferred_uniform_text_timing,ffmpeg_audio_sample_rate,video_frame_index_and_fps
'-HwX2H8Z4hY_2,'-HwX2H8Z4hY,2,36,2.8560000000000003,2.935333333333334,0,1,1,45696,46965,1269,85,89,3,inferred_uniform_text_timing,ffmpeg_audio_sample_rate,video_frame_index_and_fps
'-HwX2H8Z4hY_2,'-HwX2H8Z4hY,2,37,2.935333333333334,3.014666666666667,0,1,1,46965,48234,1269,88,91,2,inferred_uniform_text_timing,ffmpeg_audio_sample_rate,video_frame_index_and_fps
'-HwX2H8Z4hY_2,'-HwX2H8Z4hY,2,38,3.014666666666667,3.0940000000000003,0,1,1,48234,49504,1270,90,93,2,inferred_uniform_text_timing,ffmpeg_audio_sample_rate,video_frame_index_and_fps
'-HwX2H8Z4hY_2,'-HwX2H8Z4hY,2,39,3.0940000000000003,3.173333333333334,1,1,1,49504,50773,1269,92,96,3,inferred_uniform_text_timing,ffmpeg_audio_sample_rate,video_frame_index_and_fps
'-HwX2H8Z4hY_2,'-HwX2H8Z4hY,2,40,3.173333333333334,3.2526666666666664,0,1,1,50773,52042,1269,95,98,2,inferred_uniform_text_timing,ffmpeg_audio_sample_rate,video_frame_index_and_fps
'-HwX2H8Z4hY_2,'-HwX2H8Z4hY,2,41,3.2526666666666664,3.332,0,1,1,52042,53312,1270,97,100,2,inferred_uniform_text_timing,ffmpeg_audio_sample_rate,video_frame_index_and_fps
'-HwX2H8Z4hY_2,'-HwX2H8Z4hY,2,42,3.332,3.4113333333333333,0,1,1,53312,54581,1269,99,103,3,inferred_uniform_text_timing,ffmpeg_audio_sample_rate,video_frame_index_and_fps
'-HwX2H8Z4hY_2,'-HwX2H8Z4hY,2,43,3.4113333333333333,3.490666666666667,1,1,1,54581,55850,1269,102,105,2,inferred_uniform_text_timing,ffmpeg_audio_sample_rate,video_frame_index_and_fps
'-HwX2H8Z4hY_2,'-HwX2H8Z4hY,2,44,3.490666666666667,3.57,0,1,1,55850,57120,1270,104,108,3,inferred_uniform_text_timing,ffmpeg_audio_sample_rate,video_frame_index_and_fps
'-HwX2H8Z4hY_2,'-HwX2H8Z4hY,2,45,3.57,3.6493333333333333,0,1,1,57120,58389,1269,107,110,2,inferred_uniform_text_timing,ffmpeg_audio_sample_rate,video_frame_index_and_fps
'-HwX2H8Z4hY_2,'-HwX2H8Z4hY,2,46,3.6493333333333333,3.728666666666667,0,1,1,58389,59658,1269,109,112,2,inferred_uniform_text_timing,ffmpeg_audio_sample_rate,video_frame_index_and_fps
'-HwX2H8Z4hY_2,'-HwX2H8Z4hY,2,47,3.728666666666667,3.8080000000000003,1,1,1,59658,60928,1270,111,115,3,inferred_uniform_text_timing,ffmpeg_audio_sample_rate,video_frame_index_and_fps
'-HwX2H8Z4hY_2,'-HwX2H8Z4hY,2,48,3.8080000000000003,3.8873333333333333,0,1,1,60928,62197,1269,114,117,2,inferred_uniform_text_timing,ffmpeg_audio_sample_rate,video_frame_index_and_fps
'-HwX2H8Z4hY_2,'-HwX2H8Z4hY,2,49,3.8873333333333333,3.966666666666667,0,1,1,62197,63466,456,116,119,2,inferred_uniform_text_timing,ffmpeg_audio_sample_rate,video_frame_index_and_fps
'-HwX2H8Z4hY_5,'-HwX2H8Z4hY,5,0,0.0,0.11199999999999999,0,1,1,0,1791,1791,0,4,4,inferred_uniform_text_timing,ffmpeg_audio_sample_rate,video_frame_index_and_fps
'-HwX2H8Z4hY_5,'-HwX2H8Z4hY,5,1,0.11199999999999999,0.22399999999999998,0,1,1,1791,3583,1792,3,7,3,inferred_uniform_text_timing,ffmpeg_audio_sample_rate,video_frame_index_and_fps
'-HwX2H8Z4hY_5,'-HwX2H8Z4hY,5,2,0.22399999999999998,0.33599999999999997,1,1,1,3583,5375,1792,6,11,4,inferred_uniform_text_timing,ffmpeg_audio_sample_rate,video_frame_index_and_fps
'-HwX2H8Z4hY_5,'-HwX2H8Z4hY,5,3,0.33599999999999997,0.44799999999999995,0,1,1,5375,7167,1792,10,14,3,inferred_uniform_text_timing,ffmpeg_audio_sample_rate,video_frame_index_and_fps
'-HwX2H8Z4hY_5,'-HwX2H8Z4hY,5,4,0.44799999999999995,0.56,0,1,1,7167,8960,1793,13,17,3,inferred_uniform_text_timing,ffmpeg_audio_sample_rate,video_frame_index_and_fps
'-HwX2H8Z4hY_5,'-HwX2H8Z4hY,5,5,0.56,0.6719999999999999,0,1,1,8960,10751,1791,16,21,4,inferred_uniform_text_timing,ffmpeg_audio_sample_rate,video_frame_index_and_fps
'-HwX2H8Z4hY_5,'-HwX2H8Z4hY,5,6,0.6719999999999999,0.7839999999999999,0,1,1,10751,12543,1792,20,24,3,inferred_uniform_text_timing,ffmpeg_audio_sample_rate,video_frame_index_and_fps
'-HwX2H8Z4hY_5,'-HwX2H8Z4hY,5,7,0.7839999999999999,0.8959999999999999,1,1,1,12543,14335,1792,23,27,3,inferred_uniform_text_timing,ffmpeg_audio_sample_rate,video_frame_index_and_fps
'-HwX2H8Z4hY_5,'-HwX2H8Z4hY,5,8,0.8959999999999999,1.008,0,1,1,14335,16128,1793,26,31,4,inferred_uniform_text_timing,ffmpeg_audio_sample_rate,video_frame_index_and_fps
'-HwX2H8Z4hY_5,'-HwX2H8Z4hY,5,9,1.008,1.12,0,1,1,16128,17920,1792,30,34,3,inferred_uniform_text_timing,ffmpeg_audio_sample_rate,video_frame_index_and_fps
'-HwX2H8Z4hY_5,'-HwX2H8Z4hY,5,10,1.12,1.232,0,1,1,17920,19712,1792,33,37,3,inferred_uniform_text_timing,ffmpeg_audio_sample_rate,video_frame_index_and_fps
'-HwX2H8Z4hY_5,'-HwX2H8Z4hY,5,11,1.232,1.3439999999999999,0,1,1,19712,21503,1791,36,41,4,inferred_uniform_text_timing,ffmpeg_audio_sample_rate,video_frame_index_and_fps
'-HwX2H8Z4hY_5,'-HwX2H8Z4hY,5,12,1.3439999999999999,1.456,1,1,1,21503,23296,1793,40,44,3,inferred_uniform_text_timing,ffmpeg_audio_sample_rate,video_frame_index_and_fps
'-HwX2H8Z4hY_5,'-HwX2H8Z4hY,5,13,1.456,1.5679999999999998,0,1,1,23296,25087,1791,43,48,4,inferred_uniform_text_timing,ffmpeg_audio_sample_rate,video_frame_index_and_fps
'-HwX2H8Z4hY_5,'-HwX2H8Z4hY,5,14,1.5679999999999998,1.68,0,1,1,25087,26880,1793,47,51,3,inferred_uniform_text_timing,ffmpeg_audio_sample_rate,video_frame_index_and_fps
'-HwX2H8Z4hY_5,'-HwX2H8Z4hY,5,15,1.68,1.7919999999999998,0,1,1,26880,28671,1791,50,54,3,inferred_uniform_text_timing,ffmpeg_audio_sample_rate,video_frame_index_and_fps
'-HwX2H8Z4hY_5,'-HwX2H8Z4hY,5,16,1.7919999999999998,1.9039999999999997,0,1,1,28671,30463,1792,53,58,4,inferred_uniform_text_timing,ffmpeg_audio_sample_rate,video_frame_index_and_fps
'-HwX2H8Z4hY_5,'-HwX2H8Z4hY,5,17,1.9039999999999997,2.016,1,1,1,30463,32256,1793,57,61,3,inferred_uniform_text_timing,ffmpeg_audio_sample_rate,video_frame_index_and_fps
'-HwX2H8Z4hY_5,'-HwX2H8Z4hY,5,18,2.016,2.1279999999999997,0,1,1,32256,34047,1791,60,64,3,inferred_uniform_text_timing,ffmpeg_audio_sample_rate,video_frame_index_and_fps
'-HwX2H8Z4hY_5,'-HwX2H8Z4hY,5,19,2.1279999999999997,2.24,0,1,1,34047,35840,1793,63,68,4,inferred_uniform_text_timing,ffmpeg_audio_sample_rate,video_frame_index_and_fps
'-HwX2H8Z4hY_5,'-HwX2H8Z4hY,5,20,2.24,2.352,0,1,1,35840,37632,1792,67,71,3,inferred_uniform_text_timing,ffmpeg_audio_sample_rate,video_frame_index_and_fps
'-HwX2H8Z4hY_5,'-HwX2H8Z4hY,5,21,2.352,2.464,0,1,1,37632,39424,1792,70,74,3,inferred_uniform_text_timing,ffmpeg_audio_sample_rate,video_frame_index_and_fps
'-HwX2H8Z4hY_5,'-HwX2H8Z4hY,5,22,2.464,2.5759999999999996,1,1,1,39424,41215,1791,73,78,4,inferred_uniform_text_timing,ffmpeg_audio_sample_rate,video_frame_index_and_fps
'-HwX2H8Z4hY_5,'-HwX2H8Z4hY,5,23,2.5759999999999996,2.6879999999999997,0,1,1,41215,43007,1792,77,81,3,inferred_uniform_text_timing,ffmpeg_audio_sample_rate,video_frame_index_and_fps
'-HwX2H8Z4hY_5,'-HwX2H8Z4hY,5,24,2.6879999999999997,2.8,0,1,1,43007,44800,1793,80,84,3,inferred_uniform_text_timing,ffmpeg_audio_sample_rate,video_frame_index_and_fps
'-HwX2H8Z4hY_5,'-HwX2H8Z4hY,5,25,2.8,2.912,0,1,1,44800,46592,1792,84,88,4,inferred_uniform_text_timing,ffmpeg_audio_sample_rate,video_frame_index_and_fps
'-HwX2H8Z4hY_5,'-HwX2H8Z4hY,5,26,2.912,3.0239999999999996,0,1,1,46592,48383,1791,87,91,3,inferred_uniform_text_timing,ffmpeg_audio_sample_rate,video_frame_index_and_fps
'-HwX2H8Z4hY_5,'-HwX2H8Z4hY,5,27,3.0239999999999996,3.1359999999999997,1,1,1,48383,50175,1792,90,95,4,inferred_uniform_text_timing,ffmpeg_audio_sample_rate,video_frame_index_and_fps
'-HwX2H8Z4hY_5,'-HwX2H8Z4hY,5,28,3.1359999999999997,3.2479999999999993,0,1,1,50175,51967,1792,94,98,3,inferred_uniform_text_timing,ffmpeg_audio_sample_rate,video_frame_index_and_fps
'-HwX2H8Z4hY_5,'-HwX2H8Z4hY,5,29,3.2479999999999993,3.36,0,1,1,51967,53760,1793,97,101,3,inferred_uniform_text_timing,ffmpeg_audio_sample_rate,video_frame_index_and_fps
'-HwX2H8Z4hY_5,'-HwX2H8Z4hY,5,30,3.36,3.472,0,1,1,53760,55552,1792,100,105,4,inferred_uniform_text_timing,ffmpeg_audio_sample_rate,video_frame_index_and_fps
'-HwX2H8Z4hY_5,'-HwX2H8Z4hY,5,31,3.472,3.5839999999999996,0,1,1,55552,57343,1791,104,108,3,inferred_uniform_text_timing,ffmpeg_audio_sample_rate,video_frame_index_and_fps
'-HwX2H8Z4hY_5,'-HwX2H8Z4hY,5,32,3.5839999999999996,3.6959999999999997,1,1,1,57343,59135,1792,107,111,3,inferred_uniform_text_timing,ffmpeg_audio_sample_rate,video_frame_index_and_fps
'-HwX2H8Z4hY_5,'-HwX2H8Z4hY,5,33,3.6959999999999997,3.8079999999999994,0,1,1,59135,60927,1792,110,115,4,inferred_uniform_text_timing,ffmpeg_audio_sample_rate,video_frame_index_and_fps
'-HwX2H8Z4hY_5,'-HwX2H8Z4hY,5,34,3.8079999999999994,3.92,0,1,1,60927,62720,1793,114,118,3,inferred_uniform_text_timing,ffmpeg_audio_sample_rate,video_frame_index_and_fps
'-HwX2H8Z4hY_5,'-HwX2H8Z4hY,5,35,3.92,4.032,0,1,1,62720,64512,1792,117,121,3,inferred_uniform_text_timing,ffmpeg_audio_sample_rate,video_frame_index_and_fps
'-HwX2H8Z4hY_5,'-HwX2H8Z4hY,5,36,4.032,4.144,0,1,1,64512,66304,1792,120,125,4,inferred_uniform_text_timing,ffmpeg_audio_sample_rate,video_frame_index_and_fps
'-HwX2H8Z4hY_5,'-HwX2H8Z4hY,5,37,4.144,4.255999999999999,1,1,1,66304,68095,1791,124,128,3,inferred_uniform_text_timing,ffmpeg_audio_sample_rate,video_frame_index_and_fps
'-HwX2H8Z4hY_5,'-HwX2H8Z4hY,5,38,4.255999999999999,4.367999999999999,0,1,1,68095,69887,1792,127,132,4,inferred_uniform_text_timing,ffmpeg_audio_sample_rate,video_frame_index_and_fps
'-HwX2H8Z4hY_5,'-HwX2H8Z4hY,5,39,4.367999999999999,4.48,0,1,1,69887,71680,1793,131,135,3,inferred_uniform_text_timing,ffmpeg_audio_sample_rate,video_frame_index_and_fps
'-HwX2H8Z4hY_5,'-HwX2H8Z4hY,5,40,4.48,4.592,0,1,1,71680,73472,1792,134,138,3,inferred_uniform_text_timing,ffmpeg_audio_sample_rate,video_frame_index_and_fps
'-HwX2H8Z4hY_5,'-HwX2H8Z4hY,5,41,4.592,4.704,0,1,1,73472,75264,1792,137,142,4,inferred_uniform_text_timing,ffmpeg_audio_sample_rate,video_frame_index_and_fps
'-HwX2H8Z4hY_5,'-HwX2H8Z4hY,5,42,4.704,4.816,1,1,1,75264,77056,1792,141,145,3,inferred_uniform_text_timing,ffmpeg_audio_sample_rate,video_frame_index_and_fps
'-HwX2H8Z4hY_5,'-HwX2H8Z4hY,5,43,4.816,4.928,0,1,1,77056,78848,1792,144,148,3,inferred_uniform_text_timing,ffmpeg_audio_sample_rate,video_frame_index_and_fps
'-HwX2H8Z4hY_5,'-HwX2H8Z4hY,5,44,4.928,5.039999999999999,0,1,1,78848,80639,1791,147,152,4,inferred_uniform_text_timing,ffmpeg_audio_sample_rate,video_frame_index_and_fps
'-HwX2H8Z4hY_5,'-HwX2H8Z4hY,5,45,5.039999999999999,5.151999999999999,0,1,1,80639,82431,1792,151,155,3,inferred_uniform_text_timing,ffmpeg_audio_sample_rate,video_frame_index_and_fps
'-HwX2H8Z4hY_5,'-HwX2H8Z4hY,5,46,5.151999999999999,5.263999999999999,0,1,1,82431,84223,1792,154,158,3,inferred_uniform_text_timing,ffmpeg_audio_sample_rate,video_frame_index_and_fps
'-HwX2H8Z4hY_5,'-HwX2H8Z4hY,5,47,5.263999999999999,5.3759999999999994,1,1,1,84223,86015,1792,157,162,4,inferred_uniform_text_timing,ffmpeg_audio_sample_rate,video_frame_index_and_fps
'-HwX2H8Z4hY_5,'-HwX2H8Z4hY,5,48,5.3759999999999994,5.4879999999999995,0,1,1,86015,87808,1793,161,165,3,inferred_uniform_text_timing,ffmpeg_audio_sample_rate,video_frame_index_and_fps
'-HwX2H8Z4hY_5,'-HwX2H8Z4hY,5,49,5.4879999999999995,5.6,0,1,1,87808,89600,897,164,168,3,inferred_uniform_text_timing,ffmpeg_audio_sample_rate,video_frame_index_and_fps
'-HwX2H8Z4hY_6,'-HwX2H8Z4hY,6,0,0.0,0.066,0,1,1,0,1056,1056,0,2,2,inferred_uniform_text_timing,ffmpeg_audio_sample_rate,video_frame_index_and_fps
'-HwX2H8Z4hY_6,'-HwX2H8Z4hY,6,1,0.066,0.132,0,1,1,1056,2112,1056,1,4,2,inferred_uniform_text_timing,ffmpeg_audio_sample_rate,video_frame_index_and_fps
'-HwX2H8Z4hY_6,'-HwX2H8Z4hY,6,2,0.132,0.19799999999999998,0,1,1,2112,3167,1055,3,6,2,inferred_uniform_text_timing,ffmpeg_audio_sample_rate,video_frame_index_and_fps
'-HwX2H8Z4hY_6,'-HwX2H8Z4hY,6,3,0.19799999999999998,0.264,1,1,1,3167,4224,1057,5,8,2,inferred_uniform_text_timing,ffmpeg_audio_sample_rate,video_frame_index_and_fps
'-HwX2H8Z4hY_6,'-HwX2H8Z4hY,6,4,0.264,0.33,0,1,1,4224,5280,1056,7,10,2,inferred_uniform_text_timing,ffmpeg_audio_sample_rate,video_frame_index_and_fps
'-HwX2H8Z4hY_6,'-HwX2H8Z4hY,6,5,0.33,0.39599999999999996,0,1,1,5280,6335,1055,9,12,2,inferred_uniform_text_timing,ffmpeg_audio_sample_rate,video_frame_index_and_fps
'-HwX2H8Z4hY_6,'-HwX2H8Z4hY,6,6,0.39599999999999996,0.46199999999999997,0,1,1,6335,7391,1056,11,14,2,inferred_uniform_text_timing,ffmpeg_audio_sample_rate,video_frame_index_and_fps
'-HwX2H8Z4hY_6,'-HwX2H8Z4hY,6,7,0.46199999999999997,0.528,0,1,1,7391,8448,1057,13,16,2,inferred_uniform_text_timing,ffmpeg_audio_sample_rate,video_frame_index_and_fps
'-HwX2H8Z4hY_6,'-HwX2H8Z4hY,6,8,0.528,0.594,0,1,1,8448,9504,1056,15,18,2,inferred_uniform_text_timing,ffmpeg_audio_sample_rate,video_frame_index_and_fps
'-HwX2H8Z4hY_6,'-HwX2H8Z4hY,6,9,0.594,0.66,1,1,1,9504,10560,1056,17,20,2,inferred_uniform_text_timing,ffmpeg_audio_sample_rate,video_frame_index_and_fps
'-HwX2H8Z4hY_6,'-HwX2H8Z4hY,6,10,0.66,0.726,0,1,1,10560,11616,1056,19,22,2,inferred_uniform_text_timing,ffmpeg_audio_sample_rate,video_frame_index_and_fps
'-HwX2H8Z4hY_6,'-HwX2H8Z4hY,6,11,0.726,0.7919999999999999,0,1,1,11616,12671,1055,21,24,2,inferred_uniform_text_timing,ffmpeg_audio_sample_rate,video_frame_index_and_fps
'-HwX2H8Z4hY_6,'-HwX2H8Z4hY,6,12,0.7919999999999999,0.858,0,1,1,12671,13728,1057,23,26,2,inferred_uniform_text_timing,ffmpeg_audio_sample_rate,video_frame_index_and_fps
'-HwX2H8Z4hY_6,'-HwX2H8Z4hY,6,13,0.858,0.9239999999999999,0,1,1,13728,14783,1055,25,28,2,inferred_uniform_text_timing,ffmpeg_audio_sample_rate,video_frame_index_and_fps
'-HwX2H8Z4hY_6,'-HwX2H8Z4hY,6,14,0.9239999999999999,0.99,0,1,1,14783,15840,1057,27,30,2,inferred_uniform_text_timing,ffmpeg_audio_sample_rate,video_frame_index_and_fps
'-HwX2H8Z4hY_6,'-HwX2H8Z4hY,6,15,0.99,1.056,1,1,1,15840,16896,1056,29,32,2,inferred_uniform_text_timing,ffmpeg_audio_sample_rate,video_frame_index_and_fps
'-HwX2H8Z4hY_6,'-HwX2H8Z4hY,6,16,1.056,1.1219999999999999,0,1,1,16896,17952,1056,31,34,2,inferred_uniform_text_timing,ffmpeg_audio_sample_rate,video_frame_index_and_fps
'-HwX2H8Z4hY_6,'-HwX2H8Z4hY,6,17,1.1219999999999999,1.188,0,1,1,17952,19008,1056,33,36,2,inferred_uniform_text_timing,ffmpeg_audio_sample_rate,video_frame_index_and_fps
'-HwX2H8Z4hY_6,'-HwX2H8Z4hY,6,18,1.188,1.254,0,1,1,19008,20064,1056,35,38,2,inferred_uniform_text_timing,ffmpeg_audio_sample_rate,video_frame_index_and_fps
'-HwX2H8Z4hY_6,'-HwX2H8Z4hY,6,19,1.254,1.32,0,1,1,20064,21120,1056,37,40,2,inferred_uniform_text_timing,ffmpeg_audio_sample_rate,video_frame_index_and_fps
'-HwX2H8Z4hY_6,'-HwX2H8Z4hY,6,20,1.32,1.386,0,1,1,21120,22176,1056,39,42,2,inferred_uniform_text_timing,ffmpeg_audio_sample_rate,video_frame_index_and_fps
'-HwX2H8Z4hY_6,'-HwX2H8Z4hY,6,21,1.386,1.452,1,1,1,22176,23232,1056,41,44,2,inferred_uniform_text_timing,ffmpeg_audio_sample_rate,video_frame_index_and_fps
'-HwX2H8Z4hY_6,'-HwX2H8Z4hY,6,22,1.452,1.5179999999999998,0,1,1,23232,24287,1055,43,46,2,inferred_uniform_text_timing,ffmpeg_audio_sample_rate,video_frame_index_and_fps
'-HwX2H8Z4hY_6,'-HwX2H8Z4hY,6,23,1.5179999999999998,1.5839999999999999,0,1,1,24287,25343,1056,45,48,2,inferred_uniform_text_timing,ffmpeg_audio_sample_rate,video_frame_index_and_fps
'-HwX2H8Z4hY_6,'-HwX2H8Z4hY,6,24,1.5839999999999999,1.65,0,1,1,25343,26400,1057,47,50,2,inferred_uniform_text_timing,ffmpeg_audio_sample_rate,video_frame_index_and_fps
'-HwX2H8Z4hY_6,'-HwX2H8Z4hY,6,25,1.65,1.716,0,1,1,26400,27456,1056,49,52,2,inferred_uniform_text_timing,ffmpeg_audio_sample_rate,video_frame_index_and_fps
'-HwX2H8Z4hY_6,'-HwX2H8Z4hY,6,26,1.716,1.7819999999999998,0,1,1,27456,28511,1055,51,54,2,inferred_uniform_text_timing,ffmpeg_audio_sample_rate,video_frame_index_and_fps
'-HwX2H8Z4hY_6,'-HwX2H8Z4hY,6,27,1.7819999999999998,1.8479999999999999,0,1,1,28511,29567,1056,53,56,2,inferred_uniform_text_timing,ffmpeg_audio_sample_rate,video_frame_index_and_fps
'-HwX2H8Z4hY_6,'-HwX2H8Z4hY,6,28,1.8479999999999999,1.9139999999999997,1,1,1,29567,30623,1056,55,58,2,inferred_uniform_text_timing,ffmpeg_audio_sample_rate,video_frame_index_and_fps
'-HwX2H8Z4hY_6,'-HwX2H8Z4hY,6,29,1.9139999999999997,1.98,0,1,1,30623,31680,1057,57,60,2,inferred_uniform_text_timing,ffmpeg_audio_sample_rate,video_frame_index_and_fps
'-HwX2H8Z4hY_6,'-HwX2H8Z4hY,6,30,1.98,2.046,0,1,1,31680,32735,1055,59,62,2,inferred_uniform_text_timing,ffmpeg_audio_sample_rate,video_frame_index_and_fps
'-HwX2H8Z4hY_6,'-HwX2H8Z4hY,6,31,2.046,2.112,0,1,1,32735,33792,1057,61,64,2,inferred_uniform_text_timing,ffmpeg_audio_sample_rate,video_frame_index_and_fps
'-HwX2H8Z4hY_6,'-HwX2H8Z4hY,6,32,2.112,2.178,0,1,1,33792,34848,1056,63,66,2,inferred_uniform_text_timing,ffmpeg_audio_sample_rate,video_frame_index_and_fps
'-HwX2H8Z4hY_6,'-HwX2H8Z4hY,6,33,2.178,2.2439999999999998,0,1,1,34848,35904,1056,65,68,2,inferred_uniform_text_timing,ffmpeg_audio_sample_rate,video_frame_index_and_fps
'-HwX2H8Z4hY_6,'-HwX2H8Z4hY,6,34,2.2439999999999998,2.31,1,1,1,35904,36960,1056,67,70,2,inferred_uniform_text_timing,ffmpeg_audio_sample_rate,video_frame_index_and_fps
'-HwX2H8Z4hY_6,'-HwX2H8Z4hY,6,35,2.31,2.376,0,1,1,36960,38016,1056,69,72,2,inferred_uniform_text_timing,ffmpeg_audio_sample_rate,video_frame_index_and_fps
'-HwX2H8Z4hY_6,'-HwX2H8Z4hY,6,36,2.376,2.4419999999999997,0,1,1,38016,39071,1055,71,74,2,inferred_uniform_text_timing,ffmpeg_audio_sample_rate,video_frame_index_and_fps
'-HwX2H8Z4hY_6,'-HwX2H8Z4hY,6,37,2.4419999999999997,2.508,0,1,1,39071,40128,1057,73,76,2,inferred_uniform_text_timing,ffmpeg_audio_sample_rate,video_frame_index_and_fps
'-HwX2H8Z4hY_6,'-HwX2H8Z4hY,6,38,2.508,2.574,0,1,1,40128,41184,1056,75,78,2,inferred_uniform_text_timing,ffmpeg_audio_sample_rate,video_frame_index_and_fps
'-HwX2H8Z4hY_6,'-HwX2H8Z4hY,6,39,2.574,2.64,0,1,1,41184,42240,1056,77,80,2,inferred_uniform_text_timing,ffmpeg_audio_sample_rate,video_frame_index_and_fps
'-HwX2H8Z4hY_6,'-HwX2H8Z4hY,6,40,2.64,2.7059999999999995,1,1,1,42240,43295,1055,79,82,2,inferred_uniform_text_timing,ffmpeg_audio_sample_rate,video_frame_index_and_fps
'-HwX2H8Z4hY_6,'-HwX2H8Z4hY,6,41,2.7059999999999995,2.772,0,1,1,43295,44352,1057,81,84,2,inferred_uniform_text_timing,ffmpeg_audio_sample_rate,video_frame_index_and_fps
'-HwX2H8Z4hY_6,'-HwX2H8Z4hY,6,42,2.772,2.838,0,1,1,44352,45408,1056,83,86,2,inferred_uniform_text_timing,ffmpeg_audio_sample_rate,video_frame_index_and_fps
'-HwX2H8Z4hY_6,'-HwX2H8Z4hY,6,43,2.838,2.904,0,1,1,45408,46464,1056,85,88,2,inferred_uniform_text_timing,ffmpeg_audio_sample_rate,video_frame_index_and_fps
'-HwX2H8Z4hY_6,'-HwX2H8Z4hY,6,44,2.904,2.97,0,1,1,46464,47520,1056,87,90,2,inferred_uniform_text_timing,ffmpeg_audio_sample_rate,video_frame_index_and_fps
'-HwX2H8Z4hY_6,'-HwX2H8Z4hY,6,45,2.97,3.0359999999999996,0,1,1,47520,48575,1055,89,92,2,inferred_uniform_text_timing,ffmpeg_audio_sample_rate,video_frame_index_and_fps
'-HwX2H8Z4hY_6,'-HwX2H8Z4hY,6,46,3.0359999999999996,3.102,1,1,1,48575,49632,1057,91,94,2,inferred_uniform_text_timing,ffmpeg_audio_sample_rate,video_frame_index_and_fps
'-HwX2H8Z4hY_6,'-HwX2H8Z4hY,6,47,3.102,3.1679999999999997,0,1,1,49632,50687,1055,93,96,2,inferred_uniform_text_timing,ffmpeg_audio_sample_rate,video_frame_index_and_fps
'-HwX2H8Z4hY_6,'-HwX2H8Z4hY,6,48,3.1679999999999997,3.234,0,1,1,50687,51744,1057,95,98,2,inferred_uniform_text_timing,ffmpeg_audio_sample_rate,video_frame_index_and_fps
'-HwX2H8Z4hY_6,'-HwX2H8Z4hY,6,49,3.234,3.3,0,1,1,51744,52800,352,97,99,1,inferred_uniform_text_timing,ffmpeg_audio_sample_rate,video_frame_index_and_fps
'-HwX2H8Z4hY_9,'-HwX2H8Z4hY,9,0,0.0,0.15466666666666667,0,1,1,0,2474,2474,0,5,5,inferred_uniform_text_timing,ffmpeg_audio_sample_rate,video_frame_index_and_fps
'-HwX2H8Z4hY_9,'-HwX2H8Z4hY,9,1,0.15466666666666667,0.30933333333333335,1,1,1,2474,4949,2475,4,10,5,inferred_uniform_text_timing,ffmpeg_audio_sample_rate,video_frame_index_and_fps
'-HwX2H8Z4hY_9,'-HwX2H8Z4hY,9,2,0.30933333333333335,0.46399999999999997,0,1,1,4949,7423,2474,9,14,4,inferred_uniform_text_timing,ffmpeg_audio_sample_rate,video_frame_index_and_fps
'-HwX2H8Z4hY_9,'-HwX2H8Z4hY,9,3,0.46399999999999997,0.6186666666666667,1,1,1,7423,9898,2475,13,19,5,inferred_uniform_text_timing,ffmpeg_audio_sample_rate,video_frame_index_and_fps
'-HwX2H8Z4hY_9,'-HwX2H8Z4hY,9,4,0.6186666666666667,0.7733333333333333,0,1,1,9898,12373,2475,18,24,5,inferred_uniform_text_timing,ffmpeg_audio_sample_rate,video_frame_index_and_fps
'-HwX2H8Z4hY_9,'-HwX2H8Z4hY,9,5,0.7733333333333333,0.9279999999999999,1,1,1,12373,14847,2474,23,28,4,inferred_uniform_text_timing,ffmpeg_audio_sample_rate,video_frame_index_and_fps
'-HwX2H8Z4hY_9,'-HwX2H8Z4hY,9,6,0.9279999999999999,1.0826666666666667,0,1,1,14847,17322,2475,27,33,5,inferred_uniform_text_timing,ffmpeg_audio_sample_rate,video_frame_index_and_fps
'-HwX2H8Z4hY_9,'-HwX2H8Z4hY,9,7,1.0826666666666667,1.2373333333333334,1,1,1,17322,19797,2475,32,38,5,inferred_uniform_text_timing,ffmpeg_audio_sample_rate,video_frame_index_and_fps
'-HwX2H8Z4hY_9,'-HwX2H8Z4hY,9,8,1.2373333333333334,1.392,0,1,1,19797,22272,2475,37,42,4,inferred_uniform_text_timing,ffmpeg_audio_sample_rate,video_frame_index_and_fps
'-HwX2H8Z4hY_9,'-HwX2H8Z4hY,9,9,1.392,1.5466666666666666,0,1,1,22272,24746,2474,41,47,5,inferred_uniform_text_timing,ffmpeg_audio_sample_rate,video_frame_index_and_fps
'-HwX2H8Z4hY_9,'-HwX2H8Z4hY,9,10,1.5466666666666666,1.7013333333333334,1,1,1,24746,27221,2475,46,52,5,inferred_uniform_text_timing,ffmpeg_audio_sample_rate,video_frame_index_and_fps
'-HwX2H8Z4hY_9,'-HwX2H8Z4hY,9,11,1.7013333333333334,1.8559999999999999,0,1,1,27221,29695,2474,51,56,4,inferred_uniform_text_timing,ffmpeg_audio_sample_rate,video_frame_index_and_fps
'-HwX2H8Z4hY_9,'-HwX2H8Z4hY,9,12,1.8559999999999999,2.010666666666667,1,1,1,29695,32170,2475,55,61,5,inferred_uniform_text_timing,ffmpeg_audio_sample_rate,video_frame_index_and_fps
'-HwX2H8Z4hY_9,'-HwX2H8Z4hY,9,13,2.010666666666667,2.1653333333333333,0,1,1,32170,34645,2475,60,65,4,inferred_uniform_text_timing,ffmpeg_audio_sample_rate,video_frame_index_and_fps
'-HwX2H8Z4hY_9,'-HwX2H8Z4hY,9,14,2.1653333333333333,2.32,1,1,1,34645,37120,2475,64,70,5,inferred_uniform_text_timing,ffmpeg_audio_sample_rate,video_frame_index_and_fps
'-HwX2H8Z4hY_9,'-HwX2H8Z4hY,9,15,2.32,2.474666666666667,0,1,1,37120,39594,2474,69,75,5,inferred_uniform_text_timing,ffmpeg_audio_sample_rate,video_frame_index_and_fps
'-HwX2H8Z4hY_9,'-HwX2H8Z4hY,9,16,2.474666666666667,2.6293333333333333,0,1,1,39594,42069,2475,74,79,4,inferred_uniform_text_timing,ffmpeg_audio_sample_rate,video_frame_index_and_fps
'-HwX2H8Z4hY_9,'-HwX2H8Z4hY,9,17,2.6293333333333333,2.784,1,1,1,42069,44544,2475,78,84,5,inferred_uniform_text_timing,ffmpeg_audio_sample_rate,video_frame_index_and_fps
'-HwX2H8Z4hY_9,'-HwX2H8Z4hY,9,18,2.784,2.9386666666666668,0,1,1,44544,47018,2474,83,89,5,inferred_uniform_text_timing,ffmpeg_audio_sample_rate,video_frame_index_and_fps
'-HwX2H8Z4hY_9,'-HwX2H8Z4hY,9,19,2.9386666666666668,3.0933333333333333,1,1,1,47018,49493,2475,88,93,4,inferred_uniform_text_timing,ffmpeg_audio_sample_rate,video_frame_index_and_fps
'-HwX2H8Z4hY_9,'-HwX2H8Z4hY,9,20,3.0933333333333333,3.248,0,1,1,49493,51968,2475,92,98,5,inferred_uniform_text_timing,ffmpeg_audio_sample_rate,video_frame_index_and_fps
'-HwX2H8Z4hY_9,'-HwX2H8Z4hY,9,21,3.248,3.4026666666666667,1,1,1,51968,54442,2474,97,103,5,inferred_uniform_text_timing,ffmpeg_audio_sample_rate,video_frame_index_and_fps
'-HwX2H8Z4hY_9,'-HwX2H8Z4hY,9,22,3.4026666666666667,3.5573333333333337,0,1,1,54442,56917,2475,102,107,4,inferred_uniform_text_timing,ffmpeg_audio_sample_rate,video_frame_index_and_fps
'-HwX2H8Z4hY_9,'-HwX2H8Z4hY,9,23,3.5573333333333337,3.7119999999999997,1,1,1,56917,59391,2474,106,112,5,inferred_uniform_text_timing,ffmpeg_audio_sample_rate,video_frame_index_and_fps
'-HwX2H8Z4hY_9,'-HwX2H8Z4hY,9,24,3.7119999999999997,3.8666666666666667,0,1,1,59391,61866,2475,111,116,4,inferred_uniform_text_timing,ffmpeg_audio_sample_rate,video_frame_index_and_fps
'-HwX2H8Z4hY_9,'-HwX2H8Z4hY,9,25,3.8666666666666667,4.021333333333334,0,1,1,61866,64341,2475,116,121,5,inferred_uniform_text_timing,ffmpeg_audio_sample_rate,video_frame_index_and_fps
'-HwX2H8Z4hY_9,'-HwX2H8Z4hY,9,26,4.021333333333334,4.176,1,1,1,64341,66816,2475,120,126,5,inferred_uniform_text_timing,ffmpeg_audio_sample_rate,video_frame_index_and_fps
'-HwX2H8Z4hY_9,'-HwX2H8Z4hY,9,27,4.176,4.330666666666667,0,1,1,66816,69290,2474,125,130,4,inferred_uniform_text_timing,ffmpeg_audio_sample_rate,video_frame_index_and_fps
'-HwX2H8Z4hY_9,'-HwX2H8Z4hY,9,28,4.330666666666667,4.485333333333333,1,1,1,69290,71765,2475,129,135,5,inferred_uniform_text_timing,ffmpeg_audio_sample_rate,video_frame_index_and_fps
'-HwX2H8Z4hY_9,'-HwX2H8Z4hY,9,29,4.485333333333333,4.64,0,1,1,71765,74240,2475,134,140,5,inferred_uniform_text_timing,ffmpeg_audio_sample_rate,video_frame_index_and_fps
'-HwX2H8Z4hY_9,'-HwX2H8Z4hY,9,30,4.64,4.794666666666667,1,1,1,74240,76714,2474,139,144,4,inferred_uniform_text_timing,ffmpeg_audio_sample_rate,video_frame_index_and_fps
'-HwX2H8Z4hY_9,'-HwX2H8Z4hY,9,31,4.794666666666667,4.949333333333334,0,1,1,76714,79189,2475,143,149,5,inferred_uniform_text_timing,ffmpeg_audio_sample_rate,video_frame_index_and_fps
'-HwX2H8Z4hY_9,'-HwX2H8Z4hY,9,32,4.949333333333334,5.104,1,1,1,79189,81664,2475,148,154,5,inferred_uniform_text_timing,ffmpeg_audio_sample_rate,video_frame_index_and_fps
'-HwX2H8Z4hY_9,'-HwX2H8Z4hY,9,33,5.104,5.258666666666667,0,1,1,81664,84138,2474,153,158,4,inferred_uniform_text_timing,ffmpeg_audio_sample_rate,video_frame_index_and_fps
'-HwX2H8Z4hY_9,'-HwX2H8Z4hY,9,34,5.258666666666667,5.413333333333334,0,1,1,84138,86613,2475,157,163,5,inferred_uniform_text_timing,ffmpeg_audio_sample_rate,video_frame_index_and_fps
'-HwX2H8Z4hY_9,'-HwX2H8Z4hY,9,35,5.413333333333334,5.568,1,1,1,86613,89088,2475,162,168,5,inferred_uniform_text_timing,ffmpeg_audio_sample_rate,video_frame_index_and_fps
'-HwX2H8Z4hY_9,'-HwX2H8Z4hY,9,36,5.568,5.722666666666666,0,1,1,89088,91562,2474,167,172,4,inferred_uniform_text_timing,ffmpeg_audio_sample_rate,video_frame_index_and_fps
'-HwX2H8Z4hY_9,'-HwX2H8Z4hY,9,37,5.722666666666666,5.8773333333333335,1,1,1,91562,94037,2475,171,177,5,inferred_uniform_text_timing,ffmpeg_audio_sample_rate,video_frame_index_and_fps
'-HwX2H8Z4hY_9,'-HwX2H8Z4hY,9,38,5.8773333333333335,6.032,0,1,1,94037,96512,2475,176,181,4,inferred_uniform_text_timing,ffmpeg_audio_sample_rate,video_frame_index_and_fps
'-HwX2H8Z4hY_9,'-HwX2H8Z4hY,9,39,6.032,6.1866666666666665,1,1,1,96512,98986,2474,180,186,5,inferred_uniform_text_timing,ffmpeg_audio_sample_rate,video_frame_index_and_fps
'-HwX2H8Z4hY_9,'-HwX2H8Z4hY,9,40,6.1866666666666665,6.341333333333333,0,1,1,98986,101461,2475,185,191,5,inferred_uniform_text_timing,ffmpeg_audio_sample_rate,video_frame_index_and_fps
'-HwX2H8Z4hY_9,'-HwX2H8Z4hY,9,41,6.341333333333333,6.496,0,1,1,101461,103936,2475,190,195,4,inferred_uniform_text_timing,ffmpeg_audio_sample_rate,video_frame_index_and_fps
'-HwX2H8Z4hY_9,'-HwX2H8Z4hY,9,42,6.496,6.650666666666667,1,1,1,103936,106410,2474,194,200,5,inferred_uniform_text_timing,ffmpeg_audio_sample_rate,video_frame_index_and_fps
'-HwX2H8Z4hY_9,'-HwX2H8Z4hY,9,43,6.650666666666667,6.8053333333333335,0,1,1,106410,108885,2475,199,205,5,inferred_uniform_text_timing,ffmpeg_audio_sample_rate,video_frame_index_and_fps
'-HwX2H8Z4hY_9,'-HwX2H8Z4hY,9,44,6.8053333333333335,6.96,1,1,1,108885,111360,2475,204,209,4,inferred_uniform_text_timing,ffmpeg_audio_sample_rate,video_frame_index_and_fps
'-HwX2H8Z4hY_9,'-HwX2H8Z4hY,9,45,6.96,7.114666666666667,0,1,1,111360,113834,2474,208,214,5,inferred_uniform_text_timing,ffmpeg_audio_sample_rate,video_frame_index_and_fps
'-HwX2H8Z4hY_9,'-HwX2H8Z4hY,9,46,7.114666666666667,7.269333333333334,1,1,1,113834,116309,2475,213,219,5,inferred_uniform_text_timing,ffmpeg_audio_sample_rate,video_frame_index_and_fps
'-HwX2H8Z4hY_9,'-HwX2H8Z4hY,9,47,7.269333333333334,7.4239999999999995,0,1,1,116309,118783,2474,218,223,4,inferred_uniform_text_timing,ffmpeg_audio_sample_rate,video_frame_index_and_fps
'-HwX2H8Z4hY_9,'-HwX2H8Z4hY,9,48,7.4239999999999995,7.578666666666667,1,1,1,118783,121258,2475,222,228,5,inferred_uniform_text_timing,ffmpeg_audio_sample_rate,video_frame_index_and_fps
'-HwX2H8Z4hY_9,'-HwX2H8Z4hY,9,49,7.578666666666667,7.733333333333333,0,1,1,121258,123733,923,227,232,4,inferred_uniform_text_timing,ffmpeg_audio_sample_rate,video_frame_index_and_fps
'-NFrJFQijFE_1,'-NFrJFQijFE,1,0,0.0,0.11359999999999999,0,1,1,0,1817,1817,0,3,3,inferred_uniform_text_timing,ffmpeg_audio_sample_rate,video_frame_index_and_fps
'-NFrJFQijFE_1,'-NFrJFQijFE,1,1,0.11359999999999999,0.22719999999999999,1,1,1,1817,3635,1818,2,6,3,inferred_uniform_text_timing,ffmpeg_audio_sample_rate,video_frame_index_and_fps
'-NFrJFQijFE_1,'-NFrJFQijFE,1,2,0.22719999999999999,0.3408,0,1,1,3635,5452,1817,5,9,3,inferred_uniform_text_timing,ffmpeg_audio_sample_rate,video_frame_index_and_fps
'-NFrJFQijFE_1,'-NFrJFQijFE,1,3,0.3408,0.45439999999999997,0,1,1,5452,7270,1818,8,12,3,inferred_uniform_text_timing,ffmpeg_audio_sample_rate,video_frame_index_and_fps
'-NFrJFQijFE_1,'-NFrJFQijFE,1,4,0.45439999999999997,0.568,1,1,1,7270,9088,1818,11,15,3,inferred_uniform_text_timing,ffmpeg_audio_sample_rate,video_frame_index_and_fps
'-NFrJFQijFE_1,'-NFrJFQijFE,1,5,0.568,0.6816,0,1,1,9088,10905,1817,14,18,3,inferred_uniform_text_timing,ffmpeg_audio_sample_rate,video_frame_index_and_fps
'-NFrJFQijFE_1,'-NFrJFQijFE,1,6,0.6816,0.7951999999999999,0,1,1,10905,12723,1818,17,20,2,inferred_uniform_text_timing,ffmpeg_audio_sample_rate,video_frame_index_and_fps
'-NFrJFQijFE_1,'-NFrJFQijFE,1,7,0.7951999999999999,0.9087999999999999,1,1,1,12723,14540,1817,19,23,3,inferred_uniform_text_timing,ffmpeg_audio_sample_rate,video_frame_index_and_fps
'-NFrJFQijFE_1,'-NFrJFQijFE,1,8,0.9087999999999999,1.0224,0,1,1,14540,16358,1818,22,26,3,inferred_uniform_text_timing,ffmpeg_audio_sample_rate,video_frame_index_and_fps
'-NFrJFQijFE_1,'-NFrJFQijFE,1,9,1.0224,1.136,0,1,1,16358,18176,1818,25,29,3,inferred_uniform_text_timing,ffmpeg_audio_sample_rate,video_frame_index_and_fps
'-NFrJFQijFE_1,'-NFrJFQijFE,1,10,1.136,1.2496,1,1,1,18176,19993,1817,28,32,3,inferred_uniform_text_timing,ffmpeg_audio_sample_rate,video_frame_index_and_fps
'-NFrJFQijFE_1,'-NFrJFQijFE,1,11,1.2496,1.3632,0,1,1,19993,21811,1818,31,35,3,inferred_uniform_text_timing,ffmpeg_audio_sample_rate,video_frame_index_and_fps
'-NFrJFQijFE_1,'-NFrJFQijFE,1,12,1.3632,1.4768000000000001,0,1,1,21811,23628,1817,34,37,2,inferred_uniform_text_timing,ffmpeg_audio_sample_rate,video_frame_index_and_fps
'-NFrJFQijFE_1,'-NFrJFQijFE,1,13,1.4768000000000001,1.5903999999999998,0,1,1,23628,25446,1818,36,40,3,inferred_uniform_text_timing,ffmpeg_audio_sample_rate,video_frame_index_and_fps
'-NFrJFQijFE_1,'-NFrJFQijFE,1,14,1.5903999999999998,1.7039999999999997,1,1,1,25446,27263,1817,39,43,3,inferred_uniform_text_timing,ffmpeg_audio_sample_rate,video_frame_index_and_fps
'-NFrJFQijFE_1,'-NFrJFQijFE,1,15,1.7039999999999997,1.8175999999999999,0,1,1,27263,29081,1818,42,46,3,inferred_uniform_text_timing,ffmpeg_audio_sample_rate,video_frame_index_and_fps
'-NFrJFQijFE_1,'-NFrJFQijFE,1,16,1.8175999999999999,1.9312,0,1,1,29081,30899,1818,45,49,3,inferred_uniform_text_timing,ffmpeg_audio_sample_rate,video_frame_index_and_fps
'-NFrJFQijFE_1,'-NFrJFQijFE,1,17,1.9312,2.0448,1,1,1,30899,32716,1817,48,52,3,inferred_uniform_text_timing,ffmpeg_audio_sample_rate,video_frame_index_and_fps
'-NFrJFQijFE_1,'-NFrJFQijFE,1,18,2.0448,2.1584,0,1,1,32716,34534,1818,51,54,2,inferred_uniform_text_timing,ffmpeg_audio_sample_rate,video_frame_index_and_fps
'-NFrJFQijFE_1,'-NFrJFQijFE,1,19,2.1584,2.272,0,1,1,34534,36352,1818,53,57,3,inferred_uniform_text_timing,ffmpeg_audio_sample_rate,video_frame_index_and_fps
'-NFrJFQijFE_1,'-NFrJFQijFE,1,20,2.272,2.3856,1,1,1,36352,38169,1817,56,60,3,inferred_uniform_text_timing,ffmpeg_audio_sample_rate,video_frame_index_and_fps
'-NFrJFQijFE_1,'-NFrJFQijFE,1,21,2.3856,2.4992,0,1,1,38169,39987,1818,59,63,3,inferred_uniform_text_timing,ffmpeg_audio_sample_rate,video_frame_index_and_fps
'-NFrJFQijFE_1,'-NFrJFQijFE,1,22,2.4992,2.6127999999999996,0,1,1,39987,41804,1817,62,66,3,inferred_uniform_text_timing,ffmpeg_audio_sample_rate,video_frame_index_and_fps
'-NFrJFQijFE_1,'-NFrJFQijFE,1,23,2.6127999999999996,2.7264,1,1,1,41804,43622,1818,65,69,3,inferred_uniform_text_timing,ffmpeg_audio_sample_rate,video_frame_index_and_fps
'-NFrJFQijFE_1,'-NFrJFQijFE,1,24,2.7264,2.84,0,1,1,43622,45440,1818,68,71,2,inferred_uniform_text_timing,ffmpeg_audio_sample_rate,video_frame_index_and_fps
'-NFrJFQijFE_1,'-NFrJFQijFE,1,25,2.84,2.9536000000000002,0,1,1,45440,47257,1817,71,74,3,inferred_uniform_text_timing,ffmpeg_audio_sample_rate,video_frame_index_and_fps
'-NFrJFQijFE_1,'-NFrJFQijFE,1,26,2.9536000000000002,3.0671999999999997,1,1,1,47257,49075,1818,73,77,3,inferred_uniform_text_timing,ffmpeg_audio_sample_rate,video_frame_index_and_fps
'-NFrJFQijFE_1,'-NFrJFQijFE,1,27,3.0671999999999997,3.1807999999999996,0,1,1,49075,50892,1817,76,80,3,inferred_uniform_text_timing,ffmpeg_audio_sample_rate,video_frame_index_and_fps
'-NFrJFQijFE_1,'-NFrJFQijFE,1,28,3.1807999999999996,3.2944,0,1,1,50892,52710,1818,79,83,3,inferred_uniform_text_timing,ffmpeg_audio_sample_rate,video_frame_index_and_fps
'-NFrJFQijFE_1,'-NFrJFQijFE,1,29,3.2944,3.4079999999999995,1,1,1,52710,54527,1817,82,86,3,inferred_uniform_text_timing,ffmpeg_audio_sample_rate,video_frame_index_and_fps
'-NFrJFQijFE_1,'-NFrJFQijFE,1,30,3.4079999999999995,3.5216,0,1,1,54527,56345,1818,85,89,3,inferred_uniform_text_timing,ffmpeg_audio_sample_rate,video_frame_index_and_fps
'-NFrJFQijFE_1,'-NFrJFQijFE,1,31,3.5216,3.6351999999999998,0,1,1,56345,58163,1818,88,91,2,inferred_uniform_text_timing,ffmpeg_audio_sample_rate,video_frame_index_and_fps
'-NFrJFQijFE_1,'-NFrJFQijFE,1,32,3.6351999999999998,3.7488,1,1,1,58163,59980,1817,90,94,3,inferred_uniform_text_timing,ffmpeg_audio_sample_rate,video_frame_index_and_fps
'-NFrJFQijFE_1,'-NFrJFQijFE,1,33,3.7488,3.8624,0,1,1,59980,61798,1818,93,97,3,inferred_uniform_text_timing,ffmpeg_audio_sample_rate,video_frame_index_and_fps
'-NFrJFQijFE_1,'-NFrJFQijFE,1,34,3.8624,3.9759999999999995,0,1,1,61798,63615,1817,96,100,3,inferred_uniform_text_timing,ffmpeg_audio_sample_rate,video_frame_index_and_fps
'-NFrJFQijFE_1,'-NFrJFQijFE,1,35,3.9759999999999995,4.0896,1,1,1,63615,65433,1818,99,103,3,inferred_uniform_text_timing,ffmpeg_audio_sample_rate,video_frame_index_and_fps
'-NFrJFQijFE_1,'-NFrJFQijFE,1,36,4.0896,4.2032,0,1,1,65433,67251,1818,102,106,3,inferred_uniform_text_timing,ffmpeg_audio_sample_rate,video_frame_index_and_fps
'-NFrJFQijFE_1,'-NFrJFQijFE,1,37,4.2032,4.3168,0,1,1,67251,69068,1817,105,108,2,inferred_uniform_text_timing,ffmpeg_audio_sample_rate,video_frame_index_and_fps
'-NFrJFQijFE_1,'-NFrJFQijFE,1,38,4.3168,4.4304,0,1,1,69068,70886,1818,107,111,3,inferred_uniform_text_timing,ffmpeg_audio_sample_rate,video_frame_index_and_fps
'-NFrJFQijFE_1,'-NFrJFQijFE,1,39,4.4304,4.544,1,1,1,70886,72704,1818,110,114,3,inferred_uniform_text_timing,ffmpeg_audio_sample_rate,video_frame_index_and_fps
'-NFrJFQijFE_1,'-NFrJFQijFE,1,40,4.544,4.6575999999999995,0,1,1,72704,74521,1817,113,117,3,inferred_uniform_text_timing,ffmpeg_audio_sample_rate,video_frame_index_and_fps
'-NFrJFQijFE_1,'-NFrJFQijFE,1,41,4.6575999999999995,4.7712,0,1,1,74521,76339,1818,116,120,3,inferred_uniform_text_timing,ffmpeg_audio_sample_rate,video_frame_index_and_fps
'-NFrJFQijFE_1,'-NFrJFQijFE,1,42,4.7712,4.884799999999999,1,1,1,76339,78156,1817,119,123,3,inferred_uniform_text_timing,ffmpeg_audio_sample_rate,video_frame_index_and_fps
'-NFrJFQijFE_1,'-NFrJFQijFE,1,43,4.884799999999999,4.9984,0,1,1,78156,79974,1818,122,125,2,inferred_uniform_text_timing,ffmpeg_audio_sample_rate,video_frame_index_and_fps
'-NFrJFQijFE_1,'-NFrJFQijFE,1,44,4.9984,5.112,0,1,1,79974,81792,1818,124,128,3,inferred_uniform_text_timing,ffmpeg_audio_sample_rate,video_frame_index_and_fps
'-NFrJFQijFE_1,'-NFrJFQijFE,1,45,5.112,5.225599999999999,1,1,1,81792,83609,1817,127,131,3,inferred_uniform_text_timing,ffmpeg_audio_sample_rate,video_frame_index_and_fps
'-NFrJFQijFE_1,'-NFrJFQijFE,1,46,5.225599999999999,5.3392,0,1,1,83609,85427,1818,130,134,3,inferred_uniform_text_timing,ffmpeg_audio_sample_rate,video_frame_index_and_fps
'-NFrJFQijFE_1,'-NFrJFQijFE,1,47,5.3392,5.4528,0,1,1,85427,87244,1817,133,137,3,inferred_uniform_text_timing,ffmpeg_audio_sample_rate,video_frame_index_and_fps
'-NFrJFQijFE_1,'-NFrJFQijFE,1,48,5.4528,5.5664,1,1,1,87244,89062,1818,136,140,3,inferred_uniform_text_timing,ffmpeg_audio_sample_rate,video_frame_index_and_fps
'-NFrJFQijFE_1,'-NFrJFQijFE,1,49,5.5664,5.68,0,1,1,89062,90880,1480,139,142,2,inferred_uniform_text_timing,ffmpeg_audio_sample_rate,video_frame_index_and_fps
'-NFrJFQijFE_2,'-NFrJFQijFE,2,0,0.0,0.1352,0,1,1,0,2163,2163,0,4,4,inferred_uniform_text_timing,ffmpeg_audio_sample_rate,video_frame_index_and_fps
'-NFrJFQijFE_2,'-NFrJFQijFE,2,1,0.1352,0.2704,1,1,1,2163,4326,2163,3,7,3,inferred_uniform_text_timing,ffmpeg_audio_sample_rate,video_frame_index_and_fps
'-NFrJFQijFE_2,'-NFrJFQijFE,2,2,0.2704,0.4056,0,1,1,4326,6489,2163,6,11,4,inferred_uniform_text_timing,ffmpeg_audio_sample_rate,video_frame_index_and_fps
'-NFrJFQijFE_2,'-NFrJFQijFE,2,3,0.4056,0.5408,0,1,1,6489,8652,2163,10,14,3,inferred_uniform_text_timing,ffmpeg_audio_sample_rate,video_frame_index_and_fps
'-NFrJFQijFE_2,'-NFrJFQijFE,2,4,0.5408,0.6759999999999999,1,1,1,8652,10815,2163,13,17,3,inferred_uniform_text_timing,ffmpeg_audio_sample_rate,video_frame_index_and_fps
'-NFrJFQijFE_2,'-NFrJFQijFE,2,5,0.6759999999999999,0.8112,0,1,1,10815,12979,2164,16,21,4,inferred_uniform_text_timing,ffmpeg_audio_sample_rate,video_frame_index_and_fps
'-NFrJFQijFE_2,'-NFrJFQijFE,2,6,0.8112,0.9464,1,1,1,12979,15142,2163,20,24,3,inferred_uniform_text_timing,ffmpeg_audio_sample_rate,video_frame_index_and_fps
'-NFrJFQijFE_2,'-NFrJFQijFE,2,7,0.9464,1.0816,0,1,1,15142,17305,2163,23,28,4,inferred_uniform_text_timing,ffmpeg_audio_sample_rate,video_frame_index_and_fps
'-NFrJFQijFE_2,'-NFrJFQijFE,2,8,1.0816,1.2167999999999999,0,1,1,17305,19468,2163,27,31,3,inferred_uniform_text_timing,ffmpeg_audio_sample_rate,video_frame_index_and_fps
'-NFrJFQijFE_2,'-NFrJFQijFE,2,9,1.2167999999999999,1.3519999999999999,1,1,1,19468,21631,2163,30,34,3,inferred_uniform_text_timing,ffmpeg_audio_sample_rate,video_frame_index_and_fps
'-NFrJFQijFE_2,'-NFrJFQijFE,2,10,1.3519999999999999,1.4872,0,1,1,21631,23795,2164,33,38,4,inferred_uniform_text_timing,ffmpeg_audio_sample_rate,video_frame_index_and_fps
'-NFrJFQijFE_2,'-NFrJFQijFE,2,11,1.4872,1.6224,0,1,1,23795,25958,2163,37,41,3,inferred_uniform_text_timing,ffmpeg_audio_sample_rate,video_frame_index_and_fps
'-NFrJFQijFE_2,'-NFrJFQijFE,2,12,1.6224,1.7575999999999998,1,1,1,25958,28121,2163,40,44,3,inferred_uniform_text_timing,ffmpeg_audio_sample_rate,video_frame_index_and_fps
'-NFrJFQijFE_2,'-NFrJFQijFE,2,13,1.7575999999999998,1.8928,0,1,1,28121,30284,2163,43,48,4,inferred_uniform_text_timing,ffmpeg_audio_sample_rate,video_frame_index_and_fps
'-NFrJFQijFE_2,'-NFrJFQijFE,2,14,1.8928,2.028,0,1,1,30284,32448,2164,47,51,3,inferred_uniform_text_timing,ffmpeg_audio_sample_rate,video_frame_index_and_fps
'-NFrJFQijFE_2,'-NFrJFQijFE,2,15,2.028,2.1632,1,1,1,32448,34611,2163,50,55,4,inferred_uniform_text_timing,ffmpeg_audio_sample_rate,video_frame_index_and_fps
'-NFrJFQijFE_2,'-NFrJFQijFE,2,16,2.1632,2.2984,0,1,1,34611,36774,2163,54,58,3,inferred_uniform_text_timing,ffmpeg_audio_sample_rate,video_frame_index_and_fps
'-NFrJFQijFE_2,'-NFrJFQijFE,2,17,2.2984,2.4335999999999998,0,1,1,36774,38937,2163,57,61,3,inferred_uniform_text_timing,ffmpeg_audio_sample_rate,video_frame_index_and_fps
'-NFrJFQijFE_2,'-NFrJFQijFE,2,18,2.4335999999999998,2.5688,1,1,1,38937,41100,2163,60,65,4,inferred_uniform_text_timing,ffmpeg_audio_sample_rate,video_frame_index_and_fps
'-NFrJFQijFE_2,'-NFrJFQijFE,2,19,2.5688,2.7039999999999997,0,1,1,41100,43263,2163,64,68,3,inferred_uniform_text_timing,ffmpeg_audio_sample_rate,video_frame_index_and_fps
'-NFrJFQijFE_2,'-NFrJFQijFE,2,20,2.7039999999999997,2.8392,1,1,1,43263,45427,2164,67,71,3,inferred_uniform_text_timing,ffmpeg_audio_sample_rate,video_frame_index_and_fps
'-NFrJFQijFE_2,'-NFrJFQijFE,2,21,2.8392,2.9744,0,1,1,45427,47590,2163,70,75,4,inferred_uniform_text_timing,ffmpeg_audio_sample_rate,video_frame_index_and_fps
'-NFrJFQijFE_2,'-NFrJFQijFE,2,22,2.9744,3.1096,0,1,1,47590,49753,2163,74,78,3,inferred_uniform_text_timing,ffmpeg_audio_sample_rate,video_frame_index_and_fps
'-NFrJFQijFE_2,'-NFrJFQijFE,2,23,3.1096,3.2448,1,1,1,49753,51916,2163,77,82,4,inferred_uniform_text_timing,ffmpeg_audio_sample_rate,video_frame_index_and_fps
'-NFrJFQijFE_2,'-NFrJFQijFE,2,24,3.2448,3.38,0,1,1,51916,54080,2164,81,85,3,inferred_uniform_text_timing,ffmpeg_audio_sample_rate,video_frame_index_and_fps
'-NFrJFQijFE_2,'-NFrJFQijFE,2,25,3.38,3.5151999999999997,0,1,1,54080,56243,2163,84,88,3,inferred_uniform_text_timing,ffmpeg_audio_sample_rate,video_frame_index_and_fps
'-NFrJFQijFE_2,'-NFrJFQijFE,2,26,3.5151999999999997,3.6503999999999994,1,1,1,56243,58406,2163,87,92,4,inferred_uniform_text_timing,ffmpeg_audio_sample_rate,video_frame_index_and_fps
'-NFrJFQijFE_2,'-NFrJFQijFE,2,27,3.6503999999999994,3.7856,0,1,1,58406,60569,2163,91,95,3,inferred_uniform_text_timing,ffmpeg_audio_sample_rate,video_frame_index_and_fps
'-NFrJFQijFE_2,'-NFrJFQijFE,2,28,3.7856,3.9208,0,1,1,60569,62732,2163,94,99,4,inferred_uniform_text_timing,ffmpeg_audio_sample_rate,video_frame_index_and_fps
'-NFrJFQijFE_2,'-NFrJFQijFE,2,29,3.9208,4.056,1,1,1,62732,64896,2164,98,102,3,inferred_uniform_text_timing,ffmpeg_audio_sample_rate,video_frame_index_and_fps
'-NFrJFQijFE_2,'-NFrJFQijFE,2,30,4.056,4.1912,0,1,1,64896,67059,2163,101,105,3,inferred_uniform_text_timing,ffmpeg_audio_sample_rate,video_frame_index_and_fps
'-NFrJFQijFE_2,'-NFrJFQijFE,2,31,4.1912,4.3264,1,1,1,67059,69222,2163,104,109,4,inferred_uniform_text_timing,ffmpeg_audio_sample_rate,video_frame_index_and_fps
'-NFrJFQijFE_2,'-NFrJFQijFE,2,32,4.3264,4.4616,0,1,1,69222,71385,2163,108,112,3,inferred_uniform_text_timing,ffmpeg_audio_sample_rate,video_frame_index_and_fps
'-NFrJFQijFE_2,'-NFrJFQijFE,2,33,4.4616,4.5968,0,1,1,71385,73548,2163,111,115,3,inferred_uniform_text_timing,ffmpeg_audio_sample_rate,video_frame_index_and_fps
'-NFrJFQijFE_2,'-NFrJFQijFE,2,34,4.5968,4.732,1,1,1,73548,75712,2164,114,119,4,inferred_uniform_text_timing,ffmpeg_audio_sample_rate,video_frame_index_and_fps
'-NFrJFQijFE_2,'-NFrJFQijFE,2,35,4.732,4.8671999999999995,0,1,1,75712,77875,2163,118,122,3,inferred_uniform_text_timing,ffmpeg_audio_sample_rate,video_frame_index_and_fps
'-NFrJFQijFE_2,'-NFrJFQijFE,2,36,4.8671999999999995,5.0024,0,1,1,77875,80038,2163,121,126,4,inferred_uniform_text_timing,ffmpeg_audio_sample_rate,video_frame_index_and_fps
'-NFrJFQijFE_2,'-NFrJFQijFE,2,37,5.0024,5.1376,1,1,1,80038,82201,2163,125,129,3,inferred_uniform_text_timing,ffmpeg_audio_sample_rate,video_frame_index_and_fps
'-NFrJFQijFE_2,'-NFrJFQijFE,2,38,5.1376,5.2728,0,1,1,82201,84364,2163,128,132,3,inferred_uniform_text_timing,ffmpeg_audio_sample_rate,video_frame_index_and_fps
'-NFrJFQijFE_2,'-NFrJFQijFE,2,39,5.2728,5.4079999999999995,0,1,1,84364,86527,2163,131,136,4,inferred_uniform_text_timing,ffmpeg_audio_sample_rate,video_frame_index_and_fps
'-NFrJFQijFE_2,'-NFrJFQijFE,2,40,5.4079999999999995,5.5432,1,1,1,86527,88691,2164,135,139,3,inferred_uniform_text_timing,ffmpeg_audio_sample_rate,video_frame_index_and_fps
'-NFrJFQijFE_2,'-NFrJFQijFE,2,41,5.5432,5.6784,0,1,1,88691,90854,2163,138,142,3,inferred_uniform_text_timing,ffmpeg_audio_sample_rate,video_frame_index_and_fps
'-NFrJFQijFE_2,'-NFrJFQijFE,2,42,5.6784,5.8136,0,1,1,90854,93017,2163,141,146,4,inferred_uniform_text_timing,ffmpeg_audio_sample_rate,video_frame_index_and_fps
'-NFrJFQijFE_2,'-NFrJFQijFE,2,43,5.8136,5.9488,1,1,1,93017,95180,2163,145,149,3,inferred_uniform_text_timing,ffmpeg_audio_sample_rate,video_frame_index_and_fps
'-NFrJFQijFE_2,'-NFrJFQijFE,2,44,5.9488,6.084,0,1,1,95180,97344,2164,148,153,4,inferred_uniform_text_timing,ffmpeg_audio_sample_rate,video_frame_index_and_fps
'-NFrJFQijFE_2,'-NFrJFQijFE,2,45,6.084,6.2192,1,1,1,97344,99507,2163,152,156,3,inferred_uniform_text_timing,ffmpeg_audio_sample_rate,video_frame_index_and_fps
'-NFrJFQijFE_2,'-NFrJFQijFE,2,46,6.2192,6.354399999999999,0,1,1,99507,101670,2163,155,159,3,inferred_uniform_text_timing,ffmpeg_audio_sample_rate,video_frame_index_and_fps
'-NFrJFQijFE_2,'-NFrJFQijFE,2,47,6.354399999999999,6.4896,0,1,1,101670,103833,2163,158,163,4,inferred_uniform_text_timing,ffmpeg_audio_sample_rate,video_frame_index_and_fps
'-NFrJFQijFE_2,'-NFrJFQijFE,2,48,6.4896,6.6248000000000005,1,1,1,103833,105996,2163,162,166,3,inferred_uniform_text_timing,ffmpeg_audio_sample_rate,video_frame_index_and_fps
'-NFrJFQijFE_2,'-NFrJFQijFE,2,49,6.6248000000000005,6.76,0,1,1,105996,108160,1177,165,169,3,inferred_uniform_text_timing,ffmpeg_audio_sample_rate,video_frame_index_and_fps
'-THoVjtIkeU_12,'-THoVjtIkeU,12,0,0.0,0.2966666666666667,1,1,1,0,4746,4746,0,9,9,inferred_uniform_text_timing,ffmpeg_audio_sample_rate,video_frame_index_and_fps
'-THoVjtIkeU_12,'-THoVjtIkeU,12,1,0.2966666666666667,0.5933333333333334,1,1,1,4746,9493,4747,8,18,9,inferred_uniform_text_timing,ffmpeg_audio_sample_rate,video_frame_index_and_fps
'-THoVjtIkeU_12,'-THoVjtIkeU,12,2,0.5933333333333334,0.89,1,1,1,9493,14240,4747,17,27,9,inferred_uniform_text_timing,ffmpeg_audio_sample_rate,video_frame_index_and_fps
'-THoVjtIkeU_12,'-THoVjtIkeU,12,3,0.89,1.1866666666666668,0,1,1,14240,18986,4746,26,36,9,inferred_uniform_text_timing,ffmpeg_audio_sample_rate,video_frame_index_and_fps
'-THoVjtIkeU_12,'-THoVjtIkeU,12,4,1.1866666666666668,1.4833333333333334,1,1,1,18986,23733,4747,35,45,9,inferred_uniform_text_timing,ffmpeg_audio_sample_rate,video_frame_index_and_fps
'-THoVjtIkeU_12,'-THoVjtIkeU,12,5,1.4833333333333334,1.78,1,1,1,23733,28480,4747,44,54,9,inferred_uniform_text_timing,ffmpeg_audio_sample_rate,video_frame_index_and_fps
'-THoVjtIkeU_12,'-THoVjtIkeU,12,6,1.78,2.0766666666666667,1,1,1,28480,33226,4746,53,63,9,inferred_uniform_text_timing,ffmpeg_audio_sample_rate,video_frame_index_and_fps
'-THoVjtIkeU_12,'-THoVjtIkeU,12,7,2.0766666666666667,2.3733333333333335,1,1,1,33226,37973,4747,62,72,9,inferred_uniform_text_timing,ffmpeg_audio_sample_rate,video_frame_index_and_fps
'-THoVjtIkeU_12,'-THoVjtIkeU,12,8,2.3733333333333335,2.67,1,1,1,37973,42720,4747,71,81,9,inferred_uniform_text_timing,ffmpeg_audio_sample_rate,video_frame_index_and_fps
'-THoVjtIkeU_12,'-THoVjtIkeU,12,9,2.67,2.966666666666667,0,1,1,42720,47466,4746,80,89,8,inferred_uniform_text_timing,ffmpeg_audio_sample_rate,video_frame_index_and_fps
'-THoVjtIkeU_12,'-THoVjtIkeU,12,10,2.966666666666667,3.2633333333333336,1,1,1,47466,52213,4747,89,98,9,inferred_uniform_text_timing,ffmpeg_audio_sample_rate,video_frame_index_and_fps
'-THoVjtIkeU_12,'-THoVjtIkeU,12,11,3.2633333333333336,3.56,1,1,1,52213,56960,4747,97,107,9,inferred_uniform_text_timing,ffmpeg_audio_sample_rate,video_frame_index_and_fps
'-THoVjtIkeU_12,'-THoVjtIkeU,12,12,3.56,3.856666666666667,1,1,1,56960,61706,4746,106,116,9,inferred_uniform_text_timing,ffmpeg_audio_sample_rate,video_frame_index_and_fps
'-THoVjtIkeU_12,'-THoVjtIkeU,12,13,3.856666666666667,4.153333333333333,1,1,1,61706,66453,4747,115,125,9,inferred_uniform_text_timing,ffmpeg_audio_sample_rate,video_frame_index_and_fps
'-THoVjtIkeU_12,'-THoVjtIkeU,12,14,4.153333333333333,4.45,1,1,1,66453,71200,4747,124,134,9,inferred_uniform_text_timing,ffmpeg_audio_sample_rate,video_frame_index_and_fps
'-THoVjtIkeU_12,'-THoVjtIkeU,12,15,4.45,4.746666666666667,0,1,1,71200,75946,4746,133,143,9,inferred_uniform_text_timing,ffmpeg_audio_sample_rate,video_frame_index_and_fps
'-THoVjtIkeU_12,'-THoVjtIkeU,12,16,4.746666666666667,5.043333333333334,1,1,1,75946,80693,4747,142,152,9,inferred_uniform_text_timing,ffmpeg_audio_sample_rate,video_frame_index_and_fps
'-THoVjtIkeU_12,'-THoVjtIkeU,12,17,5.043333333333334,5.34,1,1,1,80693,85440,4747,151,161,9,inferred_uniform_text_timing,ffmpeg_audio_sample_rate,video_frame_index_and_fps
'-THoVjtIkeU_12,'-THoVjtIkeU,12,18,5.34,5.636666666666668,1,1,1,85440,90186,4746,160,170,9,inferred_uniform_text_timing,ffmpeg_audio_sample_rate,video_frame_index_and_fps
'-THoVjtIkeU_12,'-THoVjtIkeU,12,19,5.636666666666668,5.933333333333334,1,1,1,90186,94933,4747,169,178,8,inferred_uniform_text_timing,ffmpeg_audio_sample_rate,video_frame_index_and_fps
'-THoVjtIkeU_12,'-THoVjtIkeU,12,20,5.933333333333334,6.23,1,1,1,94933,99680,4747,178,187,9,inferred_uniform_text_timing,ffmpeg_audio_sample_rate,video_frame_index_and_fps
'-THoVjtIkeU_12,'-THoVjtIkeU,12,21,6.23,6.526666666666667,0,1,1,99680,104426,4746,186,196,9,inferred_uniform_text_timing,ffmpeg_audio_sample_rate,video_frame_index_and_fps
'-THoVjtIkeU_12,'-THoVjtIkeU,12,22,6.526666666666667,6.823333333333334,1,1,1,104426,109173,4747,195,205,9,inferred_uniform_text_timing,ffmpeg_audio_sample_rate,video_frame_index_and_fps
'-THoVjtIkeU_12,'-THoVjtIkeU,12,23,6.823333333333334,7.12,1,1,1,109173,113920,4747,204,214,9,inferred_uniform_text_timing,ffmpeg_audio_sample_rate,video_frame_index_and_fps
'-THoVjtIkeU_12,'-THoVjtIkeU,12,24,7.12,7.416666666666668,1,1,1,113920,118666,4746,213,223,9,inferred_uniform_text_timing,ffmpeg_audio_sample_rate,video_frame_index_and_fps
'-THoVjtIkeU_12,'-THoVjtIkeU,12,25,7.416666666666668,7.713333333333334,1,1,1,118666,123413,4747,222,232,9,inferred_uniform_text_timing,ffmpeg_audio_sample_rate,video_frame_index_and_fps
'-THoVjtIkeU_12,'-THoVjtIkeU,12,26,7.713333333333334,8.01,1,1,1,123413,128160,4747,231,241,9,inferred_uniform_text_timing,ffmpeg_audio_sample_rate,video_frame_index_and_fps
'-THoVjtIkeU_12,'-THoVjtIkeU,12,27,8.01,8.306666666666667,1,1,1,128160,132906,4746,240,250,9,inferred_uniform_text_timing,ffmpeg_audio_sample_rate,video_frame_index_and_fps
'-THoVjtIkeU_12,'-THoVjtIkeU,12,28,8.306666666666667,8.603333333333333,0,1,1,132906,137653,4747,249,259,9,inferred_uniform_text_timing,ffmpeg_audio_sample_rate,video_frame_index_and_fps
'-THoVjtIkeU_12,'-THoVjtIkeU,12,29,8.603333333333333,8.9,1,1,1,137653,142400,4747,258,267,8,inferred_uniform_text_timing,ffmpeg_audio_sample_rate,video_frame_index_and_fps
'-THoVjtIkeU_12,'-THoVjtIkeU,12,30,8.9,9.196666666666667,1,1,1,142400,147146,4746,267,276,9,inferred_uniform_text_timing,ffmpeg_audio_sample_rate,video_frame_index_and_fps
'-THoVjtIkeU_12,'-THoVjtIkeU,12,31,9.196666666666667,9.493333333333334,1,1,1,147146,151893,4747,275,285,9,inferred_uniform_text_timing,ffmpeg_audio_sample_rate,video_frame_index_and_fps
'-THoVjtIkeU_12,'-THoVjtIkeU,12,32,9.493333333333334,9.79,1,1,1,151893,156640,4747,284,294,9,inferred_uniform_text_timing,ffmpeg_audio_sample_rate,video_frame_index_and_fps
'-THoVjtIkeU_12,'-THoVjtIkeU,12,33,9.79,10.086666666666668,1,1,1,156640,161386,4746,293,303,9,inferred_uniform_text_timing,ffmpeg_audio_sample_rate,video_frame_index_and_fps
'-THoVjtIkeU_12,'-THoVjtIkeU,12,34,10.086666666666668,10.383333333333335,0,1,1,161386,166133,4747,302,312,9,inferred_uniform_text_timing,ffmpeg_audio_sample_rate,video_frame_index_and_fps
'-THoVjtIkeU_12,'-THoVjtIkeU,12,35,10.383333333333335,10.68,1,1,1,166133,170880,4747,311,321,9,inferred_uniform_text_timing,ffmpeg_audio_sample_rate,video_frame_index_and_fps
'-THoVjtIkeU_12,'-THoVjtIkeU,12,36,10.68,10.976666666666667,1,1,1,170880,175626,4746,320,330,9,inferred_uniform_text_timing,ffmpeg_audio_sample_rate,video_frame_index_and_fps
'-THoVjtIkeU_12,'-THoVjtIkeU,12,37,10.976666666666667,11.273333333333335,1,1,1,175626,180373,4747,329,339,9,inferred_uniform_text_timing,ffmpeg_audio_sample_rate,video_frame_index_and_fps
'-THoVjtIkeU_12,'-THoVjtIkeU,12,38,11.273333333333335,11.57,1,1,1,180373,185120,4747,338,348,9,inferred_uniform_text_timing,ffmpeg_audio_sample_rate,video_frame_index_and_fps
'-THoVjtIkeU_12,'-THoVjtIkeU,12,39,11.57,11.866666666666667,1,1,1,185120,189866,4746,347,356,8,inferred_uniform_text_timing,ffmpeg_audio_sample_rate,video_frame_index_and_fps
'-THoVjtIkeU_12,'-THoVjtIkeU,12,40,11.866666666666667,12.163333333333334,0,1,1,189866,194613,4747,356,365,9,inferred_uniform_text_timing,ffmpeg_audio_sample_rate,video_frame_index_and_fps
'-THoVjtIkeU_12,'-THoVjtIkeU,12,41,12.163333333333334,12.46,1,1,1,194613,199360,4747,364,374,9,inferred_uniform_text_timing,ffmpeg_audio_sample_rate,video_frame_index_and_fps
'-THoVjtIkeU_12,'-THoVjtIkeU,12,42,12.46,12.756666666666668,1,1,1,199360,204106,4746,373,383,9,inferred_uniform_text_timing,ffmpeg_audio_sample_rate,video_frame_index_and_fps
'-THoVjtIkeU_12,'-THoVjtIkeU,12,43,12.756666666666668,13.053333333333335,1,1,1,204106,208853,4747,382,392,9,inferred_uniform_text_timing,ffmpeg_audio_sample_rate,video_frame_index_and_fps
'-THoVjtIkeU_12,'-THoVjtIkeU,12,44,13.053333333333335,13.35,1,1,1,208853,213600,4747,391,401,9,inferred_uniform_text_timing,ffmpeg_audio_sample_rate,video_frame_index_and_fps
'-THoVjtIkeU_12,'-THoVjtIkeU,12,45,13.35,13.646666666666668,1,1,1,213600,218346,4746,400,410,9,inferred_uniform_text_timing,ffmpeg_audio_sample_rate,video_frame_index_and_fps
'-THoVjtIkeU_12,'-THoVjtIkeU,12,46,13.646666666666668,13.943333333333335,0,1,1,218346,223093,4747,409,419,9,inferred_uniform_text_timing,ffmpeg_audio_sample_rate,video_frame_index_and_fps
'-THoVjtIkeU_12,'-THoVjtIkeU,12,47,13.943333333333335,14.24,1,1,1,223093,227840,4747,418,428,9,inferred_uniform_text_timing,ffmpeg_audio_sample_rate,video_frame_index_and_fps
'-THoVjtIkeU_12,'-THoVjtIkeU,12,48,14.24,14.536666666666667,1,1,1,227840,232586,4746,427,437,9,inferred_uniform_text_timing,ffmpeg_audio_sample_rate,video_frame_index_and_fps
'-THoVjtIkeU_12,'-THoVjtIkeU,12,49,14.536666666666667,14.833333333333336,1,1,1,232586,237333,4303,436,446,8,inferred_uniform_text_timing,ffmpeg_audio_sample_rate,video_frame_index_and_fps
'-THoVjtIkeU_2,'-THoVjtIkeU,2,0,0.0,0.08533333333333333,0,1,1,0,1365,1365,0,3,3,inferred_uniform_text_timing,ffmpeg_audio_sample_rate,video_frame_index_and_fps
'-THoVjtIkeU_2,'-THoVjtIkeU,2,1,0.08533333333333333,0.17066666666666666,0,1,1,1365,2730,1365,2,6,3,inferred_uniform_text_timing,ffmpeg_audio_sample_rate,video_frame_index_and_fps
'-THoVjtIkeU_2,'-THoVjtIkeU,2,2,0.17066666666666666,0.256,1,1,1,2730,4096,1366,5,8,2,inferred_uniform_text_timing,ffmpeg_audio_sample_rate,video_frame_index_and_fps
'-THoVjtIkeU_2,'-THoVjtIkeU,2,3,0.256,0.3413333333333333,0,1,1,4096,5461,1365,7,11,3,inferred_uniform_text_timing,ffmpeg_audio_sample_rate,video_frame_index_and_fps
'-THoVjtIkeU_2,'-THoVjtIkeU,2,4,0.3413333333333333,0.42666666666666664,0,1,1,5461,6826,1365,10,13,2,inferred_uniform_text_timing,ffmpeg_audio_sample_rate,video_frame_index_and_fps
'-THoVjtIkeU_2,'-THoVjtIkeU,2,5,0.42666666666666664,0.512,0,1,1,6826,8192,1366,12,16,3,inferred_uniform_text_timing,ffmpeg_audio_sample_rate,video_frame_index_and_fps
'-THoVjtIkeU_2,'-THoVjtIkeU,2,6,0.512,0.5973333333333334,1,1,1,8192,9557,1365,15,18,2,inferred_uniform_text_timing,ffmpeg_audio_sample_rate,video_frame_index_and_fps
'-THoVjtIkeU_2,'-THoVjtIkeU,2,7,0.5973333333333334,0.6826666666666666,0,1,1,9557,10922,1365,17,21,3,inferred_uniform_text_timing,ffmpeg_audio_sample_rate,video_frame_index_and_fps
'-THoVjtIkeU_2,'-THoVjtIkeU,2,8,0.6826666666666666,0.768,0,1,1,10922,12288,1366,20,24,3,inferred_uniform_text_timing,ffmpeg_audio_sample_rate,video_frame_index_and_fps
'-THoVjtIkeU_2,'-THoVjtIkeU,2,9,0.768,0.8533333333333333,0,1,1,12288,13653,1365,23,26,2,inferred_uniform_text_timing,ffmpeg_audio_sample_rate,video_frame_index_and_fps
'-THoVjtIkeU_2,'-THoVjtIkeU,2,10,0.8533333333333333,0.9386666666666666,0,1,1,13653,15018,1365,25,29,3,inferred_uniform_text_timing,ffmpeg_audio_sample_rate,video_frame_index_and_fps
'-THoVjtIkeU_2,'-THoVjtIkeU,2,11,0.9386666666666666,1.024,1,1,1,15018,16384,1366,28,31,2,inferred_uniform_text_timing,ffmpeg_audio_sample_rate,video_frame_index_and_fps
'-THoVjtIkeU_2,'-THoVjtIkeU,2,12,1.024,1.1093333333333333,0,1,1,16384,17749,1365,30,34,3,inferred_uniform_text_timing,ffmpeg_audio_sample_rate,video_frame_index_and_fps
'-THoVjtIkeU_2,'-THoVjtIkeU,2,13,1.1093333333333333,1.1946666666666668,0,1,1,17749,19114,1365,33,36,2,inferred_uniform_text_timing,ffmpeg_audio_sample_rate,video_frame_index_and_fps
'-THoVjtIkeU_2,'-THoVjtIkeU,2,14,1.1946666666666668,1.28,0,1,1,19114,20480,1366,35,39,3,inferred_uniform_text_timing,ffmpeg_audio_sample_rate,video_frame_index_and_fps
'-THoVjtIkeU_2,'-THoVjtIkeU,2,15,1.28,1.3653333333333333,1,1,1,20480,21845,1365,38,41,2,inferred_uniform_text_timing,ffmpeg_audio_sample_rate,video_frame_index_and_fps
'-THoVjtIkeU_2,'-THoVjtIkeU,2,16,1.3653333333333333,1.4506666666666665,0,1,1,21845,23210,1365,40,44,3,inferred_uniform_text_timing,ffmpeg_audio_sample_rate,video_frame_index_and_fps
'-THoVjtIkeU_2,'-THoVjtIkeU,2,17,1.4506666666666665,1.536,0,1,1,23210,24576,1366,43,47,3,inferred_uniform_text_timing,ffmpeg_audio_sample_rate,video_frame_index_and_fps
'-THoVjtIkeU_2,'-THoVjtIkeU,2,18,1.536,1.6213333333333333,0,1,1,24576,25941,1365,46,49,2,inferred_uniform_text_timing,ffmpeg_audio_sample_rate,video_frame_index_and_fps
'-THoVjtIkeU_2,'-THoVjtIkeU,2,19,1.6213333333333333,1.7066666666666666,0,1,1,25941,27306,1365,48,52,3,inferred_uniform_text_timing,ffmpeg_audio_sample_rate,video_frame_index_and_fps
'-THoVjtIkeU_2,'-THoVjtIkeU,2,20,1.7066666666666666,1.7919999999999998,1,1,1,27306,28671,1365,51,54,2,inferred_uniform_text_timing,ffmpeg_audio_sample_rate,video_frame_index_and_fps
'-THoVjtIkeU_2,'-THoVjtIkeU,2,21,1.7919999999999998,1.8773333333333333,0,1,1,28671,30037,1366,53,57,3,inferred_uniform_text_timing,ffmpeg_audio_sample_rate,video_frame_index_and_fps
'-THoVjtIkeU_2,'-THoVjtIkeU,2,22,1.8773333333333333,1.9626666666666666,0,1,1,30037,31402,1365,56,59,2,inferred_uniform_text_timing,ffmpeg_audio_sample_rate,video_frame_index_and_fps
'-THoVjtIkeU_2,'-THoVjtIkeU,2,23,1.9626666666666666,2.048,0,1,1,31402,32768,1366,58,62,3,inferred_uniform_text_timing,ffmpeg_audio_sample_rate,video_frame_index_and_fps
'-THoVjtIkeU_2,'-THoVjtIkeU,2,24,2.048,2.1333333333333333,0,1,1,32768,34133,1365,61,64,2,inferred_uniform_text_timing,ffmpeg_audio_sample_rate,video_frame_index_and_fps
'-THoVjtIkeU_2,'-THoVjtIkeU,2,25,2.1333333333333333,2.2186666666666666,1,1,1,34133,35498,1365,64,67,3,inferred_uniform_text_timing,ffmpeg_audio_sample_rate,video_frame_index_and_fps
'-THoVjtIkeU_2,'-THoVjtIkeU,2,26,2.2186666666666666,2.3040000000000003,0,1,1,35498,36864,1366,66,70,3,inferred_uniform_text_timing,ffmpeg_audio_sample_rate,video_frame_index_and_fps
'-THoVjtIkeU_2,'-THoVjtIkeU,2,27,2.3040000000000003,2.3893333333333335,0,1,1,36864,38229,1365,69,72,2,inferred_uniform_text_timing,ffmpeg_audio_sample_rate,video_frame_index_and_fps
'-THoVjtIkeU_2,'-THoVjtIkeU,2,28,2.3893333333333335,2.474666666666667,0,1,1,38229,39594,1365,71,75,3,inferred_uniform_text_timing,ffmpeg_audio_sample_rate,video_frame_index_and_fps
'-THoVjtIkeU_2,'-THoVjtIkeU,2,29,2.474666666666667,2.56,1,1,1,39594,40960,1366,74,77,2,inferred_uniform_text_timing,ffmpeg_audio_sample_rate,video_frame_index_and_fps
'-THoVjtIkeU_2,'-THoVjtIkeU,2,30,2.56,2.645333333333333,0,1,1,40960,42325,1365,76,80,3,inferred_uniform_text_timing,ffmpeg_audio_sample_rate,video_frame_index_and_fps
'-THoVjtIkeU_2,'-THoVjtIkeU,2,31,2.645333333333333,2.7306666666666666,0,1,1,42325,43690,1365,79,82,2,inferred_uniform_text_timing,ffmpeg_audio_sample_rate,video_frame_index_and_fps
'-THoVjtIkeU_2,'-THoVjtIkeU,2,32,2.7306666666666666,2.8160000000000003,0,1,1,43690,45056,1366,81,85,3,inferred_uniform_text_timing,ffmpeg_audio_sample_rate,video_frame_index_and_fps
'-THoVjtIkeU_2,'-THoVjtIkeU,2,33,2.8160000000000003,2.901333333333333,0,1,1,45056,46421,1365,84,88,3,inferred_uniform_text_timing,ffmpeg_audio_sample_rate,video_frame_index_and_fps
'-THoVjtIkeU_2,'-THoVjtIkeU,2,34,2.901333333333333,2.986666666666667,1,1,1,46421,47786,1365,87,90,2,inferred_uniform_text_timing,ffmpeg_audio_sample_rate,video_frame_index_and_fps
'-THoVjtIkeU_2,'-THoVjtIkeU,2,35,2.986666666666667,3.072,0,1,1,47786,49152,1366,89,93,3,inferred_uniform_text_timing,ffmpeg_audio_sample_rate,video_frame_index_and_fps
'-THoVjtIkeU_2,'-THoVjtIkeU,2,36,3.072,3.1573333333333333,0,1,1,49152,50517,1365,92,95,2,inferred_uniform_text_timing,ffmpeg_audio_sample_rate,video_frame_index_and_fps
'-THoVjtIkeU_2,'-THoVjtIkeU,2,37,3.1573333333333333,3.2426666666666666,0,1,1,50517,51882,1365,94,98,3,inferred_uniform_text_timing,ffmpeg_audio_sample_rate,video_frame_index_and_fps
'-THoVjtIkeU_2,'-THoVjtIkeU,2,38,3.2426666666666666,3.3280000000000003,1,1,1,51882,53248,1366,97,100,2,inferred_uniform_text_timing,ffmpeg_audio_sample_rate,video_frame_index_and_fps
'-THoVjtIkeU_2,'-THoVjtIkeU,2,39,3.3280000000000003,3.413333333333333,0,1,1,53248,54613,1365,99,103,3,inferred_uniform_text_timing,ffmpeg_audio_sample_rate,video_frame_index_and_fps
'-THoVjtIkeU_2,'-THoVjtIkeU,2,40,3.413333333333333,3.498666666666667,0,1,1,54613,55978,1365,102,105,2,inferred_uniform_text_timing,ffmpeg_audio_sample_rate,video_frame_index_and_fps
'-THoVjtIkeU_2,'-THoVjtIkeU,2,41,3.498666666666667,3.5839999999999996,0,1,1,55978,57343,1365,104,108,3,inferred_uniform_text_timing,ffmpeg_audio_sample_rate,video_frame_index_and_fps
'-THoVjtIkeU_2,'-THoVjtIkeU,2,42,3.5839999999999996,3.6693333333333333,0,1,1,57343,58709,1366,107,111,3,inferred_uniform_text_timing,ffmpeg_audio_sample_rate,video_frame_index_and_fps
'-THoVjtIkeU_2,'-THoVjtIkeU,2,43,3.6693333333333333,3.7546666666666666,1,1,1,58709,60074,1365,110,113,2,inferred_uniform_text_timing,ffmpeg_audio_sample_rate,video_frame_index_and_fps
'-THoVjtIkeU_2,'-THoVjtIkeU,2,44,3.7546666666666666,3.84,0,1,1,60074,61440,1366,112,116,3,inferred_uniform_text_timing,ffmpeg_audio_sample_rate,video_frame_index_and_fps
'-THoVjtIkeU_2,'-THoVjtIkeU,2,45,3.84,3.925333333333333,0,1,1,61440,62805,1365,115,118,2,inferred_uniform_text_timing,ffmpeg_audio_sample_rate,video_frame_index_and_fps
'-THoVjtIkeU_2,'-THoVjtIkeU,2,46,3.925333333333333,4.010666666666666,0,1,1,62805,64170,1365,117,121,3,inferred_uniform_text_timing,ffmpeg_audio_sample_rate,video_frame_index_and_fps
'-THoVjtIkeU_2,'-THoVjtIkeU,2,47,4.010666666666666,4.096,1,1,1,64170,65536,1366,120,123,2,inferred_uniform_text_timing,ffmpeg_audio_sample_rate,video_frame_index_and_fps
'-THoVjtIkeU_2,'-THoVjtIkeU,2,48,4.096,4.181333333333333,0,1,1,65536,66901,1365,122,126,3,inferred_uniform_text_timing,ffmpeg_audio_sample_rate,video_frame_index_and_fps
'-THoVjtIkeU_2,'-THoVjtIkeU,2,49,4.181333333333333,4.266666666666667,0,1,1,66901,68266,793,125,128,2,inferred_uniform_text_timing,ffmpeg_audio_sample_rate,video_frame_index_and_fps
'-THoVjtIkeU_6,'-THoVjtIkeU,6,0,0.0,0.16066666666666665,1,1,1,0,2570,2570,0,5,5,inferred_uniform_text_timing,ffmpeg_audio_sample_rate,video_frame_index_and_fps
'-THoVjtIkeU_6,'-THoVjtIkeU,6,1,0.16066666666666665,0.3213333333333333,0,1,1,2570,5141,2571,4,10,5,inferred_uniform_text_timing,ffmpeg_audio_sample_rate,video_frame_index_and_fps
'-THoVjtIkeU_6,'-THoVjtIkeU,6,2,0.3213333333333333,0.48200000000000004,1,1,1,5141,7712,2571,9,15,5,inferred_uniform_text_timing,ffmpeg_audio_sample_rate,video_frame_index_and_fps
'-THoVjtIkeU_6,'-THoVjtIkeU,6,3,0.48200000000000004,0.6426666666666666,1,1,1,7712,10282,2570,14,20,5,inferred_uniform_text_timing,ffmpeg_audio_sample_rate,video_frame_index_and_fps
'-THoVjtIkeU_6,'-THoVjtIkeU,6,4,0.6426666666666666,0.8033333333333332,0,1,1,10282,12853,2571,19,25,5,inferred_uniform_text_timing,ffmpeg_audio_sample_rate,video_frame_index_and_fps
'-THoVjtIkeU_6,'-THoVjtIkeU,6,5,0.8033333333333332,0.9640000000000001,1,1,1,12853,15424,2571,24,29,4,inferred_uniform_text_timing,ffmpeg_audio_sample_rate,video_frame_index_and_fps
'-THoVjtIkeU_6,'-THoVjtIkeU,6,6,0.9640000000000001,1.1246666666666667,0,1,1,15424,17994,2570,28,34,5,inferred_uniform_text_timing,ffmpeg_audio_sample_rate,video_frame_index_and_fps
'-THoVjtIkeU_6,'-THoVjtIkeU,6,7,1.1246666666666667,1.2853333333333332,1,1,1,17994,20565,2571,33,39,5,inferred_uniform_text_timing,ffmpeg_audio_sample_rate,video_frame_index_and_fps
'-THoVjtIkeU_6,'-THoVjtIkeU,6,8,1.2853333333333332,1.446,1,1,1,20565,23136,2571,38,44,5,inferred_uniform_text_timing,ffmpeg_audio_sample_rate,video_frame_index_and_fps
'-THoVjtIkeU_6,'-THoVjtIkeU,6,9,1.446,1.6066666666666665,0,1,1,23136,25706,2570,43,49,5,inferred_uniform_text_timing,ffmpeg_audio_sample_rate,video_frame_index_and_fps
'-THoVjtIkeU_6,'-THoVjtIkeU,6,10,1.6066666666666665,1.7673333333333332,1,1,1,25706,28277,2571,48,54,5,inferred_uniform_text_timing,ffmpeg_audio_sample_rate,video_frame_index_and_fps
'-THoVjtIkeU_6,'-THoVjtIkeU,6,11,1.7673333333333332,1.9280000000000002,1,1,1,28277,30848,2571,53,58,4,inferred_uniform_text_timing,ffmpeg_audio_sample_rate,video_frame_index_and_fps
'-THoVjtIkeU_6,'-THoVjtIkeU,6,12,1.9280000000000002,2.0886666666666667,0,1,1,30848,33418,2570,57,63,5,inferred_uniform_text_timing,ffmpeg_audio_sample_rate,video_frame_index_and_fps
'-THoVjtIkeU_6,'-THoVjtIkeU,6,13,2.0886666666666667,2.2493333333333334,1,1,1,33418,35989,2571,62,68,5,inferred_uniform_text_timing,ffmpeg_audio_sample_rate,video_frame_index_and_fps
'-THoVjtIkeU_6,'-THoVjtIkeU,6,14,2.2493333333333334,2.41,1,1,1,35989,38560,2571,67,73,5,inferred_uniform_text_timing,ffmpeg_audio_sample_rate,video_frame_index_and_fps
'-THoVjtIkeU_6,'-THoVjtIkeU,6,15,2.41,2.5706666666666664,0,1,1,38560,41130,2570,72,78,5,inferred_uniform_text_timing,ffmpeg_audio_sample_rate,video_frame_index_and_fps
'-THoVjtIkeU_6,'-THoVjtIkeU,6,16,2.5706666666666664,2.731333333333333,1,1,1,41130,43701,2571,77,82,4,inferred_uniform_text_timing,ffmpeg_audio_sample_rate,video_frame_index_and_fps
'-THoVjtIkeU_6,'-THoVjtIkeU,6,17,2.731333333333333,2.892,1,1,1,43701,46272,2571,81,87,5,inferred_uniform_text_timing,ffmpeg_audio_sample_rate,video_frame_index_and_fps
'-THoVjtIkeU_6,'-THoVjtIkeU,6,18,2.892,3.0526666666666666,0,1,1,46272,48842,2570,86,92,5,inferred_uniform_text_timing,ffmpeg_audio_sample_rate,video_frame_index_and_fps
'-THoVjtIkeU_6,'-THoVjtIkeU,6,19,3.0526666666666666,3.213333333333333,1,1,1,48842,51413,2571,91,97,5,inferred_uniform_text_timing,ffmpeg_audio_sample_rate,video_frame_index_and_fps
'-THoVjtIkeU_6,'-THoVjtIkeU,6,20,3.213333333333333,3.3739999999999997,0,1,1,51413,53983,2570,96,102,5,inferred_uniform_text_timing,ffmpeg_audio_sample_rate,video_frame_index_and_fps
'-THoVjtIkeU_6,'-THoVjtIkeU,6,21,3.3739999999999997,3.5346666666666664,1,1,1,53983,56554,2571,101,107,5,inferred_uniform_text_timing,ffmpeg_audio_sample_rate,video_frame_index_and_fps
'-THoVjtIkeU_6,'-THoVjtIkeU,6,22,3.5346666666666664,3.695333333333333,1,1,1,56554,59125,2571,106,111,4,inferred_uniform_text_timing,ffmpeg_audio_sample_rate,video_frame_index_and_fps
'-THoVjtIkeU_6,'-THoVjtIkeU,6,23,3.695333333333333,3.8560000000000003,0,1,1,59125,61696,2571,110,116,5,inferred_uniform_text_timing,ffmpeg_audio_sample_rate,video_frame_index_and_fps
'-THoVjtIkeU_6,'-THoVjtIkeU,6,24,3.8560000000000003,4.016666666666667,1,1,1,61696,64266,2570,115,121,5,inferred_uniform_text_timing,ffmpeg_audio_sample_rate,video_frame_index_and_fps
'-THoVjtIkeU_6,'-THoVjtIkeU,6,25,4.016666666666667,4.177333333333333,1,1,1,64266,66837,2571,120,126,5,inferred_uniform_text_timing,ffmpeg_audio_sample_rate,video_frame_index_and_fps
'-THoVjtIkeU_6,'-THoVjtIkeU,6,26,4.177333333333333,4.338,0,1,1,66837,69408,2571,125,131,5,inferred_uniform_text_timing,ffmpeg_audio_sample_rate,video_frame_index_and_fps
'-THoVjtIkeU_6,'-THoVjtIkeU,6,27,4.338,4.498666666666667,1,1,1,69408,71978,2570,130,135,4,inferred_uniform_text_timing,ffmpeg_audio_sample_rate,video_frame_index_and_fps
'-THoVjtIkeU_6,'-THoVjtIkeU,6,28,4.498666666666667,4.6593333333333335,1,1,1,71978,74549,2571,134,140,5,inferred_uniform_text_timing,ffmpeg_audio_sample_rate,video_frame_index_and_fps
'-THoVjtIkeU_6,'-THoVjtIkeU,6,29,4.6593333333333335,4.82,0,1,1,74549,77120,2571,139,145,5,inferred_uniform_text_timing,ffmpeg_audio_sample_rate,video_frame_index_and_fps
'-THoVjtIkeU_6,'-THoVjtIkeU,6,30,4.82,4.980666666666667,1,1,1,77120,79690,2570,144,150,5,inferred_uniform_text_timing,ffmpeg_audio_sample_rate,video_frame_index_and_fps
'-THoVjtIkeU_6,'-THoVjtIkeU,6,31,4.980666666666667,5.141333333333333,0,1,1,79690,82261,2571,149,155,5,inferred_uniform_text_timing,ffmpeg_audio_sample_rate,video_frame_index_and_fps
'-THoVjtIkeU_6,'-THoVjtIkeU,6,32,5.141333333333333,5.3020000000000005,1,1,1,82261,84832,2571,154,160,5,inferred_uniform_text_timing,ffmpeg_audio_sample_rate,video_frame_index_and_fps
'-THoVjtIkeU_6,'-THoVjtIkeU,6,33,5.3020000000000005,5.462666666666666,1,1,1,84832,87402,2570,159,164,4,inferred_uniform_text_timing,ffmpeg_audio_sample_rate,video_frame_index_and_fps
'-THoVjtIkeU_6,'-THoVjtIkeU,6,34,5.462666666666666,5.623333333333334,0,1,1,87402,89973,2571,163,169,5,inferred_uniform_text_timing,ffmpeg_audio_sample_rate,video_frame_index_and_fps
'-THoVjtIkeU_6,'-THoVjtIkeU,6,35,5.623333333333334,5.784,1,1,1,89973,92544,2571,168,174,5,inferred_uniform_text_timing,ffmpeg_audio_sample_rate,video_frame_index_and_fps
'-THoVjtIkeU_6,'-THoVjtIkeU,6,36,5.784,5.9446666666666665,1,1,1,92544,95114,2570,173,179,5,inferred_uniform_text_timing,ffmpeg_audio_sample_rate,video_frame_index_and_fps
'-THoVjtIkeU_6,'-THoVjtIkeU,6,37,5.9446666666666665,6.105333333333333,0,1,1,95114,97685,2571,178,184,5,inferred_uniform_text_timing,ffmpeg_audio_sample_rate,video_frame_index_and_fps
'-THoVjtIkeU_6,'-THoVjtIkeU,6,38,6.105333333333333,6.266,1,1,1,97685,100256,2571,183,188,4,inferred_uniform_text_timing,ffmpeg_audio_sample_rate,video_frame_index_and_fps
'-THoVjtIkeU_6,'-THoVjtIkeU,6,39,6.266,6.426666666666666,1,1,1,100256,102826,2570,187,193,5,inferred_uniform_text_timing,ffmpeg_audio_sample_rate,video_frame_index_and_fps
'-THoVjtIkeU_6,'-THoVjtIkeU,6,40,6.426666666666666,6.5873333333333335,0,1,1,102826,105397,2571,192,198,5,inferred_uniform_text_timing,ffmpeg_audio_sample_rate,video_frame_index_and_fps
'-THoVjtIkeU_6,'-THoVjtIkeU,6,41,6.5873333333333335,6.747999999999999,1,1,1,105397,107967,2570,197,203,5,inferred_uniform_text_timing,ffmpeg_audio_sample_rate,video_frame_index_and_fps
'-THoVjtIkeU_6,'-THoVjtIkeU,6,42,6.747999999999999,6.908666666666667,1,1,1,107967,110538,2571,202,208,5,inferred_uniform_text_timing,ffmpeg_audio_sample_rate,video_frame_index_and_fps
'-THoVjtIkeU_6,'-THoVjtIkeU,6,43,6.908666666666667,7.069333333333333,0,1,1,110538,113109,2571,207,213,5,inferred_uniform_text_timing,ffmpeg_audio_sample_rate,video_frame_index_and_fps
'-THoVjtIkeU_6,'-THoVjtIkeU,6,44,7.069333333333333,7.23,1,1,1,113109,115680,2571,212,217,4,inferred_uniform_text_timing,ffmpeg_audio_sample_rate,video_frame_index_and_fps
'-THoVjtIkeU_6,'-THoVjtIkeU,6,45,7.23,7.390666666666666,0,1,1,115680,118250,2570,216,222,5,inferred_uniform_text_timing,ffmpeg_audio_sample_rate,video_frame_index_and_fps
'-THoVjtIkeU_6,'-THoVjtIkeU,6,46,7.390666666666666,7.551333333333333,1,1,1,118250,120821,2571,221,227,5,inferred_uniform_text_timing,ffmpeg_audio_sample_rate,video_frame_index_and_fps
'-THoVjtIkeU_6,'-THoVjtIkeU,6,47,7.551333333333333,7.712000000000001,1,1,1,120821,123392,2571,226,232,5,inferred_uniform_text_timing,ffmpeg_audio_sample_rate,video_frame_index_and_fps
'-THoVjtIkeU_6,'-THoVjtIkeU,6,48,7.712000000000001,7.8726666666666665,0,1,1,123392,125962,2570,231,237,5,inferred_uniform_text_timing,ffmpeg_audio_sample_rate,video_frame_index_and_fps
'-THoVjtIkeU_6,'-THoVjtIkeU,6,49,7.8726666666666665,8.033333333333333,1,1,1,125962,128533,1764,236,241,4,inferred_uniform_text_timing,ffmpeg_audio_sample_rate,video_frame_index_and_fps
'-UuX1xuaiiE_1,'-UuX1xuaiiE,1,0,0.0,0.20600000000000002,1,1,1,0,3296,3296,0,7,7,inferred_uniform_text_timing,ffmpeg_audio_sample_rate,video_frame_index_and_fps
'-UuX1xuaiiE_1,'-UuX1xuaiiE,1,1,0.20600000000000002,0.41200000000000003,0,1,1,3296,6592,3296,6,13,6,inferred_uniform_text_timing,ffmpeg_audio_sample_rate,video_frame_index_and_fps
'-UuX1xuaiiE_1,'-UuX1xuaiiE,1,2,0.41200000000000003,0.618,1,1,1,6592,9888,3296,12,19,6,inferred_uniform_text_timing,ffmpeg_audio_sample_rate,video_frame_index_and_fps
'-UuX1xuaiiE_1,'-UuX1xuaiiE,1,3,0.618,0.8240000000000001,0,1,1,9888,13184,3296,18,25,6,inferred_uniform_text_timing,ffmpeg_audio_sample_rate,video_frame_index_and_fps
'-UuX1xuaiiE_1,'-UuX1xuaiiE,1,4,0.8240000000000001,1.03,1,1,1,13184,16480,3296,24,31,6,inferred_uniform_text_timing,ffmpeg_audio_sample_rate,video_frame_index_and_fps
'-UuX1xuaiiE_1,'-UuX1xuaiiE,1,5,1.03,1.236,1,1,1,16480,19776,3296,30,38,7,inferred_uniform_text_timing,ffmpeg_audio_sample_rate,video_frame_index_and_fps
'-UuX1xuaiiE_1,'-UuX1xuaiiE,1,6,1.236,1.4420000000000002,0,1,1,19776,23072,3296,37,44,6,inferred_uniform_text_timing,ffmpeg_audio_sample_rate,video_frame_index_and_fps
'-UuX1xuaiiE_1,'-UuX1xuaiiE,1,7,1.4420000000000002,1.6480000000000001,1,1,1,23072,26368,3296,43,50,6,inferred_uniform_text_timing,ffmpeg_audio_sample_rate,video_frame_index_and_fps
'-UuX1xuaiiE_1,'-UuX1xuaiiE,1,8,1.6480000000000001,1.854,1,1,1,26368,29664,3296,49,56,6,inferred_uniform_text_timing,ffmpeg_audio_sample_rate,video_frame_index_and_fps
'-UuX1xuaiiE_1,'-UuX1xuaiiE,1,9,1.854,2.06,0,1,1,29664,32960,3296,55,62,6,inferred_uniform_text_timing,ffmpeg_audio_sample_rate,video_frame_index_and_fps
'-UuX1xuaiiE_1,'-UuX1xuaiiE,1,10,2.06,2.266,1,1,1,32960,36256,3296,61,68,6,inferred_uniform_text_timing,ffmpeg_audio_sample_rate,video_frame_index_and_fps
'-UuX1xuaiiE_1,'-UuX1xuaiiE,1,11,2.266,2.472,0,1,1,36256,39552,3296,67,75,7,inferred_uniform_text_timing,ffmpeg_audio_sample_rate,video_frame_index_and_fps
'-UuX1xuaiiE_1,'-UuX1xuaiiE,1,12,2.472,2.678,1,1,1,39552,42848,3296,74,81,6,inferred_uniform_text_timing,ffmpeg_audio_sample_rate,video_frame_index_and_fps
'-UuX1xuaiiE_1,'-UuX1xuaiiE,1,13,2.678,2.8840000000000003,1,1,1,42848,46144,3296,80,87,6,inferred_uniform_text_timing,ffmpeg_audio_sample_rate,video_frame_index_and_fps
'-UuX1xuaiiE_1,'-UuX1xuaiiE,1,14,2.8840000000000003,3.09,0,1,1,46144,49440,3296,86,93,6,inferred_uniform_text_timing,ffmpeg_audio_sample_rate,video_frame_index_and_fps
'-UuX1xuaiiE_1,'-UuX1xuaiiE,1,15,3.09,3.2960000000000003,1,1,1,49440,52736,3296,92,99,6,inferred_uniform_text_timing,ffmpeg_audio_sample_rate,video_frame_index_and_fps
'-UuX1xuaiiE_1,'-UuX1xuaiiE,1,16,3.2960000000000003,3.5020000000000007,1,1,1,52736,56032,3296,98,106,7,inferred_uniform_text_timing,ffmpeg_audio_sample_rate,video_frame_index_and_fps
'-UuX1xuaiiE_1,'-UuX1xuaiiE,1,17,3.5020000000000007,3.708,0,1,1,56032,59328,3296,105,112,6,inferred_uniform_text_timing,ffmpeg_audio_sample_rate,video_frame_index_and_fps
'-UuX1xuaiiE_1,'-UuX1xuaiiE,1,18,3.708,3.914,1,1,1,59328,62624,3296,111,118,6,inferred_uniform_text_timing,ffmpeg_audio_sample_rate,video_frame_index_and_fps
'-UuX1xuaiiE_1,'-UuX1xuaiiE,1,19,3.914,4.12,0,1,1,62624,65920,3296,117,124,6,inferred_uniform_text_timing,ffmpeg_audio_sample_rate,video_frame_index_and_fps
'-UuX1xuaiiE_1,'-UuX1xuaiiE,1,20,4.12,4.3260000000000005,1,1,1,65920,69216,3296,123,130,6,inferred_uniform_text_timing,ffmpeg_audio_sample_rate,video_frame_index_and_fps
'-UuX1xuaiiE_1,'-UuX1xuaiiE,1,21,4.3260000000000005,4.532,1,1,1,69216,72512,3296,129,136,6,inferred_uniform_text_timing,ffmpeg_audio_sample_rate,video_frame_index_and_fps
'-UuX1xuaiiE_1,'-UuX1xuaiiE,1,22,4.532,4.738,0,1,1,72512,75808,3296,135,143,7,inferred_uniform_text_timing,ffmpeg_audio_sample_rate,video_frame_index_and_fps
'-UuX1xuaiiE_1,'-UuX1xuaiiE,1,23,4.738,4.944,1,1,1,75808,79104,3296,142,149,6,inferred_uniform_text_timing,ffmpeg_audio_sample_rate,video_frame_index_and_fps
'-UuX1xuaiiE_1,'-UuX1xuaiiE,1,24,4.944,5.15,0,1,1,79104,82400,3296,148,155,6,inferred_uniform_text_timing,ffmpeg_audio_sample_rate,video_frame_index_and_fps
'-UuX1xuaiiE_1,'-UuX1xuaiiE,1,25,5.15,5.356,1,1,1,82400,85696,3296,154,161,6,inferred_uniform_text_timing,ffmpeg_audio_sample_rate,video_frame_index_and_fps
'-UuX1xuaiiE_1,'-UuX1xuaiiE,1,26,5.356,5.562,1,1,1,85696,88992,3296,160,167,6,inferred_uniform_text_timing,ffmpeg_audio_sample_rate,video_frame_index_and_fps
'-UuX1xuaiiE_1,'-UuX1xuaiiE,1,27,5.562,5.768000000000001,0,1,1,88992,92288,3296,166,174,7,inferred_uniform_text_timing,ffmpeg_audio_sample_rate,video_frame_index_and_fps
'-UuX1xuaiiE_1,'-UuX1xuaiiE,1,28,5.768000000000001,5.974000000000001,1,1,1,92288,95584,3296,173,180,6,inferred_uniform_text_timing,ffmpeg_audio_sample_rate,video_frame_index_and_fps
'-UuX1xuaiiE_1,'-UuX1xuaiiE,1,29,5.974000000000001,6.18,1,1,1,95584,98880,3296,179,186,6,inferred_uniform_text_timing,ffmpeg_audio_sample_rate,video_frame_index_and_fps
'-UuX1xuaiiE_1,'-UuX1xuaiiE,1,30,6.18,6.386,0,1,1,98880,102176,3296,185,192,6,inferred_uniform_text_timing,ffmpeg_audio_sample_rate,video_frame_index_and_fps
'-UuX1xuaiiE_1,'-UuX1xuaiiE,1,31,6.386,6.5920000000000005,1,1,1,102176,105472,3296,191,198,6,inferred_uniform_text_timing,ffmpeg_audio_sample_rate,video_frame_index_and_fps
'-UuX1xuaiiE_1,'-UuX1xuaiiE,1,32,6.5920000000000005,6.798000000000001,0,1,1,105472,108768,3296,197,204,6,inferred_uniform_text_timing,ffmpeg_audio_sample_rate,video_frame_index_and_fps
'-UuX1xuaiiE_1,'-UuX1xuaiiE,1,33,6.798000000000001,7.004000000000001,1,1,1,108768,112064,3296,203,211,7,inferred_uniform_text_timing,ffmpeg_audio_sample_rate,video_frame_index_and_fps
'-UuX1xuaiiE_1,'-UuX1xuaiiE,1,34,7.004000000000001,7.21,1,1,1,112064,115360,3296,210,217,6,inferred_uniform_text_timing,ffmpeg_audio_sample_rate,video_frame_index_and_fps
'-UuX1xuaiiE_1,'-UuX1xuaiiE,1,35,7.21,7.416,0,1,1,115360,118656,3296,216,223,6,inferred_uniform_text_timing,ffmpeg_audio_sample_rate,video_frame_index_and_fps
'-UuX1xuaiiE_1,'-UuX1xuaiiE,1,36,7.416,7.622000000000001,1,1,1,118656,121952,3296,222,229,6,inferred_uniform_text_timing,ffmpeg_audio_sample_rate,video_frame_index_and_fps
'-UuX1xuaiiE_1,'-UuX1xuaiiE,1,37,7.622000000000001,7.828,1,1,1,121952,125248,3296,228,235,6,inferred_uniform_text_timing,ffmpeg_audio_sample_rate,video_frame_index_and_fps
'-UuX1xuaiiE_1,'-UuX1xuaiiE,1,38,7.828,8.034,0,1,1,125248,128544,3296,234,242,7,inferred_uniform_text_timing,ffmpeg_audio_sample_rate,video_frame_index_and_fps
'-UuX1xuaiiE_1,'-UuX1xuaiiE,1,39,8.034,8.24,1,1,1,128544,131840,3296,241,248,6,inferred_uniform_text_timing,ffmpeg_audio_sample_rate,video_frame_index_and_fps
'-UuX1xuaiiE_1,'-UuX1xuaiiE,1,40,8.24,8.446,0,1,1,131840,135136,3296,247,254,6,inferred_uniform_text_timing,ffmpeg_audio_sample_rate,video_frame_index_and_fps
'-UuX1xuaiiE_1,'-UuX1xuaiiE,1,41,8.446,8.652000000000001,1,1,1,135136,138432,3296,253,260,6,inferred_uniform_text_timing,ffmpeg_audio_sample_rate,video_frame_index_and_fps
'-UuX1xuaiiE_1,'-UuX1xuaiiE,1,42,8.652000000000001,8.858,1,1,1,138432,141728,3296,259,266,6,inferred_uniform_text_timing,ffmpeg_audio_sample_rate,video_frame_index_and_fps
'-UuX1xuaiiE_1,'-UuX1xuaiiE,1,43,8.858,9.064,0,1,1,141728,145024,3296,265,272,6,inferred_uniform_text_timing,ffmpeg_audio_sample_rate,video_frame_index_and_fps
'-UuX1xuaiiE_1,'-UuX1xuaiiE,1,44,9.064,9.270000000000001,1,1,1,145024,148320,3296,271,279,7,inferred_uniform_text_timing,ffmpeg_audio_sample_rate,video_frame_index_and_fps
'-UuX1xuaiiE_1,'-UuX1xuaiiE,1,45,9.270000000000001,9.476,1,1,1,148320,151616,3296,278,285,6,inferred_uniform_text_timing,ffmpeg_audio_sample_rate,video_frame_index_and_fps
'-UuX1xuaiiE_1,'-UuX1xuaiiE,1,46,9.476,9.682,0,1,1,151616,154912,3296,284,291,6,inferred_uniform_text_timing,ffmpeg_audio_sample_rate,video_frame_index_and_fps
'-UuX1xuaiiE_1,'-UuX1xuaiiE,1,47,9.682,9.888,1,1,1,154912,158208,3296,290,297,6,inferred_uniform_text_timing,ffmpeg_audio_sample_rate,video_frame_index_and_fps
'-UuX1xuaiiE_1,'-UuX1xuaiiE,1,48,9.888,10.094000000000001,0,1,1,158208,161504,3296,296,303,6,inferred_uniform_text_timing,ffmpeg_audio_sample_rate,video_frame_index_and_fps
'-UuX1xuaiiE_1,'-UuX1xuaiiE,1,49,10.094000000000001,10.3,1,1,1,161504,164800,2776,302,309,6,inferred_uniform_text_timing,ffmpeg_audio_sample_rate,video_frame_index_and_fps
'-UuX1xuaiiE_0,'-UuX1xuaiiE,0,0,0.0,0.07266666666666667,0,1,1,0,1162,1162,0,3,3,inferred_uniform_text_timing,ffmpeg_audio_sample_rate,video_frame_index_and_fps
'-UuX1xuaiiE_0,'-UuX1xuaiiE,0,1,0.07266666666666667,0.14533333333333334,0,1,1,1162,2325,1163,2,5,2,inferred_uniform_text_timing,ffmpeg_audio_sample_rate,video_frame_index_and_fps
'-UuX1xuaiiE_0,'-UuX1xuaiiE,0,2,0.14533333333333334,0.218,1,1,1,2325,3488,1163,4,7,2,inferred_uniform_text_timing,ffmpeg_audio_sample_rate,video_frame_index_and_fps
'-UuX1xuaiiE_0,'-UuX1xuaiiE,0,3,0.218,0.2906666666666667,0,1,1,3488,4650,1162,6,9,2,inferred_uniform_text_timing,ffmpeg_audio_sample_rate,video_frame_index_and_fps
'-UuX1xuaiiE_0,'-UuX1xuaiiE,0,4,0.2906666666666667,0.36333333333333334,0,1,1,4650,5813,1163,8,11,2,inferred_uniform_text_timing,ffmpeg_audio_sample_rate,video_frame_index_and_fps
'-UuX1xuaiiE_0,'-UuX1xuaiiE,0,5,0.36333333333333334,0.436,0,1,1,5813,6976,1163,10,14,3,inferred_uniform_text_timing,ffmpeg_audio_sample_rate,video_frame_index_and_fps
'-UuX1xuaiiE_0,'-UuX1xuaiiE,0,6,0.436,0.5086666666666667,0,1,1,6976,8138,1162,13,16,2,inferred_uniform_text_timing,ffmpeg_audio_sample_rate,video_frame_index_and_fps
'-UuX1xuaiiE_0,'-UuX1xuaiiE,0,7,0.5086666666666667,0.5813333333333334,1,1,1,8138,9301,1163,15,18,2,inferred_uniform_text_timing,ffmpeg_audio_sample_rate,video_frame_index_and_fps
'-UuX1xuaiiE_0,'-UuX1xuaiiE,0,8,0.5813333333333334,0.654,0,1,1,9301,10464,1163,17,20,2,inferred_uniform_text_timing,ffmpeg_audio_sample_rate,video_frame_index_and_fps
'-UuX1xuaiiE_0,'-UuX1xuaiiE,0,9,0.654,0.7266666666666667,0,1,1,10464,11626,1162,19,22,2,inferred_uniform_text_timing,ffmpeg_audio_sample_rate,video_frame_index_and_fps
'-UuX1xuaiiE_0,'-UuX1xuaiiE,0,10,0.7266666666666667,0.7993333333333333,0,1,1,11626,12789,1163,21,24,2,inferred_uniform_text_timing,ffmpeg_audio_sample_rate,video_frame_index_and_fps
'-UuX1xuaiiE_0,'-UuX1xuaiiE,0,11,0.7993333333333333,0.872,0,1,1,12789,13952,1163,23,27,3,inferred_uniform_text_timing,ffmpeg_audio_sample_rate,video_frame_index_and_fps
'-UuX1xuaiiE_0,'-UuX1xuaiiE,0,12,0.872,0.9446666666666667,1,1,1,13952,15114,1162,26,29,2,inferred_uniform_text_timing,ffmpeg_audio_sample_rate,video_frame_index_and_fps
'-UuX1xuaiiE_0,'-UuX1xuaiiE,0,13,0.9446666666666667,1.0173333333333334,0,1,1,15114,16277,1163,28,31,2,inferred_uniform_text_timing,ffmpeg_audio_sample_rate,video_frame_index_and_fps
'-UuX1xuaiiE_0,'-UuX1xuaiiE,0,14,1.0173333333333334,1.09,0,1,1,16277,17440,1163,30,33,2,inferred_uniform_text_timing,ffmpeg_audio_sample_rate,video_frame_index_and_fps
'-UuX1xuaiiE_0,'-UuX1xuaiiE,0,15,1.09,1.1626666666666667,0,1,1,17440,18602,1162,32,35,2,inferred_uniform_text_timing,ffmpeg_audio_sample_rate,video_frame_index_and_fps
'-UuX1xuaiiE_0,'-UuX1xuaiiE,0,16,1.1626666666666667,1.2353333333333334,0,1,1,18602,19765,1163,34,38,3,inferred_uniform_text_timing,ffmpeg_audio_sample_rate,video_frame_index_and_fps
'-UuX1xuaiiE_0,'-UuX1xuaiiE,0,17,1.2353333333333334,1.308,1,1,1,19765,20928,1163,37,40,2,inferred_uniform_text_timing,ffmpeg_audio_sample_rate,video_frame_index_and_fps
'-UuX1xuaiiE_0,'-UuX1xuaiiE,0,18,1.308,1.3806666666666667,0,1,1,20928,22090,1162,39,42,2,inferred_uniform_text_timing,ffmpeg_audio_sample_rate,video_frame_index_and_fps
'-UuX1xuaiiE_0,'-UuX1xuaiiE,0,19,1.3806666666666667,1.4533333333333334,0,1,1,22090,23253,1163,41,44,2,inferred_uniform_text_timing,ffmpeg_audio_sample_rate,video_frame_index_and_fps
'-UuX1xuaiiE_0,'-UuX1xuaiiE,0,20,1.4533333333333334,1.526,0,1,1,23253,24416,1163,43,46,2,inferred_uniform_text_timing,ffmpeg_audio_sample_rate,video_frame_index_and_fps
'-UuX1xuaiiE_0,'-UuX1xuaiiE,0,21,1.526,1.5986666666666667,0,1,1,24416,25578,1162,45,48,2,inferred_uniform_text_timing,ffmpeg_audio_sample_rate,video_frame_index_and_fps
'-UuX1xuaiiE_0,'-UuX1xuaiiE,0,22,1.5986666666666667,1.6713333333333333,1,1,1,25578,26741,1163,47,51,3,inferred_uniform_text_timing,ffmpeg_audio_sample_rate,video_frame_index_and_fps
'-UuX1xuaiiE_0,'-UuX1xuaiiE,0,23,1.6713333333333333,1.744,0,1,1,26741,27904,1163,50,53,2,inferred_uniform_text_timing,ffmpeg_audio_sample_rate,video_frame_index_and_fps
'-UuX1xuaiiE_0,'-UuX1xuaiiE,0,24,1.744,1.8166666666666667,0,1,1,27904,29066,1162,52,55,2,inferred_uniform_text_timing,ffmpeg_audio_sample_rate,video_frame_index_and_fps
'-UuX1xuaiiE_0,'-UuX1xuaiiE,0,25,1.8166666666666667,1.8893333333333333,0,1,1,29066,30229,1163,54,57,2,inferred_uniform_text_timing,ffmpeg_audio_sample_rate,video_frame_index_and_fps
'-UuX1xuaiiE_0,'-UuX1xuaiiE,0,26,1.8893333333333333,1.962,0,1,1,30229,31392,1163,56,59,2,inferred_uniform_text_timing,ffmpeg_audio_sample_rate,video_frame_index_and_fps
'-UuX1xuaiiE_0,'-UuX1xuaiiE,0,27,1.962,2.034666666666667,1,1,1,31392,32554,1162,58,62,3,inferred_uniform_text_timing,ffmpeg_audio_sample_rate,video_frame_index_and_fps
'-UuX1xuaiiE_0,'-UuX1xuaiiE,0,28,2.034666666666667,2.107333333333333,0,1,1,32554,33717,1163,61,64,2,inferred_uniform_text_timing,ffmpeg_audio_sample_rate,video_frame_index_and_fps
'-UuX1xuaiiE_0,'-UuX1xuaiiE,0,29,2.107333333333333,2.18,0,1,1,33717,34880,1163,63,66,2,inferred_uniform_text_timing,ffmpeg_audio_sample_rate,video_frame_index_and_fps
'-UuX1xuaiiE_0,'-UuX1xuaiiE,0,30,2.18,2.2526666666666664,0,1,1,34880,36042,1162,65,68,2,inferred_uniform_text_timing,ffmpeg_audio_sample_rate,video_frame_index_and_fps
'-UuX1xuaiiE_0,'-UuX1xuaiiE,0,31,2.2526666666666664,2.3253333333333335,0,1,1,36042,37205,1163,67,70,2,inferred_uniform_text_timing,ffmpeg_audio_sample_rate,video_frame_index_and_fps
'-UuX1xuaiiE_0,'-UuX1xuaiiE,0,32,2.3253333333333335,2.398,1,1,1,37205,38368,1163,69,72,2,inferred_uniform_text_timing,ffmpeg_audio_sample_rate,video_frame_index_and_fps
'-UuX1xuaiiE_0,'-UuX1xuaiiE,0,33,2.398,2.470666666666667,0,1,1,38368,39530,1162,71,75,3,inferred_uniform_text_timing,ffmpeg_audio_sample_rate,video_frame_index_and_fps
'-UuX1xuaiiE_0,'-UuX1xuaiiE,0,34,2.470666666666667,2.5433333333333334,0,1,1,39530,40693,1163,74,77,2,inferred_uniform_text_timing,ffmpeg_audio_sample_rate,video_frame_index_and_fps
'-UuX1xuaiiE_0,'-UuX1xuaiiE,0,35,2.5433333333333334,2.616,0,1,1,40693,41856,1163,76,79,2,inferred_uniform_text_timing,ffmpeg_audio_sample_rate,video_frame_index_and_fps
'-UuX1xuaiiE_0,'-UuX1xuaiiE,0,36,2.616,2.6886666666666668,0,1,1,41856,43018,1162,78,81,2,inferred_uniform_text_timing,ffmpeg_audio_sample_rate,video_frame_index_and_fps
'-UuX1xuaiiE_0,'-UuX1xuaiiE,0,37,2.6886666666666668,2.7613333333333334,1,1,1,43018,44181,1163,80,83,2,inferred_uniform_text_timing,ffmpeg_audio_sample_rate,video_frame_index_and_fps
'-UuX1xuaiiE_0,'-UuX1xuaiiE,0,38,2.7613333333333334,2.8339999999999996,0,1,1,44181,45343,1162,82,86,3,inferred_uniform_text_timing,ffmpeg_audio_sample_rate,video_frame_index_and_fps
'-UuX1xuaiiE_0,'-UuX1xuaiiE,0,39,2.8339999999999996,2.9066666666666667,0,1,1,45343,46506,1163,85,88,2,inferred_uniform_text_timing,ffmpeg_audio_sample_rate,video_frame_index_and_fps
'-UuX1xuaiiE_0,'-UuX1xuaiiE,0,40,2.9066666666666667,2.9793333333333334,0,1,1,46506,47669,1163,87,90,2,inferred_uniform_text_timing,ffmpeg_audio_sample_rate,video_frame_index_and_fps
'-UuX1xuaiiE_0,'-UuX1xuaiiE,0,41,2.9793333333333334,3.052,0,1,1,47669,48832,1163,89,92,2,inferred_uniform_text_timing,ffmpeg_audio_sample_rate,video_frame_index_and_fps
'-UuX1xuaiiE_0,'-UuX1xuaiiE,0,42,3.052,3.1246666666666663,1,1,1,48832,49994,1162,91,94,2,inferred_uniform_text_timing,ffmpeg_audio_sample_rate,video_frame_index_and_fps
'-UuX1xuaiiE_0,'-UuX1xuaiiE,0,43,3.1246666666666663,3.1973333333333334,0,1,1,49994,51157,1163,93,96,2,inferred_uniform_text_timing,ffmpeg_audio_sample_rate,video_frame_index_and_fps
'-UuX1xuaiiE_0,'-UuX1xuaiiE,0,44,3.1973333333333334,3.27,0,1,1,51157,52320,1163,95,99,3,inferred_uniform_text_timing,ffmpeg_audio_sample_rate,video_frame_index_and_fps
'-UuX1xuaiiE_0,'-UuX1xuaiiE,0,45,3.27,3.3426666666666667,0,1,1,52320,53482,1162,98,101,2,inferred_uniform_text_timing,ffmpeg_audio_sample_rate,video_frame_index_and_fps
'-UuX1xuaiiE_0,'-UuX1xuaiiE,0,46,3.3426666666666667,3.415333333333333,0,1,1,53482,54645,1163,100,103,2,inferred_uniform_text_timing,ffmpeg_audio_sample_rate,video_frame_index_and_fps
'-UuX1xuaiiE_0,'-UuX1xuaiiE,0,47,3.415333333333333,3.488,1,1,1,54645,55808,1163,102,105,2,inferred_uniform_text_timing,ffmpeg_audio_sample_rate,video_frame_index_and_fps
'-UuX1xuaiiE_0,'-UuX1xuaiiE,0,48,3.488,3.5606666666666666,0,1,1,55808,56970,1162,104,107,2,inferred_uniform_text_timing,ffmpeg_audio_sample_rate,video_frame_index_and_fps
'-UuX1xuaiiE_0,'-UuX1xuaiiE,0,49,3.5606666666666666,3.6333333333333333,0,1,1,56970,58133,244,106,109,2,inferred_uniform_text_timing,ffmpeg_audio_sample_rate,video_frame_index_and_fps
'-UuX1xuaiiE_3,'-UuX1xuaiiE,3,0,0.0,0.08199999999999999,0,1,1,0,1311,1311,0,3,3,inferred_uniform_text_timing,ffmpeg_audio_sample_rate,video_frame_index_and_fps
'-UuX1xuaiiE_3,'-UuX1xuaiiE,3,1,0.08199999999999999,0.16399999999999998,0,1,1,1311,2623,1312,2,5,2,inferred_uniform_text_timing,ffmpeg_audio_sample_rate,video_frame_index_and_fps
'-UuX1xuaiiE_3,'-UuX1xuaiiE,3,2,0.16399999999999998,0.24599999999999997,1,1,1,2623,3935,1312,4,8,3,inferred_uniform_text_timing,ffmpeg_audio_sample_rate,video_frame_index_and_fps
'-UuX1xuaiiE_3,'-UuX1xuaiiE,3,3,0.24599999999999997,0.32799999999999996,0,1,1,3935,5247,1312,7,10,2,inferred_uniform_text_timing,ffmpeg_audio_sample_rate,video_frame_index_and_fps
'-UuX1xuaiiE_3,'-UuX1xuaiiE,3,4,0.32799999999999996,0.41,0,1,1,5247,6560,1313,9,13,3,inferred_uniform_text_timing,ffmpeg_audio_sample_rate,video_frame_index_and_fps
'-UuX1xuaiiE_3,'-UuX1xuaiiE,3,5,0.41,0.49199999999999994,0,1,1,6560,7871,1311,12,15,2,inferred_uniform_text_timing,ffmpeg_audio_sample_rate,video_frame_index_and_fps
'-UuX1xuaiiE_3,'-UuX1xuaiiE,3,6,0.49199999999999994,0.574,0,1,1,7871,9184,1313,14,18,3,inferred_uniform_text_timing,ffmpeg_audio_sample_rate,video_frame_index_and_fps
'-UuX1xuaiiE_3,'-UuX1xuaiiE,3,7,0.574,0.6559999999999999,0,1,1,9184,10495,1311,17,20,2,inferred_uniform_text_timing,ffmpeg_audio_sample_rate,video_frame_index_and_fps
'-UuX1xuaiiE_3,'-UuX1xuaiiE,3,8,0.6559999999999999,0.738,1,1,1,10495,11808,1313,19,23,3,inferred_uniform_text_timing,ffmpeg_audio_sample_rate,video_frame_index_and_fps
'-UuX1xuaiiE_3,'-UuX1xuaiiE,3,9,0.738,0.82,0,1,1,11808,13120,1312,22,25,2,inferred_uniform_text_timing,ffmpeg_audio_sample_rate,video_frame_index_and_fps
'-UuX1xuaiiE_3,'-UuX1xuaiiE,3,10,0.82,0.9019999999999999,0,1,1,13120,14431,1311,24,28,3,inferred_uniform_text_timing,ffmpeg_audio_sample_rate,video_frame_index_and_fps
'-UuX1xuaiiE_3,'-UuX1xuaiiE,3,11,0.9019999999999999,0.9839999999999999,0,1,1,14431,15743,1312,27,30,2,inferred_uniform_text_timing,ffmpeg_audio_sample_rate,video_frame_index_and_fps
'-UuX1xuaiiE_3,'-UuX1xuaiiE,3,12,0.9839999999999999,1.0659999999999998,0,1,1,15743,17055,1312,29,32,2,inferred_uniform_text_timing,ffmpeg_audio_sample_rate,video_frame_index_and_fps
'-UuX1xuaiiE_3,'-UuX1xuaiiE,3,13,1.0659999999999998,1.148,1,1,1,17055,18368,1313,31,35,3,inferred_uniform_text_timing,ffmpeg_audio_sample_rate,video_frame_index_and_fps
'-UuX1xuaiiE_3,'-UuX1xuaiiE,3,14,1.148,1.2299999999999998,0,1,1,18368,19679,1311,34,37,2,inferred_uniform_text_timing,ffmpeg_audio_sample_rate,video_frame_index_and_fps
'-UuX1xuaiiE_3,'-UuX1xuaiiE,3,15,1.2299999999999998,1.3119999999999998,0,1,1,19679,20991,1312,36,40,3,inferred_uniform_text_timing,ffmpeg_audio_sample_rate,video_frame_index_and_fps
'-UuX1xuaiiE_3,'-UuX1xuaiiE,3,16,1.3119999999999998,1.3939999999999997,0,1,1,20991,22303,1312,39,42,2,inferred_uniform_text_timing,ffmpeg_audio_sample_rate,video_frame_index_and_fps
'-UuX1xuaiiE_3,'-UuX1xuaiiE,3,17,1.3939999999999997,1.476,0,1,1,22303,23616,1313,41,45,3,inferred_uniform_text_timing,ffmpeg_audio_sample_rate,video_frame_index_and_fps
'-UuX1xuaiiE_3,'-UuX1xuaiiE,3,18,1.476,1.5579999999999998,0,1,1,23616,24927,1311,44,47,2,inferred_uniform_text_timing,ffmpeg_audio_sample_rate,video_frame_index_and_fps
'-UuX1xuaiiE_3,'-UuX1xuaiiE,3,19,1.5579999999999998,1.64,1,1,1,24927,26240,1313,46,50,3,inferred_uniform_text_timing,ffmpeg_audio_sample_rate,video_frame_index_and_fps
'-UuX1xuaiiE_3,'-UuX1xuaiiE,3,20,1.64,1.722,0,1,1,26240,27552,1312,49,52,2,inferred_uniform_text_timing,ffmpeg_audio_sample_rate,video_frame_index_and_fps
'-UuX1xuaiiE_3,'-UuX1xuaiiE,3,21,1.722,1.8039999999999998,0,1,1,27552,28863,1311,51,55,3,inferred_uniform_text_timing,ffmpeg_audio_sample_rate,video_frame_index_and_fps
'-UuX1xuaiiE_3,'-UuX1xuaiiE,3,22,1.8039999999999998,1.886,0,1,1,28863,30176,1313,54,57,2,inferred_uniform_text_timing,ffmpeg_audio_sample_rate,video_frame_index_and_fps
'-UuX1xuaiiE_3,'-UuX1xuaiiE,3,23,1.886,1.9679999999999997,0,1,1,30176,31487,1311,56,60,3,inferred_uniform_text_timing,ffmpeg_audio_sample_rate,video_frame_index_and_fps
'-UuX1xuaiiE_3,'-UuX1xuaiiE,3,24,1.9679999999999997,2.05,0,1,1,31487,32800,1313,59,62,2,inferred_uniform_text_timing,ffmpeg_audio_sample_rate,video_frame_index_and_fps
'-UuX1xuaiiE_3,'-UuX1xuaiiE,3,25,2.05,2.1319999999999997,1,1,1,32800,34111,1311,61,64,2,inferred_uniform_text_timing,ffmpeg_audio_sample_rate,video_frame_index_and_fps
'-UuX1xuaiiE_3,'-UuX1xuaiiE,3,26,2.1319999999999997,2.214,0,1,1,34111,35424,1313,63,67,3,inferred_uniform_text_timing,ffmpeg_audio_sample_rate,video_frame_index_and_fps
'-UuX1xuaiiE_3,'-UuX1xuaiiE,3,27,2.214,2.296,0,1,1,35424,36736,1312,66,69,2,inferred_uniform_text_timing,ffmpeg_audio_sample_rate,video_frame_index_and_fps
'-UuX1xuaiiE_3,'-UuX1xuaiiE,3,28,2.296,2.3779999999999997,0,1,1,36736,38047,1311,68,72,3,inferred_uniform_text_timing,ffmpeg_audio_sample_rate,video_frame_index_and_fps
'-UuX1xuaiiE_3,'-UuX1xuaiiE,3,29,2.3779999999999997,2.4599999999999995,0,1,1,38047,39359,1312,71,74,2,inferred_uniform_text_timing,ffmpeg_audio_sample_rate,video_frame_index_and_fps
'-UuX1xuaiiE_3,'-UuX1xuaiiE,3,30,2.4599999999999995,2.542,1,1,1,39359,40672,1313,73,77,3,inferred_uniform_text_timing,ffmpeg_audio_sample_rate,video_frame_index_and_fps
'-UuX1xuaiiE_3,'-UuX1xuaiiE,3,31,2.542,2.6239999999999997,0,1,1,40672,41983,1311,76,79,2,inferred_uniform_text_timing,ffmpeg_audio_sample_rate,video_frame_index_and_fps
'-UuX1xuaiiE_3,'-UuX1xuaiiE,3,32,2.6239999999999997,2.7059999999999995,0,1,1,41983,43295,1312,78,82,3,inferred_uniform_text_timing,ffmpeg_audio_sample_rate,video_frame_index_and_fps
'-UuX1xuaiiE_3,'-UuX1xuaiiE,3,33,2.7059999999999995,2.7879999999999994,0,1,1,43295,44607,1312,81,84,2,inferred_uniform_text_timing,ffmpeg_audio_sample_rate,video_frame_index_and_fps
'-UuX1xuaiiE_3,'-UuX1xuaiiE,3,34,2.7879999999999994,2.87,0,1,1,44607,45920,1313,83,87,3,inferred_uniform_text_timing,ffmpeg_audio_sample_rate,video_frame_index_and_fps
'-UuX1xuaiiE_3,'-UuX1xuaiiE,3,35,2.87,2.952,0,1,1,45920,47232,1312,86,89,2,inferred_uniform_text_timing,ffmpeg_audio_sample_rate,video_frame_index_and_fps
'-UuX1xuaiiE_3,'-UuX1xuaiiE,3,36,2.952,3.034,1,1,1,47232,48544,1312,88,92,3,inferred_uniform_text_timing,ffmpeg_audio_sample_rate,video_frame_index_and_fps
'-UuX1xuaiiE_3,'-UuX1xuaiiE,3,37,3.034,3.1159999999999997,0,1,1,48544,49855,1311,91,94,2,inferred_uniform_text_timing,ffmpeg_audio_sample_rate,video_frame_index_and_fps
'-UuX1xuaiiE_3,'-UuX1xuaiiE,3,38,3.1159999999999997,3.1979999999999995,0,1,1,49855,51167,1312,93,96,2,inferred_uniform_text_timing,ffmpeg_audio_sample_rate,video_frame_index_and_fps
'-UuX1xuaiiE_3,'-UuX1xuaiiE,3,39,3.1979999999999995,3.28,0,1,1,51167,52480,1313,95,99,3,inferred_uniform_text_timing,ffmpeg_audio_sample_rate,video_frame_index_and_fps
'-UuX1xuaiiE_3,'-UuX1xuaiiE,3,40,3.28,3.362,0,1,1,52480,53792,1312,98,101,2,inferred_uniform_text_timing,ffmpeg_audio_sample_rate,video_frame_index_and_fps
'-UuX1xuaiiE_3,'-UuX1xuaiiE,3,41,3.362,3.444,1,1,1,53792,55104,1312,100,104,3,inferred_uniform_text_timing,ffmpeg_audio_sample_rate,video_frame_index_and_fps
'-UuX1xuaiiE_3,'-UuX1xuaiiE,3,42,3.444,3.526,0,1,1,55104,56416,1312,103,106,2,inferred_uniform_text_timing,ffmpeg_audio_sample_rate,video_frame_index_and_fps
'-UuX1xuaiiE_3,'-UuX1xuaiiE,3,43,3.526,3.6079999999999997,0,1,1,56416,57727,1311,105,109,3,inferred_uniform_text_timing,ffmpeg_audio_sample_rate,video_frame_index_and_fps
'-UuX1xuaiiE_3,'-UuX1xuaiiE,3,44,3.6079999999999997,3.6899999999999995,0,1,1,57727,59039,1312,108,111,2,inferred_uniform_text_timing,ffmpeg_audio_sample_rate,video_frame_index_and_fps
'-UuX1xuaiiE_3,'-UuX1xuaiiE,3,45,3.6899999999999995,3.772,0,1,1,59039,60352,1313,110,114,3,inferred_uniform_text_timing,ffmpeg_audio_sample_rate,video_frame_index_and_fps
'-UuX1xuaiiE_3,'-UuX1xuaiiE,3,46,3.772,3.8539999999999996,0,1,1,60352,61663,1311,113,116,2,inferred_uniform_text_timing,ffmpeg_audio_sample_rate,video_frame_index_and_fps
'-UuX1xuaiiE_3,'-UuX1xuaiiE,3,47,3.8539999999999996,3.9359999999999995,1,1,1,61663,62975,1312,115,119,3,inferred_uniform_text_timing,ffmpeg_audio_sample_rate,video_frame_index_and_fps
'-UuX1xuaiiE_3,'-UuX1xuaiiE,3,48,3.9359999999999995,4.018,0,1,1,62975,64288,1313,118,121,2,inferred_uniform_text_timing,ffmpeg_audio_sample_rate,video_frame_index_and_fps
'-UuX1xuaiiE_3,'-UuX1xuaiiE,3,49,4.018,4.1,0,1,1,64288,65600,326,120,123,2,inferred_uniform_text_timing,ffmpeg_audio_sample_rate,video_frame_index_and_fps
'-UuX1xuaiiE_6,'-UuX1xuaiiE,6,0,0.0,0.16,0,1,1,0,2560,2560,0,5,5,inferred_uniform_text_timing,ffmpeg_audio_sample_rate,video_frame_index_and_fps
'-UuX1xuaiiE_6,'-UuX1xuaiiE,6,1,0.16,0.32,1,1,1,2560,5120,2560,4,10,5,inferred_uniform_text_timing,ffmpeg_audio_sample_rate,video_frame_index_and_fps
'-UuX1xuaiiE_6,'-UuX1xuaiiE,6,2,0.32,0.48,0,1,1,5120,7680,2560,9,15,5,inferred_uniform_text_timing,ffmpeg_audio_sample_rate,video_frame_index_and_fps
'-UuX1xuaiiE_6,'-UuX1xuaiiE,6,3,0.48,0.64,1,1,1,7680,10240,2560,14,20,5,inferred_uniform_text_timing,ffmpeg_audio_sample_rate,video_frame_index_and_fps
'-UuX1xuaiiE_6,'-UuX1xuaiiE,6,4,0.64,0.8,0,1,1,10240,12800,2560,19,24,4,inferred_uniform_text_timing,ffmpeg_audio_sample_rate,video_frame_index_and_fps
'-UuX1xuaiiE_6,'-UuX1xuaiiE,6,5,0.8,0.96,1,1,1,12800,15360,2560,24,29,5,inferred_uniform_text_timing,ffmpeg_audio_sample_rate,video_frame_index_and_fps
'-UuX1xuaiiE_6,'-UuX1xuaiiE,6,6,0.96,1.12,0,1,1,15360,17920,2560,28,34,5,inferred_uniform_text_timing,ffmpeg_audio_sample_rate,video_frame_index_and_fps
'-UuX1xuaiiE_6,'-UuX1xuaiiE,6,7,1.12,1.28,1,1,1,17920,20480,2560,33,39,5,inferred_uniform_text_timing,ffmpeg_audio_sample_rate,video_frame_index_and_fps
'-UuX1xuaiiE_6,'-UuX1xuaiiE,6,8,1.28,1.44,0,1,1,20480,23040,2560,38,44,5,inferred_uniform_text_timing,ffmpeg_audio_sample_rate,video_frame_index_and_fps
'-UuX1xuaiiE_6,'-UuX1xuaiiE,6,9,1.44,1.6,1,1,1,23040,25600,2560,43,48,4,inferred_uniform_text_timing,ffmpeg_audio_sample_rate,video_frame_index_and_fps
'-UuX1xuaiiE_6,'-UuX1xuaiiE,6,10,1.6,1.76,0,1,1,25600,28160,2560,48,53,5,inferred_uniform_text_timing,ffmpeg_audio_sample_rate,video_frame_index_and_fps
'-UuX1xuaiiE_6,'-UuX1xuaiiE,6,11,1.76,1.92,1,1,1,28160,30720,2560,52,58,5,inferred_uniform_text_timing,ffmpeg_audio_sample_rate,video_frame_index_and_fps
'-UuX1xuaiiE_6,'-UuX1xuaiiE,6,12,1.92,2.08,0,1,1,30720,33280,2560,57,63,5,inferred_uniform_text_timing,ffmpeg_audio_sample_rate,video_frame_index_and_fps
'-UuX1xuaiiE_6,'-UuX1xuaiiE,6,13,2.08,2.24,0,1,1,33280,35840,2560,62,68,5,inferred_uniform_text_timing,ffmpeg_audio_sample_rate,video_frame_index_and_fps
'-UuX1xuaiiE_6,'-UuX1xuaiiE,6,14,2.24,2.4,1,1,1,35840,38400,2560,67,72,4,inferred_uniform_text_timing,ffmpeg_audio_sample_rate,video_frame_index_and_fps
'-UuX1xuaiiE_6,'-UuX1xuaiiE,6,15,2.4,2.56,0,1,1,38400,40960,2560,72,77,5,inferred_uniform_text_timing,ffmpeg_audio_sample_rate,video_frame_index_and_fps
'-UuX1xuaiiE_6,'-UuX1xuaiiE,6,16,2.56,2.72,1,1,1,40960,43520,2560,76,82,5,inferred_uniform_text_timing,ffmpeg_audio_sample_rate,video_frame_index_and_fps
'-UuX1xuaiiE_6,'-UuX1xuaiiE,6,17,2.72,2.88,0,1,1,43520,46080,2560,81,87,5,inferred_uniform_text_timing,ffmpeg_audio_sample_rate,video_frame_index_and_fps
'-UuX1xuaiiE_6,'-UuX1xuaiiE,6,18,2.88,3.04,1,1,1,46080,48640,2560,86,92,5,inferred_uniform_text_timing,ffmpeg_audio_sample_rate,video_frame_index_and_fps
'-UuX1xuaiiE_6,'-UuX1xuaiiE,6,19,3.04,3.2,0,1,1,48640,51200,2560,91,96,4,inferred_uniform_text_timing,ffmpeg_audio_sample_rate,video_frame_index_and_fps
'-UuX1xuaiiE_6,'-UuX1xuaiiE,6,20,3.2,3.36,1,1,1,51200,53760,2560,96,101,5,inferred_uniform_text_timing,ffmpeg_audio_sample_rate,video_frame_index_and_fps
'-UuX1xuaiiE_6,'-UuX1xuaiiE,6,21,3.36,3.52,0,1,1,53760,56320,2560,100,106,5,inferred_uniform_text_timing,ffmpeg_audio_sample_rate,video_frame_index_and_fps
'-UuX1xuaiiE_6,'-UuX1xuaiiE,6,22,3.52,3.68,1,1,1,56320,58880,2560,105,111,5,inferred_uniform_text_timing,ffmpeg_audio_sample_rate,video_frame_index_and_fps
'-UuX1xuaiiE_6,'-UuX1xuaiiE,6,23,3.68,3.84,0,1,1,58880,61440,2560,110,116,5,inferred_uniform_text_timing,ffmpeg_audio_sample_rate,video_frame_index_and_fps
'-UuX1xuaiiE_6,'-UuX1xuaiiE,6,24,3.84,4.0,0,1,1,61440,64000,2560,115,120,4,inferred_uniform_text_timing,ffmpeg_audio_sample_rate,video_frame_index_and_fps
'-UuX1xuaiiE_6,'-UuX1xuaiiE,6,25,4.0,4.16,1,1,1,64000,66560,2560,120,125,5,inferred_uniform_text_timing,ffmpeg_audio_sample_rate,video_frame_index_and_fps
'-UuX1xuaiiE_6,'-UuX1xuaiiE,6,26,4.16,4.32,0,1,1,66560,69120,2560,124,130,5,inferred_uniform_text_timing,ffmpeg_audio_sample_rate,video_frame_index_and_fps
'-UuX1xuaiiE_6,'-UuX1xuaiiE,6,27,4.32,4.48,1,1,1,69120,71680,2560,129,135,5,inferred_uniform_text_timing,ffmpeg_audio_sample_rate,video_frame_index_and_fps
'-UuX1xuaiiE_6,'-UuX1xuaiiE,6,28,4.48,4.64,0,1,1,71680,74240,2560,134,140,5,inferred_uniform_text_timing,ffmpeg_audio_sample_rate,video_frame_index_and_fps
'-UuX1xuaiiE_6,'-UuX1xuaiiE,6,29,4.64,4.8,1,1,1,74240,76800,2560,139,144,4,inferred_uniform_text_timing,ffmpeg_audio_sample_rate,video_frame_index_and_fps
'-UuX1xuaiiE_6,'-UuX1xuaiiE,6,30,4.8,4.96,0,1,1,76800,79360,2560,144,149,5,inferred_uniform_text_timing,ffmpeg_audio_sample_rate,video_frame_index_and_fps
'-UuX1xuaiiE_6,'-UuX1xuaiiE,6,31,4.96,5.12,1,1,1,79360,81920,2560,148,154,5,inferred_uniform_text_timing,ffmpeg_audio_sample_rate,video_frame_index_and_fps
'-UuX1xuaiiE_6,'-UuX1xuaiiE,6,32,5.12,5.28,0,1,1,81920,84480,2560,153,159,5,inferred_uniform_text_timing,ffmpeg_audio_sample_rate,video_frame_index_and_fps
'-UuX1xuaiiE_6,'-UuX1xuaiiE,6,33,5.28,5.44,1,1,1,84480,87040,2560,158,164,5,inferred_uniform_text_timing,ffmpeg_audio_sample_rate,video_frame_index_and_fps
'-UuX1xuaiiE_6,'-UuX1xuaiiE,6,34,5.44,5.6,0,1,1,87040,89600,2560,163,168,4,inferred_uniform_text_timing,ffmpeg_audio_sample_rate,video_frame_index_and_fps
'-UuX1xuaiiE_6,'-UuX1xuaiiE,6,35,5.6,5.76,1,1,1,89600,92160,2560,168,173,5,inferred_uniform_text_timing,ffmpeg_audio_sample_rate,video_frame_index_and_fps
'-UuX1xuaiiE_6,'-UuX1xuaiiE,6,36,5.76,5.92,0,1,1,92160,94720,2560,172,178,5,inferred_uniform_text_timing,ffmpeg_audio_sample_rate,video_frame_index_and_fps
'-UuX1xuaiiE_6,'-UuX1xuaiiE,6,37,5.92,6.08,0,1,1,94720,97280,2560,177,183,5,inferred_uniform_text_timing,ffmpeg_audio_sample_rate,video_frame_index_and_fps
'-UuX1xuaiiE_6,'-UuX1xuaiiE,6,38,6.08,6.24,1,1,1,97280,99840,2560,182,188,5,inferred_uniform_text_timing,ffmpeg_audio_sample_rate,video_frame_index_and_fps
'-UuX1xuaiiE_6,'-UuX1xuaiiE,6,39,6.24,6.4,0,1,1,99840,102400,2560,187,192,4,inferred_uniform_text_timing,ffmpeg_audio_sample_rate,video_frame_index_and_fps
'-UuX1xuaiiE_6,'-UuX1xuaiiE,6,40,6.4,6.56,1,1,1,102400,104960,2560,192,197,5,inferred_uniform_text_timing,ffmpeg_audio_sample_rate,video_frame_index_and_fps
'-UuX1xuaiiE_6,'-UuX1xuaiiE,6,41,6.56,6.72,0,1,1,104960,107520,2560,196,202,5,inferred_uniform_text_timing,ffmpeg_audio_sample_rate,video_frame_index_and_fps
'-UuX1xuaiiE_6,'-UuX1xuaiiE,6,42,6.72,6.88,1,1,1,107520,110080,2560,201,207,5,inferred_uniform_text_timing,ffmpeg_audio_sample_rate,video_frame_index_and_fps
'-UuX1xuaiiE_6,'-UuX1xuaiiE,6,43,6.88,7.04,0,1,1,110080,112640,2560,206,212,5,inferred_uniform_text_timing,ffmpeg_audio_sample_rate,video_frame_index_and_fps
'-UuX1xuaiiE_6,'-UuX1xuaiiE,6,44,7.04,7.2,1,1,1,112640,115200,2560,211,216,4,inferred_uniform_text_timing,ffmpeg_audio_sample_rate,video_frame_index_and_fps
'-UuX1xuaiiE_6,'-UuX1xuaiiE,6,45,7.2,7.36,0,1,1,115200,117760,2560,216,221,5,inferred_uniform_text_timing,ffmpeg_audio_sample_rate,video_frame_index_and_fps
'-UuX1xuaiiE_6,'-UuX1xuaiiE,6,46,7.36,7.52,1,1,1,117760,120320,2560,220,226,5,inferred_uniform_text_timing,ffmpeg_audio_sample_rate,video_frame_index_and_fps
'-UuX1xuaiiE_6,'-UuX1xuaiiE,6,47,7.52,7.68,0,1,1,120320,122880,2560,225,231,5,inferred_uniform_text_timing,ffmpeg_audio_sample_rate,video_frame_index_and_fps
'-UuX1xuaiiE_6,'-UuX1xuaiiE,6,48,7.68,7.84,1,1,1,122880,125440,2560,230,236,5,inferred_uniform_text_timing,ffmpeg_audio_sample_rate,video_frame_index_and_fps
'-UuX1xuaiiE_6,'-UuX1xuaiiE,6,49,7.84,8.0,0,1,1,125440,128000,1661,235,240,4,inferred_uniform_text_timing,ffmpeg_audio_sample_rate,video_frame_index_and_fps
'-a55Q6RWvTA_3,'-a55Q6RWvTA,3,0,0.0,0.44266666666666665,1,1,1,0,7082,7082,0,14,14,inferred_uniform_text_timing,ffmpeg_audio_sample_rate,video_frame_index_and_fps
'-a55Q6RWvTA_3,'-a55Q6RWvTA,3,1,0.44266666666666665,0.8853333333333333,1,1,1,7082,14165,7083,13,27,13,inferred_uniform_text_timing,ffmpeg_audio_sample_rate,video_frame_index_and_fps
'-a55Q6RWvTA_3,'-a55Q6RWvTA,3,2,0.8853333333333333,1.328,1,1,1,14165,21248,7083,26,40,13,inferred_uniform_text_timing,ffmpeg_audio_sample_rate,video_frame_index_and_fps
'-a55Q6RWvTA_3,'-a55Q6RWvTA,3,3,1.328,1.7706666666666666,1,1,1,21248,28330,7082,39,54,14,inferred_uniform_text_timing,ffmpeg_audio_sample_rate,video_frame_index_and_fps
'-a55Q6RWvTA_3,'-a55Q6RWvTA,3,4,1.7706666666666666,2.213333333333333,1,1,1,28330,35413,7083,53,67,13,inferred_uniform_text_timing,ffmpeg_audio_sample_rate,video_frame_index_and_fps
'-a55Q6RWvTA_3,'-a55Q6RWvTA,3,5,2.213333333333333,2.656,1,1,1,35413,42496,7083,66,80,13,inferred_uniform_text_timing,ffmpeg_audio_sample_rate,video_frame_index_and_fps
'-a55Q6RWvTA_3,'-a55Q6RWvTA,3,6,2.656,3.098666666666667,1,1,1,42496,49578,7082,79,93,13,inferred_uniform_text_timing,ffmpeg_audio_sample_rate,video_frame_index_and_fps
'-a55Q6RWvTA_3,'-a55Q6RWvTA,3,7,3.098666666666667,3.541333333333333,1,1,1,49578,56661,7083,92,107,14,inferred_uniform_text_timing,ffmpeg_audio_sample_rate,video_frame_index_and_fps
'-a55Q6RWvTA_3,'-a55Q6RWvTA,3,8,3.541333333333333,3.984,1,1,1,56661,63744,7083,106,120,13,inferred_uniform_text_timing,ffmpeg_audio_sample_rate,video_frame_index_and_fps
'-a55Q6RWvTA_3,'-a55Q6RWvTA,3,9,3.984,4.426666666666666,1,1,1,63744,70826,7082,119,133,13,inferred_uniform_text_timing,ffmpeg_audio_sample_rate,video_frame_index_and_fps
'-a55Q6RWvTA_3,'-a55Q6RWvTA,3,10,4.426666666666666,4.8693333333333335,1,1,1,70826,77909,7083,132,147,14,inferred_uniform_text_timing,ffmpeg_audio_sample_rate,video_frame_index_and_fps
'-a55Q6RWvTA_3,'-a55Q6RWvTA,3,11,4.8693333333333335,5.312,1,1,1,77909,84992,7083,146,160,13,inferred_uniform_text_timing,ffmpeg_audio_sample_rate,video_frame_index_and_fps
'-a55Q6RWvTA_3,'-a55Q6RWvTA,3,12,5.312,5.754666666666667,1,1,1,84992,92074,7082,159,173,13,inferred_uniform_text_timing,ffmpeg_audio_sample_rate,video_frame_index_and_fps
'-a55Q6RWvTA_3,'-a55Q6RWvTA,3,13,5.754666666666667,6.197333333333334,1,1,1,92074,99157,7083,172,186,13,inferred_uniform_text_timing,ffmpeg_audio_sample_rate,video_frame_index_and_fps
'-a55Q6RWvTA_3,'-a55Q6RWvTA,3,14,6.197333333333334,6.64,1,1,1,99157,106240,7083,185,200,14,inferred_uniform_text_timing,ffmpeg_audio_sample_rate,video_frame_index_and_fps
'-a55Q6RWvTA_3,'-a55Q6RWvTA,3,15,6.64,7.082666666666666,1,1,1,106240,113322,7082,199,213,13,inferred_uniform_text_timing,ffmpeg_audio_sample_rate,video_frame_index_and_fps
'-a55Q6RWvTA_3,'-a55Q6RWvTA,3,16,7.082666666666666,7.525333333333333,1,1,1,113322,120405,7083,212,226,13,inferred_uniform_text_timing,ffmpeg_audio_sample_rate,video_frame_index_and_fps
'-a55Q6RWvTA_3,'-a55Q6RWvTA,3,17,7.525333333333333,7.968,1,1,1,120405,127488,7083,225,240,14,inferred_uniform_text_timing,ffmpeg_audio_sample_rate,video_frame_index_and_fps
'-a55Q6RWvTA_3,'-a55Q6RWvTA,3,18,7.968,8.410666666666666,1,1,1,127488,134570,7082,239,253,13,inferred_uniform_text_timing,ffmpeg_audio_sample_rate,video_frame_index_and_fps
'-a55Q6RWvTA_3,'-a55Q6RWvTA,3,19,8.410666666666666,8.853333333333332,1,1,1,134570,141653,7083,252,266,13,inferred_uniform_text_timing,ffmpeg_audio_sample_rate,video_frame_index_and_fps
'-a55Q6RWvTA_3,'-a55Q6RWvTA,3,20,8.853333333333332,9.296,1,1,1,141653,148736,7083,265,279,13,inferred_uniform_text_timing,ffmpeg_audio_sample_rate,video_frame_index_and_fps
'-a55Q6RWvTA_3,'-a55Q6RWvTA,3,21,9.296,9.738666666666667,1,1,1,148736,155818,7082,278,293,14,inferred_uniform_text_timing,ffmpeg_audio_sample_rate,video_frame_index_and_fps
'-a55Q6RWvTA_3,'-a55Q6RWvTA,3,22,9.738666666666667,10.181333333333333,1,1,1,155818,162901,7083,292,306,13,inferred_uniform_text_timing,ffmpeg_audio_sample_rate,video_frame_index_and_fps
'-a55Q6RWvTA_3,'-a55Q6RWvTA,3,23,10.181333333333333,10.624,1,1,1,162901,169984,7083,305,319,13,inferred_uniform_text_timing,ffmpeg_audio_sample_rate,video_frame_index_and_fps
'-a55Q6RWvTA_3,'-a55Q6RWvTA,3,24,10.624,11.066666666666668,1,1,1,169984,177066,7082,318,333,13,inferred_uniform_text_timing,ffmpeg_audio_sample_rate,video_frame_index_and_fps
'-a55Q6RWvTA_3,'-a55Q6RWvTA,3,25,11.066666666666668,11.509333333333334,1,1,1,177066,184149,7083,332,346,14,inferred_uniform_text_timing,ffmpeg_audio_sample_rate,video_frame_index_and_fps
'-a55Q6RWvTA_3,'-a55Q6RWvTA,3,26,11.509333333333334,11.952,1,1,1,184149,191232,7083,345,359,13,inferred_uniform_text_timing,ffmpeg_audio_sample_rate,video_frame_index_and_fps
'-a55Q6RWvTA_3,'-a55Q6RWvTA,3,27,11.952,12.394666666666668,1,1,1,191232,198314,7082,358,372,13,inferred_uniform_text_timing,ffmpeg_audio_sample_rate,video_frame_index_and_fps
'-a55Q6RWvTA_3,'-a55Q6RWvTA,3,28,12.394666666666668,12.837333333333333,1,1,1,198314,205397,7083,371,386,14,inferred_uniform_text_timing,ffmpeg_audio_sample_rate,video_frame_index_and_fps
'-a55Q6RWvTA_3,'-a55Q6RWvTA,3,29,12.837333333333333,13.28,1,1,1,205397,212480,7083,385,399,13,inferred_uniform_text_timing,ffmpeg_audio_sample_rate,video_frame_index_and_fps
'-a55Q6RWvTA_3,'-a55Q6RWvTA,3,30,13.28,13.722666666666667,1,1,1,212480,219562,7082,398,412,13,inferred_uniform_text_timing,ffmpeg_audio_sample_rate,video_frame_index_and_fps
'-a55Q6RWvTA_3,'-a55Q6RWvTA,3,31,13.722666666666667,14.165333333333333,1,1,1,219562,226645,7083,411,425,13,inferred_uniform_text_timing,ffmpeg_audio_sample_rate,video_frame_index_and_fps
'-a55Q6RWvTA_3,'-a55Q6RWvTA,3,32,14.165333333333333,14.607999999999999,1,1,1,226645,233727,7082,424,439,14,inferred_uniform_text_timing,ffmpeg_audio_sample_rate,video_frame_index_and_fps
'-a55Q6RWvTA_3,'-a55Q6RWvTA,3,33,14.607999999999999,15.050666666666666,1,1,1,233727,240810,7083,438,452,13,inferred_uniform_text_timing,ffmpeg_audio_sample_rate,video_frame_index_and_fps
'-a55Q6RWvTA_3,'-a55Q6RWvTA,3,34,15.050666666666666,15.493333333333332,1,1,1,240810,247893,7083,451,465,13,inferred_uniform_text_timing,ffmpeg_audio_sample_rate,video_frame_index_and_fps
'-a55Q6RWvTA_3,'-a55Q6RWvTA,3,35,15.493333333333332,15.936,1,1,1,247893,254976,7083,464,479,14,inferred_uniform_text_timing,ffmpeg_audio_sample_rate,video_frame_index_and_fps
'-a55Q6RWvTA_3,'-a55Q6RWvTA,3,36,15.936,16.378666666666664,1,1,1,254976,262058,7082,478,492,13,inferred_uniform_text_timing,ffmpeg_audio_sample_rate,video_frame_index_and_fps
'-a55Q6RWvTA_3,'-a55Q6RWvTA,3,37,16.378666666666664,16.82133333333333,1,1,1,262058,269141,7083,491,505,13,inferred_uniform_text_timing,ffmpeg_audio_sample_rate,video_frame_index_and_fps
'-a55Q6RWvTA_3,'-a55Q6RWvTA,3,38,16.82133333333333,17.264,1,1,1,269141,276224,7083,504,518,13,inferred_uniform_text_timing,ffmpeg_audio_sample_rate,video_frame_index_and_fps
'-a55Q6RWvTA_3,'-a55Q6RWvTA,3,39,17.264,17.706666666666663,1,1,1,276224,283306,7082,517,532,14,inferred_uniform_text_timing,ffmpeg_audio_sample_rate,video_frame_index_and_fps
'-a55Q6RWvTA_3,'-a55Q6RWvTA,3,40,17.706666666666663,18.149333333333335,1,1,1,283306,290389,7083,531,545,13,inferred_uniform_text_timing,ffmpeg_audio_sample_rate,video_frame_index_and_fps
'-a55Q6RWvTA_3,'-a55Q6RWvTA,3,41,18.149333333333335,18.592,1,1,1,290389,297472,7083,544,558,13,inferred_uniform_text_timing,ffmpeg_audio_sample_rate,video_frame_index_and_fps
'-a55Q6RWvTA_3,'-a55Q6RWvTA,3,42,18.592,19.034666666666666,1,1,1,297472,304554,7082,557,572,14,inferred_uniform_text_timing,ffmpeg_audio_sample_rate,video_frame_index_and_fps
'-a55Q6RWvTA_3,'-a55Q6RWvTA,3,43,19.034666666666666,19.477333333333334,1,1,1,304554,311637,7083,571,585,13,inferred_uniform_text_timing,ffmpeg_audio_sample_rate,video_frame_index_and_fps
'-a55Q6RWvTA_3,'-a55Q6RWvTA,3,44,19.477333333333334,19.92,1,1,1,311637,318720,7083,584,598,13,inferred_uniform_text_timing,ffmpeg_audio_sample_rate,video_frame_index_and_fps
'-a55Q6RWvTA_3,'-a55Q6RWvTA,3,45,19.92,20.362666666666666,1,1,1,318720,325802,7082,597,611,13,inferred_uniform_text_timing,ffmpeg_audio_sample_rate,video_frame_index_and_fps
'-a55Q6RWvTA_3,'-a55Q6RWvTA,3,46,20.362666666666666,20.805333333333333,1,1,1,325802,332885,7083,610,625,14,inferred_uniform_text_timing,ffmpeg_audio_sample_rate,video_frame_index_and_fps
'-a55Q6RWvTA_3,'-a55Q6RWvTA,3,47,20.805333333333333,21.248,1,1,1,332885,339968,7083,624,638,13,inferred_uniform_text_timing,ffmpeg_audio_sample_rate,video_frame_index_and_fps
'-a55Q6RWvTA_3,'-a55Q6RWvTA,3,48,21.248,21.690666666666665,1,1,1,339968,347050,7082,637,651,13,inferred_uniform_text_timing,ffmpeg_audio_sample_rate,video_frame_index_and_fps
'-a55Q6RWvTA_3,'-a55Q6RWvTA,3,49,21.690666666666665,22.133333333333336,1,1,1,347050,354133,6283,650,665,13,inferred_uniform_text_timing,ffmpeg_audio_sample_rate,video_frame_index_and_fps
'-aNfi7CP8vM_7,'-aNfi7CP8vM,7,0,0.0,0.17133333333333334,0,1,1,0,2741,2741,0,6,6,inferred_uniform_text_timing,ffmpeg_audio_sample_rate,video_frame_index_and_fps
'-aNfi7CP8vM_7,'-aNfi7CP8vM,7,1,0.17133333333333334,0.3426666666666667,1,1,1,2741,5482,2741,5,11,5,inferred_uniform_text_timing,ffmpeg_audio_sample_rate,video_frame_index_and_fps
'-aNfi7CP8vM_7,'-aNfi7CP8vM,7,2,0.3426666666666667,0.514,0,1,1,5482,8224,2742,10,16,5,inferred_uniform_text_timing,ffmpeg_audio_sample_rate,video_frame_index_and_fps
'-aNfi7CP8vM_7,'-aNfi7CP8vM,7,3,0.514,0.6853333333333333,1,1,1,8224,10965,2741,15,21,5,inferred_uniform_text_timing,ffmpeg_audio_sample_rate,video_frame_index_and_fps
'-aNfi7CP8vM_7,'-aNfi7CP8vM,7,4,0.6853333333333333,0.8566666666666666,0,1,1,10965,13706,2741,20,26,5,inferred_uniform_text_timing,ffmpeg_audio_sample_rate,video_frame_index_and_fps
'-aNfi7CP8vM_7,'-aNfi7CP8vM,7,5,0.8566666666666666,1.028,1,1,1,13706,16448,2742,25,31,5,inferred_uniform_text_timing,ffmpeg_audio_sample_rate,video_frame_index_and_fps
'-aNfi7CP8vM_7,'-aNfi7CP8vM,7,6,1.028,1.1993333333333334,0,1,1,16448,19189,2741,30,36,5,inferred_uniform_text_timing,ffmpeg_audio_sample_rate,video_frame_index_and_fps
'-aNfi7CP8vM_7,'-aNfi7CP8vM,7,7,1.1993333333333334,1.3706666666666667,0,1,1,19189,21930,2741,35,42,6,inferred_uniform_text_timing,ffmpeg_audio_sample_rate,video_frame_index_and_fps
'-aNfi7CP8vM_7,'-aNfi7CP8vM,7,8,1.3706666666666667,1.5419999999999998,1,1,1,21930,24671,2741,41,47,5,inferred_uniform_text_timing,ffmpeg_audio_sample_rate,video_frame_index_and_fps
'-aNfi7CP8vM_7,'-aNfi7CP8vM,7,9,1.5419999999999998,1.7133333333333332,0,1,1,24671,27413,2742,46,52,5,inferred_uniform_text_timing,ffmpeg_audio_sample_rate,video_frame_index_and_fps
'-aNfi7CP8vM_7,'-aNfi7CP8vM,7,10,1.7133333333333332,1.8846666666666667,1,1,1,27413,30154,2741,51,57,5,inferred_uniform_text_timing,ffmpeg_audio_sample_rate,video_frame_index_and_fps
'-aNfi7CP8vM_7,'-aNfi7CP8vM,7,11,1.8846666666666667,2.056,0,1,1,30154,32896,2742,56,62,5,inferred_uniform_text_timing,ffmpeg_audio_sample_rate,video_frame_index_and_fps
'-aNfi7CP8vM_7,'-aNfi7CP8vM,7,12,2.056,2.227333333333333,0,1,1,32896,35637,2741,61,67,5,inferred_uniform_text_timing,ffmpeg_audio_sample_rate,video_frame_index_and_fps
'-aNfi7CP8vM_7,'-aNfi7CP8vM,7,13,2.227333333333333,2.3986666666666667,1,1,1,35637,38378,2741,66,72,5,inferred_uniform_text_timing,ffmpeg_audio_sample_rate,video_frame_index_and_fps
'-aNfi7CP8vM_7,'-aNfi7CP8vM,7,14,2.3986666666666667,2.57,0,1,1,38378,41120,2742,71,78,6,inferred_uniform_text_timing,ffmpeg_audio_sample_rate,video_frame_index_and_fps
'-aNfi7CP8vM_7,'-aNfi7CP8vM,7,15,2.57,2.7413333333333334,1,1,1,41120,43861,2741,77,83,5,inferred_uniform_text_timing,ffmpeg_audio_sample_rate,video_frame_index_and_fps
'-aNfi7CP8vM_7,'-aNfi7CP8vM,7,16,2.7413333333333334,2.9126666666666665,0,1,1,43861,46602,2741,82,88,5,inferred_uniform_text_timing,ffmpeg_audio_sample_rate,video_frame_index_and_fps
'-aNfi7CP8vM_7,'-aNfi7CP8vM,7,17,2.9126666666666665,3.0839999999999996,1,1,1,46602,49343,2741,87,93,5,inferred_uniform_text_timing,ffmpeg_audio_sample_rate,video_frame_index_and_fps
'-aNfi7CP8vM_7,'-aNfi7CP8vM,7,18,3.0839999999999996,3.255333333333333,0,1,1,49343,52085,2742,92,98,5,inferred_uniform_text_timing,ffmpeg_audio_sample_rate,video_frame_index_and_fps
'-aNfi7CP8vM_7,'-aNfi7CP8vM,7,19,3.255333333333333,3.4266666666666663,0,1,1,52085,54826,2741,97,103,5,inferred_uniform_text_timing,ffmpeg_audio_sample_rate,video_frame_index_and_fps
'-aNfi7CP8vM_7,'-aNfi7CP8vM,7,20,3.4266666666666663,3.5980000000000003,1,1,1,54826,57568,2742,102,108,5,inferred_uniform_text_timing,ffmpeg_audio_sample_rate,video_frame_index_and_fps
'-aNfi7CP8vM_7,'-aNfi7CP8vM,7,21,3.5980000000000003,3.7693333333333334,0,1,1,57568,60309,2741,107,114,6,inferred_uniform_text_timing,ffmpeg_audio_sample_rate,video_frame_index_and_fps
'-aNfi7CP8vM_7,'-aNfi7CP8vM,7,22,3.7693333333333334,3.9406666666666665,1,1,1,60309,63050,2741,113,119,5,inferred_uniform_text_timing,ffmpeg_audio_sample_rate,video_frame_index_and_fps
'-aNfi7CP8vM_7,'-aNfi7CP8vM,7,23,3.9406666666666665,4.112,0,1,1,63050,65792,2742,118,124,5,inferred_uniform_text_timing,ffmpeg_audio_sample_rate,video_frame_index_and_fps
'-aNfi7CP8vM_7,'-aNfi7CP8vM,7,24,4.112,4.283333333333333,0,1,1,65792,68533,2741,123,129,5,inferred_uniform_text_timing,ffmpeg_audio_sample_rate,video_frame_index_and_fps
'-aNfi7CP8vM_7,'-aNfi7CP8vM,7,25,4.283333333333333,4.454666666666666,1,1,1,68533,71274,2741,128,134,5,inferred_uniform_text_timing,ffmpeg_audio_sample_rate,video_frame_index_and_fps
'-aNfi7CP8vM_7,'-aNfi7CP8vM,7,26,4.454666666666666,4.6259999999999994,0,1,1,71274,74015,2741,133,139,5,inferred_uniform_text_timing,ffmpeg_audio_sample_rate,video_frame_index_and_fps
'-aNfi7CP8vM_7,'-aNfi7CP8vM,7,27,4.6259999999999994,4.7973333333333334,1,1,1,74015,76757,2742,138,144,5,inferred_uniform_text_timing,ffmpeg_audio_sample_rate,video_frame_index_and_fps
'-aNfi7CP8vM_7,'-aNfi7CP8vM,7,28,4.7973333333333334,4.968666666666667,0,1,1,76757,79498,2741,143,150,6,inferred_uniform_text_timing,ffmpeg_audio_sample_rate,video_frame_index_and_fps
'-aNfi7CP8vM_7,'-aNfi7CP8vM,7,29,4.968666666666667,5.14,1,1,1,79498,82240,2742,149,155,5,inferred_uniform_text_timing,ffmpeg_audio_sample_rate,video_frame_index_and_fps
'-aNfi7CP8vM_7,'-aNfi7CP8vM,7,30,5.14,5.311333333333334,0,1,1,82240,84981,2741,154,160,5,inferred_uniform_text_timing,ffmpeg_audio_sample_rate,video_frame_index_and_fps
'-aNfi7CP8vM_7,'-aNfi7CP8vM,7,31,5.311333333333334,5.482666666666667,0,1,1,84981,87722,2741,159,165,5,inferred_uniform_text_timing,ffmpeg_audio_sample_rate,video_frame_index_and_fps
'-aNfi7CP8vM_7,'-aNfi7CP8vM,7,32,5.482666666666667,5.654,1,1,1,87722,90464,2742,164,170,5,inferred_uniform_text_timing,ffmpeg_audio_sample_rate,video_frame_index_and_fps
'-aNfi7CP8vM_7,'-aNfi7CP8vM,7,33,5.654,5.825333333333333,0,1,1,90464,93205,2741,169,175,5,inferred_uniform_text_timing,ffmpeg_audio_sample_rate,video_frame_index_and_fps
'-aNfi7CP8vM_7,'-aNfi7CP8vM,7,34,5.825333333333333,5.996666666666666,1,1,1,93205,95946,2741,174,180,5,inferred_uniform_text_timing,ffmpeg_audio_sample_rate,video_frame_index_and_fps
'-aNfi7CP8vM_7,'-aNfi7CP8vM,7,35,5.996666666666666,6.167999999999999,0,1,1,95946,98687,2741,179,186,6,inferred_uniform_text_timing,ffmpeg_audio_sample_rate,video_frame_index_and_fps
'-aNfi7CP8vM_7,'-aNfi7CP8vM,7,36,6.167999999999999,6.339333333333332,1,1,1,98687,101429,2742,185,191,5,inferred_uniform_text_timing,ffmpeg_audio_sample_rate,video_frame_index_and_fps
'-aNfi7CP8vM_7,'-aNfi7CP8vM,7,37,6.339333333333332,6.510666666666666,0,1,1,101429,104170,2741,190,196,5,inferred_uniform_text_timing,ffmpeg_audio_sample_rate,video_frame_index_and_fps
'-aNfi7CP8vM_7,'-aNfi7CP8vM,7,38,6.510666666666666,6.6819999999999995,0,1,1,104170,106911,2741,195,201,5,inferred_uniform_text_timing,ffmpeg_audio_sample_rate,video_frame_index_and_fps
'-aNfi7CP8vM_7,'-aNfi7CP8vM,7,39,6.6819999999999995,6.853333333333333,1,1,1,106911,109653,2742,200,206,5,inferred_uniform_text_timing,ffmpeg_audio_sample_rate,video_frame_index_and_fps
'-aNfi7CP8vM_7,'-aNfi7CP8vM,7,40,6.853333333333333,7.024666666666667,0,1,1,109653,112394,2741,205,211,5,inferred_uniform_text_timing,ffmpeg_audio_sample_rate,video_frame_index_and_fps
'-aNfi7CP8vM_7,'-aNfi7CP8vM,7,41,7.024666666666667,7.196000000000001,1,1,1,112394,115136,2742,210,216,5,inferred_uniform_text_timing,ffmpeg_audio_sample_rate,video_frame_index_and_fps
'-aNfi7CP8vM_7,'-aNfi7CP8vM,7,42,7.196000000000001,7.367333333333334,0,1,1,115136,117877,2741,215,222,6,inferred_uniform_text_timing,ffmpeg_audio_sample_rate,video_frame_index_and_fps
'-aNfi7CP8vM_7,'-aNfi7CP8vM,7,43,7.367333333333334,7.538666666666667,0,1,1,117877,120618,2741,221,227,5,inferred_uniform_text_timing,ffmpeg_audio_sample_rate,video_frame_index_and_fps
'-aNfi7CP8vM_7,'-aNfi7CP8vM,7,44,7.538666666666667,7.71,1,1,1,120618,123360,2742,226,232,5,inferred_uniform_text_timing,ffmpeg_audio_sample_rate,video_frame_index_and_fps
'-aNfi7CP8vM_7,'-aNfi7CP8vM,7,45,7.71,7.881333333333333,0,1,1,123360,126101,2741,231,237,5,inferred_uniform_text_timing,ffmpeg_audio_sample_rate,video_frame_index_and_fps
'-aNfi7CP8vM_7,'-aNfi7CP8vM,7,46,7.881333333333333,8.052666666666667,1,1,1,126101,128842,2741,236,242,5,inferred_uniform_text_timing,ffmpeg_audio_sample_rate,video_frame_index_and_fps
'-aNfi7CP8vM_7,'-aNfi7CP8vM,7,47,8.052666666666667,8.224,0,1,1,128842,131584,2742,241,247,5,inferred_uniform_text_timing,ffmpeg_audio_sample_rate,video_frame_index_and_fps
'-aNfi7CP8vM_7,'-aNfi7CP8vM,7,48,8.224,8.395333333333333,1,1,1,131584,134325,2741,246,252,5,inferred_uniform_text_timing,ffmpeg_audio_sample_rate,video_frame_index_and_fps
'-aNfi7CP8vM_7,'-aNfi7CP8vM,7,49,8.395333333333333,8.566666666666666,0,1,1,134325,137066,2278,251,257,5,inferred_uniform_text_timing,ffmpeg_audio_sample_rate,video_frame_index_and_fps
'-aqamKhZ1Ec_0,'-aqamKhZ1Ec,0,0,0.0,0.21933333333333332,0,1,1,0,3509,3509,0,7,7,inferred_uniform_text_timing,ffmpeg_audio_sample_rate,video_frame_index_and_fps
'-aqamKhZ1Ec_0,'-aqamKhZ1Ec,0,1,0.21933333333333332,0.43866666666666665,1,1,1,3509,7018,3509,6,14,7,inferred_uniform_text_timing,ffmpeg_audio_sample_rate,video_frame_index_and_fps
'-aqamKhZ1Ec_0,'-aqamKhZ1Ec,0,2,0.43866666666666665,0.6579999999999999,0,1,1,7018,10527,3509,13,20,6,inferred_uniform_text_timing,ffmpeg_audio_sample_rate,video_frame_index_and_fps
'-aqamKhZ1Ec_0,'-aqamKhZ1Ec,0,3,0.6579999999999999,0.8773333333333333,0,1,1,10527,14037,3510,19,27,7,inferred_uniform_text_timing,ffmpeg_audio_sample_rate,video_frame_index_and_fps
'-aqamKhZ1Ec_0,'-aqamKhZ1Ec,0,4,0.8773333333333333,1.0966666666666667,1,1,1,14037,17546,3509,26,33,6,inferred_uniform_text_timing,ffmpeg_audio_sample_rate,video_frame_index_and_fps
'-aqamKhZ1Ec_0,'-aqamKhZ1Ec,0,5,1.0966666666666667,1.3159999999999998,0,1,1,17546,21055,3509,32,40,7,inferred_uniform_text_timing,ffmpeg_audio_sample_rate,video_frame_index_and_fps
'-aqamKhZ1Ec_0,'-aqamKhZ1Ec,0,6,1.3159999999999998,1.5353333333333332,0,1,1,21055,24565,3510,39,47,7,inferred_uniform_text_timing,ffmpeg_audio_sample_rate,video_frame_index_and_fps
'-aqamKhZ1Ec_0,'-aqamKhZ1Ec,0,7,1.5353333333333332,1.7546666666666666,1,1,1,24565,28074,3509,46,53,6,inferred_uniform_text_timing,ffmpeg_audio_sample_rate,video_frame_index_and_fps
'-aqamKhZ1Ec_0,'-aqamKhZ1Ec,0,8,1.7546666666666666,1.974,0,1,1,28074,31584,3510,52,60,7,inferred_uniform_text_timing,ffmpeg_audio_sample_rate,video_frame_index_and_fps
'-aqamKhZ1Ec_0,'-aqamKhZ1Ec,0,9,1.974,2.1933333333333334,0,1,1,31584,35093,3509,59,66,6,inferred_uniform_text_timing,ffmpeg_audio_sample_rate,video_frame_index_and_fps
'-aqamKhZ1Ec_0,'-aqamKhZ1Ec,0,10,2.1933333333333334,2.412666666666667,1,1,1,35093,38602,3509,65,73,7,inferred_uniform_text_timing,ffmpeg_audio_sample_rate,video_frame_index_and_fps
'-aqamKhZ1Ec_0,'-aqamKhZ1Ec,0,11,2.412666666666667,2.6319999999999997,0,1,1,38602,42111,3509,72,79,6,inferred_uniform_text_timing,ffmpeg_audio_sample_rate,video_frame_index_and_fps
'-aqamKhZ1Ec_0,'-aqamKhZ1Ec,0,12,2.6319999999999997,2.8513333333333333,0,1,1,42111,45621,3510,78,86,7,inferred_uniform_text_timing,ffmpeg_audio_sample_rate,video_frame_index_and_fps
'-aqamKhZ1Ec_0,'-aqamKhZ1Ec,0,13,2.8513333333333333,3.0706666666666664,0,1,1,45621,49130,3509,85,93,7,inferred_uniform_text_timing,ffmpeg_audio_sample_rate,video_frame_index_and_fps
'-aqamKhZ1Ec_0,'-aqamKhZ1Ec,0,14,3.0706666666666664,3.29,1,1,1,49130,52640,3510,92,99,6,inferred_uniform_text_timing,ffmpeg_audio_sample_rate,video_frame_index_and_fps
'-aqamKhZ1Ec_0,'-aqamKhZ1Ec,0,15,3.29,3.509333333333333,0,1,1,52640,56149,3509,98,106,7,inferred_uniform_text_timing,ffmpeg_audio_sample_rate,video_frame_index_and_fps
'-aqamKhZ1Ec_0,'-aqamKhZ1Ec,0,16,3.509333333333333,3.728666666666667,0,1,1,56149,59658,3509,105,112,6,inferred_uniform_text_timing,ffmpeg_audio_sample_rate,video_frame_index_and_fps
'-aqamKhZ1Ec_0,'-aqamKhZ1Ec,0,17,3.728666666666667,3.948,1,1,1,59658,63168,3510,111,119,7,inferred_uniform_text_timing,ffmpeg_audio_sample_rate,video_frame_index_and_fps
'-aqamKhZ1Ec_0,'-aqamKhZ1Ec,0,18,3.948,4.167333333333334,0,1,1,63168,66677,3509,118,126,7,inferred_uniform_text_timing,ffmpeg_audio_sample_rate,video_frame_index_and_fps
'-aqamKhZ1Ec_0,'-aqamKhZ1Ec,0,19,4.167333333333334,4.386666666666667,0,1,1,66677,70186,3509,125,132,6,inferred_uniform_text_timing,ffmpeg_audio_sample_rate,video_frame_index_and_fps
'-aqamKhZ1Ec_0,'-aqamKhZ1Ec,0,20,4.386666666666667,4.606,1,1,1,70186,73696,3510,131,139,7,inferred_uniform_text_timing,ffmpeg_audio_sample_rate,video_frame_index_and_fps
'-aqamKhZ1Ec_0,'-aqamKhZ1Ec,0,21,4.606,4.825333333333334,0,1,1,73696,77205,3509,138,145,6,inferred_uniform_text_timing,ffmpeg_audio_sample_rate,video_frame_index_and_fps
'-aqamKhZ1Ec_0,'-aqamKhZ1Ec,0,22,4.825333333333334,5.044666666666667,0,1,1,77205,80714,3509,144,152,7,inferred_uniform_text_timing,ffmpeg_audio_sample_rate,video_frame_index_and_fps
'-aqamKhZ1Ec_0,'-aqamKhZ1Ec,0,23,5.044666666666667,5.263999999999999,1,1,1,80714,84223,3509,151,158,6,inferred_uniform_text_timing,ffmpeg_audio_sample_rate,video_frame_index_and_fps
'-aqamKhZ1Ec_0,'-aqamKhZ1Ec,0,24,5.263999999999999,5.483333333333333,0,1,1,84223,87733,3510,157,165,7,inferred_uniform_text_timing,ffmpeg_audio_sample_rate,video_frame_index_and_fps
'-aqamKhZ1Ec_0,'-aqamKhZ1Ec,0,25,5.483333333333333,5.7026666666666666,0,1,1,87733,91242,3509,164,172,7,inferred_uniform_text_timing,ffmpeg_audio_sample_rate,video_frame_index_and_fps
'-aqamKhZ1Ec_0,'-aqamKhZ1Ec,0,26,5.7026666666666666,5.922000000000001,1,1,1,91242,94752,3510,171,178,6,inferred_uniform_text_timing,ffmpeg_audio_sample_rate,video_frame_index_and_fps
'-aqamKhZ1Ec_0,'-aqamKhZ1Ec,0,27,5.922000000000001,6.141333333333333,0,1,1,94752,98261,3509,177,185,7,inferred_uniform_text_timing,ffmpeg_audio_sample_rate,video_frame_index_and_fps
'-aqamKhZ1Ec_0,'-aqamKhZ1Ec,0,28,6.141333333333333,6.360666666666667,0,1,1,98261,101770,3509,184,191,6,inferred_uniform_text_timing,ffmpeg_audio_sample_rate,video_frame_index_and_fps
'-aqamKhZ1Ec_0,'-aqamKhZ1Ec,0,29,6.360666666666667,6.58,1,1,1,101770,105280,3510,190,198,7,inferred_uniform_text_timing,ffmpeg_audio_sample_rate,video_frame_index_and_fps
'-aqamKhZ1Ec_0,'-aqamKhZ1Ec,0,30,6.58,6.799333333333334,0,1,1,105280,108789,3509,197,204,6,inferred_uniform_text_timing,ffmpeg_audio_sample_rate,video_frame_index_and_fps
'-aqamKhZ1Ec_0,'-aqamKhZ1Ec,0,31,6.799333333333334,7.018666666666666,0,1,1,108789,112298,3509,203,211,7,inferred_uniform_text_timing,ffmpeg_audio_sample_rate,video_frame_index_and_fps
'-aqamKhZ1Ec_0,'-aqamKhZ1Ec,0,32,7.018666666666666,7.2379999999999995,1,1,1,112298,115808,3510,210,218,7,inferred_uniform_text_timing,ffmpeg_audio_sample_rate,video_frame_index_and_fps
'-aqamKhZ1Ec_0,'-aqamKhZ1Ec,0,33,7.2379999999999995,7.457333333333334,0,1,1,115808,119317,3509,217,224,6,inferred_uniform_text_timing,ffmpeg_audio_sample_rate,video_frame_index_and_fps
'-aqamKhZ1Ec_0,'-aqamKhZ1Ec,0,34,7.457333333333334,7.676666666666666,0,1,1,119317,122826,3509,223,231,7,inferred_uniform_text_timing,ffmpeg_audio_sample_rate,video_frame_index_and_fps
'-aqamKhZ1Ec_0,'-aqamKhZ1Ec,0,35,7.676666666666666,7.896,1,1,1,122826,126336,3510,230,237,6,inferred_uniform_text_timing,ffmpeg_audio_sample_rate,video_frame_index_and_fps
'-aqamKhZ1Ec_0,'-aqamKhZ1Ec,0,36,7.896,8.115333333333332,0,1,1,126336,129845,3509,236,244,7,inferred_uniform_text_timing,ffmpeg_audio_sample_rate,video_frame_index_and_fps
'-aqamKhZ1Ec_0,'-aqamKhZ1Ec,0,37,8.115333333333332,8.334666666666667,0,1,1,129845,133354,3509,243,251,7,inferred_uniform_text_timing,ffmpeg_audio_sample_rate,video_frame_index_and_fps
'-aqamKhZ1Ec_0,'-aqamKhZ1Ec,0,38,8.334666666666667,8.554,0,1,1,133354,136864,3510,250,257,6,inferred_uniform_text_timing,ffmpeg_audio_sample_rate,video_frame_index_and_fps
'-aqamKhZ1Ec_0,'-aqamKhZ1Ec,0,39,8.554,8.773333333333333,1,1,1,136864,140373,3509,256,264,7,inferred_uniform_text_timing,ffmpeg_audio_sample_rate,video_frame_index_and_fps
'-aqamKhZ1Ec_0,'-aqamKhZ1Ec,0,40,8.773333333333333,8.992666666666667,0,1,1,140373,143882,3509,263,270,6,inferred_uniform_text_timing,ffmpeg_audio_sample_rate,video_frame_index_and_fps
'-aqamKhZ1Ec_0,'-aqamKhZ1Ec,0,41,8.992666666666667,9.212,0,1,1,143882,147392,3510,269,277,7,inferred_uniform_text_timing,ffmpeg_audio_sample_rate,video_frame_index_and_fps
'-aqamKhZ1Ec_0,'-aqamKhZ1Ec,0,42,9.212,9.431333333333333,1,1,1,147392,150901,3509,276,283,6,inferred_uniform_text_timing,ffmpeg_audio_sample_rate,video_frame_index_and_fps
'-aqamKhZ1Ec_0,'-aqamKhZ1Ec,0,43,9.431333333333333,9.650666666666668,0,1,1,150901,154410,3509,282,290,7,inferred_uniform_text_timing,ffmpeg_audio_sample_rate,video_frame_index_and_fps
'-aqamKhZ1Ec_0,'-aqamKhZ1Ec,0,44,9.650666666666668,9.87,0,1,1,154410,157920,3510,289,297,7,inferred_uniform_text_timing,ffmpeg_audio_sample_rate,video_frame_index_and_fps
'-aqamKhZ1Ec_0,'-aqamKhZ1Ec,0,45,9.87,10.089333333333334,1,1,1,157920,161429,3509,296,303,6,inferred_uniform_text_timing,ffmpeg_audio_sample_rate,video_frame_index_and_fps
'-aqamKhZ1Ec_0,'-aqamKhZ1Ec,0,46,10.089333333333334,10.308666666666667,0,1,1,161429,164938,3509,302,310,7,inferred_uniform_text_timing,ffmpeg_audio_sample_rate,video_frame_index_and_fps
'-aqamKhZ1Ec_0,'-aqamKhZ1Ec,0,47,10.308666666666667,10.527999999999999,0,1,1,164938,168447,3509,309,316,6,inferred_uniform_text_timing,ffmpeg_audio_sample_rate,video_frame_index_and_fps
'-aqamKhZ1Ec_0,'-aqamKhZ1Ec,0,48,10.527999999999999,10.747333333333334,1,1,1,168447,171957,3510,315,323,7,inferred_uniform_text_timing,ffmpeg_audio_sample_rate,video_frame_index_and_fps
'-aqamKhZ1Ec_0,'-aqamKhZ1Ec,0,49,10.747333333333334,10.966666666666667,0,1,1,171957,175466,2286,322,329,6,inferred_uniform_text_timing,ffmpeg_audio_sample_rate,video_frame_index_and_fps
'-dxfTGcXJoc_1,'-dxfTGcXJoc,1,0,0.0,0.3213333333333333,1,1,1,0,5141,5141,0,10,10,inferred_uniform_text_timing,ffmpeg_audio_sample_rate,video_frame_index_and_fps
'-dxfTGcXJoc_1,'-dxfTGcXJoc,1,1,0.3213333333333333,0.6426666666666666,1,1,1,5141,10282,5141,9,20,10,inferred_uniform_text_timing,ffmpeg_audio_sample_rate,video_frame_index_and_fps
'-dxfTGcXJoc_1,'-dxfTGcXJoc,1,2,0.6426666666666666,0.9640000000000001,1,1,1,10282,15424,5142,19,29,9,inferred_uniform_text_timing,ffmpeg_audio_sample_rate,video_frame_index_and_fps
'-dxfTGcXJoc_1,'-dxfTGcXJoc,1,3,0.9640000000000001,1.2853333333333332,0,1,1,15424,20565,5141,28,39,10,inferred_uniform_text_timing,ffmpeg_audio_sample_rate,video_frame_index_and_fps
'-dxfTGcXJoc_1,'-dxfTGcXJoc,1,4,1.2853333333333332,1.6066666666666665,1,1,1,20565,25706,5141,38,49,10,inferred_uniform_text_timing,ffmpeg_audio_sample_rate,video_frame_index_and_fps
'-dxfTGcXJoc_1,'-dxfTGcXJoc,1,5,1.6066666666666665,1.9280000000000002,1,1,1,25706,30848,5142,48,58,9,inferred_uniform_text_timing,ffmpeg_audio_sample_rate,video_frame_index_and_fps
'-dxfTGcXJoc_1,'-dxfTGcXJoc,1,6,1.9280000000000002,2.2493333333333334,1,1,1,30848,35989,5141,57,68,10,inferred_uniform_text_timing,ffmpeg_audio_sample_rate,video_frame_index_and_fps
'-dxfTGcXJoc_1,'-dxfTGcXJoc,1,7,2.2493333333333334,2.5706666666666664,1,1,1,35989,41130,5141,67,78,10,inferred_uniform_text_timing,ffmpeg_audio_sample_rate,video_frame_index_and_fps
'-dxfTGcXJoc_1,'-dxfTGcXJoc,1,8,2.5706666666666664,2.892,1,1,1,41130,46272,5142,77,87,9,inferred_uniform_text_timing,ffmpeg_audio_sample_rate,video_frame_index_and_fps
'-dxfTGcXJoc_1,'-dxfTGcXJoc,1,9,2.892,3.213333333333333,0,1,1,46272,51413,5141,86,97,10,inferred_uniform_text_timing,ffmpeg_audio_sample_rate,video_frame_index_and_fps
'-dxfTGcXJoc_1,'-dxfTGcXJoc,1,10,3.213333333333333,3.5346666666666664,1,1,1,51413,56554,5141,96,107,10,inferred_uniform_text_timing,ffmpeg_audio_sample_rate,video_frame_index_and_fps
'-dxfTGcXJoc_1,'-dxfTGcXJoc,1,11,3.5346666666666664,3.8560000000000003,1,1,1,56554,61696,5142,106,116,9,inferred_uniform_text_timing,ffmpeg_audio_sample_rate,video_frame_index_and_fps
'-dxfTGcXJoc_1,'-dxfTGcXJoc,1,12,3.8560000000000003,4.177333333333333,1,1,1,61696,66837,5141,115,126,10,inferred_uniform_text_timing,ffmpeg_audio_sample_rate,video_frame_index_and_fps
'-dxfTGcXJoc_1,'-dxfTGcXJoc,1,13,4.177333333333333,4.498666666666667,1,1,1,66837,71978,5141,125,135,9,inferred_uniform_text_timing,ffmpeg_audio_sample_rate,video_frame_index_and_fps
'-dxfTGcXJoc_1,'-dxfTGcXJoc,1,14,4.498666666666667,4.82,1,1,1,71978,77120,5142,134,145,10,inferred_uniform_text_timing,ffmpeg_audio_sample_rate,video_frame_index_and_fps
'-dxfTGcXJoc_1,'-dxfTGcXJoc,1,15,4.82,5.141333333333333,0,1,1,77120,82261,5141,144,155,10,inferred_uniform_text_timing,ffmpeg_audio_sample_rate,video_frame_index_and_fps
'-dxfTGcXJoc_1,'-dxfTGcXJoc,1,16,5.141333333333333,5.462666666666666,1,1,1,82261,87402,5141,154,164,9,inferred_uniform_text_timing,ffmpeg_audio_sample_rate,video_frame_index_and_fps
'-dxfTGcXJoc_1,'-dxfTGcXJoc,1,17,5.462666666666666,5.784,1,1,1,87402,92544,5142,163,174,10,inferred_uniform_text_timing,ffmpeg_audio_sample_rate,video_frame_index_and_fps
'-dxfTGcXJoc_1,'-dxfTGcXJoc,1,18,5.784,6.105333333333333,1,1,1,92544,97685,5141,173,184,10,inferred_uniform_text_timing,ffmpeg_audio_sample_rate,video_frame_index_and_fps
'-dxfTGcXJoc_1,'-dxfTGcXJoc,1,19,6.105333333333333,6.426666666666666,1,1,1,97685,102826,5141,183,193,9,inferred_uniform_text_timing,ffmpeg_audio_sample_rate,video_frame_index_and_fps
'-dxfTGcXJoc_1,'-dxfTGcXJoc,1,20,6.426666666666666,6.747999999999999,1,1,1,102826,107967,5141,192,203,10,inferred_uniform_text_timing,ffmpeg_audio_sample_rate,video_frame_index_and_fps
'-dxfTGcXJoc_1,'-dxfTGcXJoc,1,21,6.747999999999999,7.069333333333333,0,1,1,107967,113109,5142,202,213,10,inferred_uniform_text_timing,ffmpeg_audio_sample_rate,video_frame_index_and_fps
'-dxfTGcXJoc_1,'-dxfTGcXJoc,1,22,7.069333333333333,7.390666666666666,1,1,1,113109,118250,5141,212,222,9,inferred_uniform_text_timing,ffmpeg_audio_sample_rate,video_frame_index_and_fps
'-dxfTGcXJoc_1,'-dxfTGcXJoc,1,23,7.390666666666666,7.712000000000001,1,1,1,118250,123392,5142,221,232,10,inferred_uniform_text_timing,ffmpeg_audio_sample_rate,video_frame_index_and_fps
'-dxfTGcXJoc_1,'-dxfTGcXJoc,1,24,7.712000000000001,8.033333333333333,1,1,1,123392,128533,5141,231,241,9,inferred_uniform_text_timing,ffmpeg_audio_sample_rate,video_frame_index_and_fps
'-dxfTGcXJoc_1,'-dxfTGcXJoc,1,25,8.033333333333333,8.354666666666667,1,1,1,128533,133674,5141,241,251,10,inferred_uniform_text_timing,ffmpeg_audio_sample_rate,video_frame_index_and_fps
'-dxfTGcXJoc_1,'-dxfTGcXJoc,1,26,8.354666666666667,8.676,1,1,1,133674,138816,5142,250,261,10,inferred_uniform_text_timing,ffmpeg_audio_sample_rate,video_frame_index_and_fps
'-dxfTGcXJoc_1,'-dxfTGcXJoc,1,27,8.676,8.997333333333334,1,1,1,138816,143957,5141,260,270,9,inferred_uniform_text_timing,ffmpeg_audio_sample_rate,video_frame_index_and_fps
'-dxfTGcXJoc_1,'-dxfTGcXJoc,1,28,8.997333333333334,9.318666666666667,0,1,1,143957,149098,5141,269,280,10,inferred_uniform_text_timing,ffmpeg_audio_sample_rate,video_frame_index_and_fps
'-dxfTGcXJoc_1,'-dxfTGcXJoc,1,29,9.318666666666667,9.64,1,1,1,149098,154240,5142,279,290,10,inferred_uniform_text_timing,ffmpeg_audio_sample_rate,video_frame_index_and_fps
'-dxfTGcXJoc_1,'-dxfTGcXJoc,1,30,9.64,9.961333333333334,1,1,1,154240,159381,5141,289,299,9,inferred_uniform_text_timing,ffmpeg_audio_sample_rate,video_frame_index_and_fps
'-dxfTGcXJoc_1,'-dxfTGcXJoc,1,31,9.961333333333334,10.282666666666666,1,1,1,159381,164522,5141,298,309,10,inferred_uniform_text_timing,ffmpeg_audio_sample_rate,video_frame_index_and_fps
'-dxfTGcXJoc_1,'-dxfTGcXJoc,1,32,10.282666666666666,10.604000000000001,1,1,1,164522,169664,5142,308,319,10,inferred_uniform_text_timing,ffmpeg_audio_sample_rate,video_frame_index_and_fps
'-dxfTGcXJoc_1,'-dxfTGcXJoc,1,33,10.604000000000001,10.925333333333333,1,1,1,169664,174805,5141,318,328,9,inferred_uniform_text_timing,ffmpeg_audio_sample_rate,video_frame_index_and_fps
'-dxfTGcXJoc_1,'-dxfTGcXJoc,1,34,10.925333333333333,11.246666666666668,0,1,1,174805,179946,5141,327,338,10,inferred_uniform_text_timing,ffmpeg_audio_sample_rate,video_frame_index_and_fps
'-dxfTGcXJoc_1,'-dxfTGcXJoc,1,35,11.246666666666668,11.568,1,1,1,179946,185088,5142,337,348,10,inferred_uniform_text_timing,ffmpeg_audio_sample_rate,video_frame_index_and_fps
'-dxfTGcXJoc_1,'-dxfTGcXJoc,1,36,11.568,11.889333333333333,1,1,1,185088,190229,5141,347,357,9,inferred_uniform_text_timing,ffmpeg_audio_sample_rate,video_frame_index_and_fps
'-dxfTGcXJoc_1,'-dxfTGcXJoc,1,37,11.889333333333333,12.210666666666667,1,1,1,190229,195370,5141,356,367,10,inferred_uniform_text_timing,ffmpeg_audio_sample_rate,video_frame_index_and_fps
'-dxfTGcXJoc_1,'-dxfTGcXJoc,1,38,12.210666666666667,12.532,1,1,1,195370,200512,5142,366,376,9,inferred_uniform_text_timing,ffmpeg_audio_sample_rate,video_frame_index_and_fps
'-dxfTGcXJoc_1,'-dxfTGcXJoc,1,39,12.532,12.853333333333332,1,1,1,200512,205653,5141,375,386,10,inferred_uniform_text_timing,ffmpeg_audio_sample_rate,video_frame_index_and_fps
'-dxfTGcXJoc_1,'-dxfTGcXJoc,1,40,12.853333333333332,13.174666666666667,0,1,1,205653,210794,5141,385,396,10,inferred_uniform_text_timing,ffmpeg_audio_sample_rate,video_frame_index_and_fps
'-dxfTGcXJoc_1,'-dxfTGcXJoc,1,41,13.174666666666667,13.495999999999999,1,1,1,210794,215935,5141,395,405,9,inferred_uniform_text_timing,ffmpeg_audio_sample_rate,video_frame_index_and_fps
'-dxfTGcXJoc_1,'-dxfTGcXJoc,1,42,13.495999999999999,13.817333333333334,1,1,1,215935,221077,5142,404,415,10,inferred_uniform_text_timing,ffmpeg_audio_sample_rate,video_frame_index_and_fps
'-dxfTGcXJoc_1,'-dxfTGcXJoc,1,43,13.817333333333334,14.138666666666666,1,1,1,221077,226218,5141,414,425,10,inferred_uniform_text_timing,ffmpeg_audio_sample_rate,video_frame_index_and_fps
'-dxfTGcXJoc_1,'-dxfTGcXJoc,1,44,14.138666666666666,14.46,1,1,1,226218,231360,5142,424,434,9,inferred_uniform_text_timing,ffmpeg_audio_sample_rate,video_frame_index_and_fps
'-dxfTGcXJoc_1,'-dxfTGcXJoc,1,45,14.46,14.781333333333333,1,1,1,231360,236501,5141,433,444,10,inferred_uniform_text_timing,ffmpeg_audio_sample_rate,video_frame_index_and_fps
'-dxfTGcXJoc_1,'-dxfTGcXJoc,1,46,14.781333333333333,15.102666666666666,0,1,1,236501,241642,5141,443,454,10,inferred_uniform_text_timing,ffmpeg_audio_sample_rate,video_frame_index_and_fps
'-dxfTGcXJoc_1,'-dxfTGcXJoc,1,47,15.102666666666666,15.424000000000001,1,1,1,241642,246784,5142,453,463,9,inferred_uniform_text_timing,ffmpeg_audio_sample_rate,video_frame_index_and_fps
'-dxfTGcXJoc_1,'-dxfTGcXJoc,1,48,15.424000000000001,15.745333333333333,1,1,1,246784,251925,5141,462,473,10,inferred_uniform_text_timing,ffmpeg_audio_sample_rate,video_frame_index_and_fps
'-dxfTGcXJoc_1,'-dxfTGcXJoc,1,49,15.745333333333333,16.066666666666666,1,1,1,251925,257066,4365,472,482,9,inferred_uniform_text_timing,ffmpeg_audio_sample_rate,video_frame_index_and_fps
'-dxfTGcXJoc_0,'-dxfTGcXJoc,0,0,0.0,0.41,1,1,1,0,6560,6560,0,13,13,inferred_uniform_text_timing,ffmpeg_audio_sample_rate,video_frame_index_and_fps
'-dxfTGcXJoc_0,'-dxfTGcXJoc,0,1,0.41,0.82,1,1,1,6560,13120,6560,12,25,12,inferred_uniform_text_timing,ffmpeg_audio_sample_rate,video_frame_index_and_fps
'-dxfTGcXJoc_0,'-dxfTGcXJoc,0,2,0.82,1.23,1,1,1,13120,19680,6560,24,37,12,inferred_uniform_text_timing,ffmpeg_audio_sample_rate,video_frame_index_and_fps
'-dxfTGcXJoc_0,'-dxfTGcXJoc,0,3,1.23,1.64,1,1,1,19680,26240,6560,36,50,13,inferred_uniform_text_timing,ffmpeg_audio_sample_rate,video_frame_index_and_fps
'-dxfTGcXJoc_0,'-dxfTGcXJoc,0,4,1.64,2.05,1,1,1,26240,32800,6560,49,62,12,inferred_uniform_text_timing,ffmpeg_audio_sample_rate,video_frame_index_and_fps
'-dxfTGcXJoc_0,'-dxfTGcXJoc,0,5,2.05,2.46,1,1,1,32800,39360,6560,61,74,12,inferred_uniform_text_timing,ffmpeg_audio_sample_rate,video_frame_index_and_fps
'-dxfTGcXJoc_0,'-dxfTGcXJoc,0,6,2.46,2.87,1,1,1,39360,45920,6560,73,87,13,inferred_uniform_text_timing,ffmpeg_audio_sample_rate,video_frame_index_and_fps
'-dxfTGcXJoc_0,'-dxfTGcXJoc,0,7,2.87,3.28,1,1,1,45920,52480,6560,86,99,12,inferred_uniform_text_timing,ffmpeg_audio_sample_rate,video_frame_index_and_fps
'-dxfTGcXJoc_0,'-dxfTGcXJoc,0,8,3.28,3.69,1,1,1,52480,59040,6560,98,111,12,inferred_uniform_text_timing,ffmpeg_audio_sample_rate,video_frame_index_and_fps
'-dxfTGcXJoc_0,'-dxfTGcXJoc,0,9,3.69,4.1,1,1,1,59040,65600,6560,110,123,12,inferred_uniform_text_timing,ffmpeg_audio_sample_rate,video_frame_index_and_fps
'-dxfTGcXJoc_0,'-dxfTGcXJoc,0,10,4.1,4.51,1,1,1,65600,72160,6560,122,136,13,inferred_uniform_text_timing,ffmpeg_audio_sample_rate,video_frame_index_and_fps
'-dxfTGcXJoc_0,'-dxfTGcXJoc,0,11,4.51,4.92,1,1,1,72160,78720,6560,135,148,12,inferred_uniform_text_timing,ffmpeg_audio_sample_rate,video_frame_index_and_fps
'-dxfTGcXJoc_0,'-dxfTGcXJoc,0,12,4.92,5.33,1,1,1,78720,85280,6560,147,160,12,inferred_uniform_text_timing,ffmpeg_audio_sample_rate,video_frame_index_and_fps
'-dxfTGcXJoc_0,'-dxfTGcXJoc,0,13,5.33,5.74,1,1,1,85280,91840,6560,159,173,13,inferred_uniform_text_timing,ffmpeg_audio_sample_rate,video_frame_index_and_fps
'-dxfTGcXJoc_0,'-dxfTGcXJoc,0,14,5.74,6.15,1,1,1,91840,98400,6560,172,185,12,inferred_uniform_text_timing,ffmpeg_audio_sample_rate,video_frame_index_and_fps
'-dxfTGcXJoc_0,'-dxfTGcXJoc,0,15,6.15,6.56,1,1,1,98400,104960,6560,184,197,12,inferred_uniform_text_timing,ffmpeg_audio_sample_rate,video_frame_index_and_fps
'-dxfTGcXJoc_0,'-dxfTGcXJoc,0,16,6.56,6.97,1,1,1,104960,111520,6560,196,210,13,inferred_uniform_text_timing,ffmpeg_audio_sample_rate,video_frame_index_and_fps
'-dxfTGcXJoc_0,'-dxfTGcXJoc,0,17,6.97,7.38,1,1,1,111520,118080,6560,209,222,12,inferred_uniform_text_timing,ffmpeg_audio_sample_rate,video_frame_index_and_fps
'-dxfTGcXJoc_0,'-dxfTGcXJoc,0,18,7.38,7.79,1,1,1,118080,124640,6560,221,234,12,inferred_uniform_text_timing,ffmpeg_audio_sample_rate,video_frame_index_and_fps
'-dxfTGcXJoc_0,'-dxfTGcXJoc,0,19,7.79,8.2,1,1,1,124640,131200,6560,233,246,12,inferred_uniform_text_timing,ffmpeg_audio_sample_rate,video_frame_index_and_fps
'-dxfTGcXJoc_0,'-dxfTGcXJoc,0,20,8.2,8.61,1,1,1,131200,137760,6560,245,259,13,inferred_uniform_text_timing,ffmpeg_audio_sample_rate,video_frame_index_and_fps
'-dxfTGcXJoc_0,'-dxfTGcXJoc,0,21,8.61,9.02,1,1,1,137760,144320,6560,258,271,12,inferred_uniform_text_timing,ffmpeg_audio_sample_rate,video_frame_index_and_fps
'-dxfTGcXJoc_0,'-dxfTGcXJoc,0,22,9.02,9.43,1,1,1,144320,150880,6560,270,283,12,inferred_uniform_text_timing,ffmpeg_audio_sample_rate,video_frame_index_and_fps
'-dxfTGcXJoc_0,'-dxfTGcXJoc,0,23,9.43,9.84,1,1,1,150880,157440,6560,282,296,13,inferred_uniform_text_timing,ffmpeg_audio_sample_rate,video_frame_index_and_fps
'-dxfTGcXJoc_0,'-dxfTGcXJoc,0,24,9.84,10.25,0,1,1,157440,164000,6560,295,308,12,inferred_uniform_text_timing,ffmpeg_audio_sample_rate,video_frame_index_and_fps
'-dxfTGcXJoc_0,'-dxfTGcXJoc,0,25,10.25,10.66,1,1,1,164000,170560,6560,307,320,12,inferred_uniform_text_timing,ffmpeg_audio_sample_rate,video_frame_index_and_fps
'-dxfTGcXJoc_0,'-dxfTGcXJoc,0,26,10.66,11.07,1,1,1,170560,177120,6560,319,333,13,inferred_uniform_text_timing,ffmpeg_audio_sample_rate,video_frame_index_and_fps
'-dxfTGcXJoc_0,'-dxfTGcXJoc,0,27,11.07,11.48,1,1,1,177120,183680,6560,332,345,12,inferred_uniform_text_timing,ffmpeg_audio_sample_rate,video_frame_index_and_fps
'-dxfTGcXJoc_0,'-dxfTGcXJoc,0,28,11.48,11.89,1,1,1,183680,190240,6560,344,357,12,inferred_uniform_text_timing,ffmpeg_audio_sample_rate,video_frame_index_and_fps
'-dxfTGcXJoc_0,'-dxfTGcXJoc,0,29,11.89,12.3,1,1,1,190240,196800,6560,356,369,12,inferred_uniform_text_timing,ffmpeg_audio_sample_rate,video_frame_index_and_fps
'-dxfTGcXJoc_0,'-dxfTGcXJoc,0,30,12.3,12.71,1,1,1,196800,203360,6560,369,382,13,inferred_uniform_text_timing,ffmpeg_audio_sample_rate,video_frame_index_and_fps
'-dxfTGcXJoc_0,'-dxfTGcXJoc,0,31,12.71,13.12,1,1,1,203360,209920,6560,381,394,12,inferred_uniform_text_timing,ffmpeg_audio_sample_rate,video_frame_index_and_fps
'-dxfTGcXJoc_0,'-dxfTGcXJoc,0,32,13.12,13.53,1,1,1,209920,216480,6560,393,406,12,inferred_uniform_text_timing,ffmpeg_audio_sample_rate,video_frame_index_and_fps
'-dxfTGcXJoc_0,'-dxfTGcXJoc,0,33,13.53,13.94,1,1,1,216480,223040,6560,405,419,13,inferred_uniform_text_timing,ffmpeg_audio_sample_rate,video_frame_index_and_fps
'-dxfTGcXJoc_0,'-dxfTGcXJoc,0,34,13.94,14.35,1,1,1,223040,229600,6560,418,431,12,inferred_uniform_text_timing,ffmpeg_audio_sample_rate,video_frame_index_and_fps
'-dxfTGcXJoc_0,'-dxfTGcXJoc,0,35,14.35,14.76,1,1,1,229600,236160,6560,430,443,12,inferred_uniform_text_timing,ffmpeg_audio_sample_rate,video_frame_index_and_fps
'-dxfTGcXJoc_0,'-dxfTGcXJoc,0,36,14.76,15.17,1,1,1,236160,242720,6560,442,456,13,inferred_uniform_text_timing,ffmpeg_audio_sample_rate,video_frame_index_and_fps
'-dxfTGcXJoc_0,'-dxfTGcXJoc,0,37,15.17,15.58,1,1,1,242720,249280,6560,455,468,12,inferred_uniform_text_timing,ffmpeg_audio_sample_rate,video_frame_index_and_fps
'-dxfTGcXJoc_0,'-dxfTGcXJoc,0,38,15.58,15.99,1,1,1,249280,255840,6560,467,480,12,inferred_uniform_text_timing,ffmpeg_audio_sample_rate,video_frame_index_and_fps
'-dxfTGcXJoc_0,'-dxfTGcXJoc,0,39,15.99,16.4,1,1,1,255840,262400,6560,479,492,12,inferred_uniform_text_timing,ffmpeg_audio_sample_rate,video_frame_index_and_fps
'-dxfTGcXJoc_0,'-dxfTGcXJoc,0,40,16.4,16.81,1,1,1,262400,268960,6560,491,505,13,inferred_uniform_text_timing,ffmpeg_audio_sample_rate,video_frame_index_and_fps
'-dxfTGcXJoc_0,'-dxfTGcXJoc,0,41,16.81,17.22,1,1,1,268960,275520,6560,504,517,12,inferred_uniform_text_timing,ffmpeg_audio_sample_rate,video_frame_index_and_fps
'-dxfTGcXJoc_0,'-dxfTGcXJoc,0,42,17.22,17.63,1,1,1,275520,282080,6560,516,529,12,inferred_uniform_text_timing,ffmpeg_audio_sample_rate,video_frame_index_and_fps
'-dxfTGcXJoc_0,'-dxfTGcXJoc,0,43,17.63,18.04,1,1,1,282080,288640,6560,528,542,13,inferred_uniform_text_timing,ffmpeg_audio_sample_rate,video_frame_index_and_fps
'-dxfTGcXJoc_0,'-dxfTGcXJoc,0,44,18.04,18.45,1,1,1,288640,295200,6560,541,554,12,inferred_uniform_text_timing,ffmpeg_audio_sample_rate,video_frame_index_and_fps
'-dxfTGcXJoc_0,'-dxfTGcXJoc,0,45,18.45,18.86,1,1,1,295200,301760,6560,553,566,12,inferred_uniform_text_timing,ffmpeg_audio_sample_rate,video_frame_index_and_fps
'-dxfTGcXJoc_0,'-dxfTGcXJoc,0,46,18.86,19.27,1,1,1,301760,308320,6560,565,579,13,inferred_uniform_text_timing,ffmpeg_audio_sample_rate,video_frame_index_and_fps
'-dxfTGcXJoc_0,'-dxfTGcXJoc,0,47,19.27,19.68,1,1,1,308320,314880,6560,578,591,12,inferred_uniform_text_timing,ffmpeg_audio_sample_rate,video_frame_index_and_fps
'-dxfTGcXJoc_0,'-dxfTGcXJoc,0,48,19.68,20.09,1,1,1,314880,321440,6560,590,603,12,inferred_uniform_text_timing,ffmpeg_audio_sample_rate,video_frame_index_and_fps
'-dxfTGcXJoc_0,'-dxfTGcXJoc,0,49,20.09,20.5,1,1,1,321440,328000,5126,602,615,12,inferred_uniform_text_timing,ffmpeg_audio_sample_rate,video_frame_index_and_fps
'-dxfTGcXJoc_2,'-dxfTGcXJoc,2,0,0.0,0.33333333333333337,1,1,1,0,5333,5333,0,11,10,inferred_uniform_text_timing,ffmpeg_audio_sample_rate,video_frame_index_and_fps
'-dxfTGcXJoc_2,'-dxfTGcXJoc,2,1,0.33333333333333337,0.6666666666666667,1,1,1,5333,10666,5333,10,21,10,inferred_uniform_text_timing,ffmpeg_audio_sample_rate,video_frame_index_and_fps
'-dxfTGcXJoc_2,'-dxfTGcXJoc,2,2,0.6666666666666667,1.0,0,1,1,10666,16000,5334,20,30,10,inferred_uniform_text_timing,ffmpeg_audio_sample_rate,video_frame_index_and_fps
'-dxfTGcXJoc_2,'-dxfTGcXJoc,2,3,1.0,1.3333333333333335,1,1,1,16000,21333,5333,30,41,10,inferred_uniform_text_timing,ffmpeg_audio_sample_rate,video_frame_index_and_fps
'-dxfTGcXJoc_2,'-dxfTGcXJoc,2,4,1.3333333333333335,1.666666666666667,1,1,1,21333,26666,5333,40,51,10,inferred_uniform_text_timing,ffmpeg_audio_sample_rate,video_frame_index_and_fps
'-dxfTGcXJoc_2,'-dxfTGcXJoc,2,5,1.666666666666667,2.0,1,1,1,26666,32000,5334,50,60,10,inferred_uniform_text_timing,ffmpeg_audio_sample_rate,video_frame_index_and_fps
'-dxfTGcXJoc_2,'-dxfTGcXJoc,2,6,2.0,2.3333333333333335,0,1,1,32000,37333,5333,60,70,10,inferred_uniform_text_timing,ffmpeg_audio_sample_rate,video_frame_index_and_fps
'-dxfTGcXJoc_2,'-dxfTGcXJoc,2,7,2.3333333333333335,2.666666666666667,1,1,1,37333,42666,5333,70,81,10,inferred_uniform_text_timing,ffmpeg_audio_sample_rate,video_frame_index_and_fps
'-dxfTGcXJoc_2,'-dxfTGcXJoc,2,8,2.666666666666667,3.0,1,1,1,42666,48000,5334,80,90,10,inferred_uniform_text_timing,ffmpeg_audio_sample_rate,video_frame_index_and_fps
'-dxfTGcXJoc_2,'-dxfTGcXJoc,2,9,3.0,3.333333333333334,1,1,1,48000,53333,5333,90,101,10,inferred_uniform_text_timing,ffmpeg_audio_sample_rate,video_frame_index_and_fps
'-dxfTGcXJoc_2,'-dxfTGcXJoc,2,10,3.333333333333334,3.666666666666667,1,1,1,53333,58666,5333,100,111,10,inferred_uniform_text_timing,ffmpeg_audio_sample_rate,video_frame_index_and_fps
'-dxfTGcXJoc_2,'-dxfTGcXJoc,2,11,3.666666666666667,4.0,0,1,1,58666,64000,5334,110,120,10,inferred_uniform_text_timing,ffmpeg_audio_sample_rate,video_frame_index_and_fps
'-dxfTGcXJoc_2,'-dxfTGcXJoc,2,12,4.0,4.333333333333334,1,1,1,64000,69333,5333,120,131,10,inferred_uniform_text_timing,ffmpeg_audio_sample_rate,video_frame_index_and_fps
'-dxfTGcXJoc_2,'-dxfTGcXJoc,2,13,4.333333333333334,4.666666666666667,1,1,1,69333,74666,5333,130,140,10,inferred_uniform_text_timing,ffmpeg_audio_sample_rate,video_frame_index_and_fps
'-dxfTGcXJoc_2,'-dxfTGcXJoc,2,14,4.666666666666667,5.000000000000001,1,1,1,74666,80000,5334,140,151,10,inferred_uniform_text_timing,ffmpeg_audio_sample_rate,video_frame_index_and_fps
'-dxfTGcXJoc_2,'-dxfTGcXJoc,2,15,5.000000000000001,5.333333333333334,0,1,1,80000,85333,5333,150,161,10,inferred_uniform_text_timing,ffmpeg_audio_sample_rate,video_frame_index_and_fps
'-dxfTGcXJoc_2,'-dxfTGcXJoc,2,16,5.333333333333334,5.666666666666668,1,1,1,85333,90666,5333,160,171,10,inferred_uniform_text_timing,ffmpeg_audio_sample_rate,video_frame_index_and_fps
'-dxfTGcXJoc_2,'-dxfTGcXJoc,2,17,5.666666666666668,6.0,1,1,1,90666,96000,5334,170,180,10,inferred_uniform_text_timing,ffmpeg_audio_sample_rate,video_frame_index_and_fps
'-dxfTGcXJoc_2,'-dxfTGcXJoc,2,18,6.0,6.333333333333334,1,1,1,96000,101333,5333,180,191,10,inferred_uniform_text_timing,ffmpeg_audio_sample_rate,video_frame_index_and_fps
'-dxfTGcXJoc_2,'-dxfTGcXJoc,2,19,6.333333333333334,6.666666666666668,1,1,1,101333,106666,5333,190,201,10,inferred_uniform_text_timing,ffmpeg_audio_sample_rate,video_frame_index_and_fps
'-dxfTGcXJoc_2,'-dxfTGcXJoc,2,20,6.666666666666668,7.0,0,1,1,106666,112000,5334,200,210,10,inferred_uniform_text_timing,ffmpeg_audio_sample_rate,video_frame_index_and_fps
'-dxfTGcXJoc_2,'-dxfTGcXJoc,2,21,7.0,7.333333333333334,1,1,1,112000,117333,5333,210,221,10,inferred_uniform_text_timing,ffmpeg_audio_sample_rate,video_frame_index_and_fps
'-dxfTGcXJoc_2,'-dxfTGcXJoc,2,22,7.333333333333334,7.666666666666668,1,1,1,117333,122666,5333,220,231,10,inferred_uniform_text_timing,ffmpeg_audio_sample_rate,video_frame_index_and_fps
'-dxfTGcXJoc_2,'-dxfTGcXJoc,2,23,7.666666666666668,8.0,1,1,1,122666,128000,5334,230,240,10,inferred_uniform_text_timing,ffmpeg_audio_sample_rate,video_frame_index_and_fps
'-dxfTGcXJoc_2,'-dxfTGcXJoc,2,24,8.0,8.333333333333334,0,1,1,128000,133333,5333,240,251,10,inferred_uniform_text_timing,ffmpeg_audio_sample_rate,video_frame_index_and_fps
'-dxfTGcXJoc_2,'-dxfTGcXJoc,2,25,8.333333333333334,8.666666666666668,1,1,1,133333,138666,5333,250,261,10,inferred_uniform_text_timing,ffmpeg_audio_sample_rate,video_frame_index_and_fps
'-dxfTGcXJoc_2,'-dxfTGcXJoc,2,26,8.666666666666668,9.000000000000002,1,1,1,138666,144000,5334,260,271,10,inferred_uniform_text_timing,ffmpeg_audio_sample_rate,video_frame_index_and_fps
'-dxfTGcXJoc_2,'-dxfTGcXJoc,2,27,9.000000000000002,9.333333333333334,1,1,1,144000,149333,5333,270,280,10,inferred_uniform_text_timing,ffmpeg_audio_sample_rate,video_frame_index_and_fps
'-dxfTGcXJoc_2,'-dxfTGcXJoc,2,28,9.333333333333334,9.666666666666668,1,1,1,149333,154666,5333,280,291,11,inferred_uniform_text_timing,ffmpeg_audio_sample_rate,video_frame_index_and_fps
'-dxfTGcXJoc_2,'-dxfTGcXJoc,2,29,9.666666666666668,10.000000000000002,0,1,1,154666,160000,5334,290,301,9,inferred_uniform_text_timing,ffmpeg_audio_sample_rate,video_frame_index_and_fps
'-dxfTGcXJoc_2,'-dxfTGcXJoc,2,30,10.000000000000002,10.333333333333336,1,1,1,160000,165333,5333,300,311,10,inferred_uniform_text_timing,ffmpeg_audio_sample_rate,video_frame_index_and_fps
'-dxfTGcXJoc_2,'-dxfTGcXJoc,2,31,10.333333333333336,10.666666666666668,1,1,1,165333,170666,5333,310,321,10,inferred_uniform_text_timing,ffmpeg_audio_sample_rate,video_frame_index_and_fps
'-dxfTGcXJoc_2,'-dxfTGcXJoc,2,32,10.666666666666668,11.0,1,1,1,170666,176000,5334,320,330,10,inferred_uniform_text_timing,ffmpeg_audio_sample_rate,video_frame_index_and_fps
'-dxfTGcXJoc_2,'-dxfTGcXJoc,2,33,11.0,11.333333333333336,1,1,1,176000,181333,5333,330,341,10,inferred_uniform_text_timing,ffmpeg_audio_sample_rate,video_frame_index_and_fps
'-dxfTGcXJoc_2,'-dxfTGcXJoc,2,34,11.333333333333336,11.666666666666668,0,1,1,181333,186666,5333,340,351,10,inferred_uniform_text_timing,ffmpeg_audio_sample_rate,video_frame_index_and_fps
'-dxfTGcXJoc_2,'-dxfTGcXJoc,2,35,11.666666666666668,12.0,1,1,1,186666,192000,5334,350,360,10,inferred_uniform_text_timing,ffmpeg_audio_sample_rate,video_frame_index_and_fps
'-dxfTGcXJoc_2,'-dxfTGcXJoc,2,36,12.0,12.333333333333336,1,1,1,192000,197333,5333,360,371,10,inferred_uniform_text_timing,ffmpeg_audio_sample_rate,video_frame_index_and_fps
'-dxfTGcXJoc_2,'-dxfTGcXJoc,2,37,12.333333333333336,12.666666666666668,1,1,1,197333,202666,5333,370,381,10,inferred_uniform_text_timing,ffmpeg_audio_sample_rate,video_frame_index_and_fps
'-dxfTGcXJoc_2,'-dxfTGcXJoc,2,38,12.666666666666668,13.0,0,1,1,202666,208000,5334,380,390,10,inferred_uniform_text_timing,ffmpeg_audio_sample_rate,video_frame_index_and_fps
'-dxfTGcXJoc_2,'-dxfTGcXJoc,2,39,13.0,13.333333333333336,1,1,1,208000,213333,5333,390,401,10,inferred_uniform_text_timing,ffmpeg_audio_sample_rate,video_frame_index_and_fps
'-dxfTGcXJoc_2,'-dxfTGcXJoc,2,40,13.333333333333336,13.666666666666668,1,1,1,213333,218666,5333,400,411,10,inferred_uniform_text_timing,ffmpeg_audio_sample_rate,video_frame_index_and_fps
'-dxfTGcXJoc_2,'-dxfTGcXJoc,2,41,13.666666666666668,14.0,1,1,1,218666,224000,5334,410,420,10,inferred_uniform_text_timing,ffmpeg_audio_sample_rate,video_frame_index_and_fps
'-dxfTGcXJoc_2,'-dxfTGcXJoc,2,42,14.0,14.333333333333336,1,1,1,224000,229333,5333,420,431,10,inferred_uniform_text_timing,ffmpeg_audio_sample_rate,video_frame_index_and_fps
'-dxfTGcXJoc_2,'-dxfTGcXJoc,2,43,14.333333333333336,14.666666666666668,0,1,1,229333,234666,5333,430,441,10,inferred_uniform_text_timing,ffmpeg_audio_sample_rate,video_frame_index_and_fps
'-dxfTGcXJoc_2,'-dxfTGcXJoc,2,44,14.666666666666668,15.0,1,1,1,234666,240000,5334,440,450,10,inferred_uniform_text_timing,ffmpeg_audio_sample_rate,video_frame_index_and_fps
'-dxfTGcXJoc_2,'-dxfTGcXJoc,2,45,15.0,15.333333333333336,1,1,1,240000,245333,5333,450,461,10,inferred_uniform_text_timing,ffmpeg_audio_sample_rate,video_frame_index_and_fps
'-dxfTGcXJoc_2,'-dxfTGcXJoc,2,46,15.333333333333336,15.666666666666668,1,1,1,245333,250666,5333,460,471,10,inferred_uniform_text_timing,ffmpeg_audio_sample_rate,video_frame_index_and_fps
'-dxfTGcXJoc_2,'-dxfTGcXJoc,2,47,15.666666666666668,16.0,0,1,1,250666,256000,5334,470,480,10,inferred_uniform_text_timing,ffmpeg_audio_sample_rate,video_frame_index_and_fps
'-dxfTGcXJoc_2,'-dxfTGcXJoc,2,48,16.0,16.333333333333336,1,1,1,256000,261333,5333,480,491,10,inferred_uniform_text_timing,ffmpeg_audio_sample_rate,video_frame_index_and_fps
'-dxfTGcXJoc_2,'-dxfTGcXJoc,2,49,16.333333333333336,16.666666666666668,1,1,1,261333,266666,4798,490,501,10,inferred_uniform_text_timing,ffmpeg_audio_sample_rate,video_frame_index_and_fps
'-dxfTGcXJoc_6,'-dxfTGcXJoc,6,0,0.0,0.254,1,1,1,0,4064,4064,0,8,8,inferred_uniform_text_timing,ffmpeg_audio_sample_rate,video_frame_index_and_fps
'-dxfTGcXJoc_6,'-dxfTGcXJoc,6,1,0.254,0.508,0,1,1,4064,8128,4064,7,16,8,inferred_uniform_text_timing,ffmpeg_audio_sample_rate,video_frame_index_and_fps
'-dxfTGcXJoc_6,'-dxfTGcXJoc,6,2,0.508,0.7619999999999999,1,1,1,8128,12191,4063,15,23,7,inferred_uniform_text_timing,ffmpeg_audio_sample_rate,video_frame_index_and_fps
'-dxfTGcXJoc_6,'-dxfTGcXJoc,6,3,0.7619999999999999,1.016,1,1,1,12191,16256,4065,22,31,8,inferred_uniform_text_timing,ffmpeg_audio_sample_rate,video_frame_index_and_fps
'-dxfTGcXJoc_6,'-dxfTGcXJoc,6,4,1.016,1.27,0,1,1,16256,20320,4064,30,39,8,inferred_uniform_text_timing,ffmpeg_audio_sample_rate,video_frame_index_and_fps
'-dxfTGcXJoc_6,'-dxfTGcXJoc,6,5,1.27,1.5239999999999998,1,1,1,20320,24383,4063,38,46,7,inferred_uniform_text_timing,ffmpeg_audio_sample_rate,video_frame_index_and_fps
'-dxfTGcXJoc_6,'-dxfTGcXJoc,6,6,1.5239999999999998,1.7779999999999998,0,1,1,24383,28447,4064,45,54,8,inferred_uniform_text_timing,ffmpeg_audio_sample_rate,video_frame_index_and_fps
'-dxfTGcXJoc_6,'-dxfTGcXJoc,6,7,1.7779999999999998,2.032,1,1,1,28447,32512,4065,53,61,7,inferred_uniform_text_timing,ffmpeg_audio_sample_rate,video_frame_index_and_fps
'-dxfTGcXJoc_6,'-dxfTGcXJoc,6,8,2.032,2.286,1,1,1,32512,36576,4064,60,69,8,inferred_uniform_text_timing,ffmpeg_audio_sample_rate,video_frame_index_and_fps
'-dxfTGcXJoc_6,'-dxfTGcXJoc,6,9,2.286,2.54,0,1,1,36576,40640,4064,68,77,8,inferred_uniform_text_timing,ffmpeg_audio_sample_rate,video_frame_index_and_fps
'-dxfTGcXJoc_6,'-dxfTGcXJoc,6,10,2.54,2.7939999999999996,1,1,1,40640,44703,4063,76,84,7,inferred_uniform_text_timing,ffmpeg_audio_sample_rate,video_frame_index_and_fps
'-dxfTGcXJoc_6,'-dxfTGcXJoc,6,11,2.7939999999999996,3.0479999999999996,1,1,1,44703,48767,4064,83,92,8,inferred_uniform_text_timing,ffmpeg_audio_sample_rate,video_frame_index_and_fps
'-dxfTGcXJoc_6,'-dxfTGcXJoc,6,12,3.0479999999999996,3.302,0,1,1,48767,52832,4065,91,100,8,inferred_uniform_text_timing,ffmpeg_audio_sample_rate,video_frame_index_and_fps
'-dxfTGcXJoc_6,'-dxfTGcXJoc,6,13,3.302,3.5559999999999996,1,1,1,52832,56895,4063,99,107,7,inferred_uniform_text_timing,ffmpeg_audio_sample_rate,video_frame_index_and_fps
'-dxfTGcXJoc_6,'-dxfTGcXJoc,6,14,3.5559999999999996,3.81,1,1,1,56895,60960,4065,106,115,8,inferred_uniform_text_timing,ffmpeg_audio_sample_rate,video_frame_index_and_fps
'-dxfTGcXJoc_6,'-dxfTGcXJoc,6,15,3.81,4.064,0,1,1,60960,65024,4064,114,122,7,inferred_uniform_text_timing,ffmpeg_audio_sample_rate,video_frame_index_and_fps
'-dxfTGcXJoc_6,'-dxfTGcXJoc,6,16,4.064,4.318,1,1,1,65024,69088,4064,121,130,8,inferred_uniform_text_timing,ffmpeg_audio_sample_rate,video_frame_index_and_fps
'-dxfTGcXJoc_6,'-dxfTGcXJoc,6,17,4.318,4.572,1,1,1,69088,73152,4064,129,138,8,inferred_uniform_text_timing,ffmpeg_audio_sample_rate,video_frame_index_and_fps
'-dxfTGcXJoc_6,'-dxfTGcXJoc,6,18,4.572,4.826,0,1,1,73152,77216,4064,137,145,7,inferred_uniform_text_timing,ffmpeg_audio_sample_rate,video_frame_index_and_fps
'-dxfTGcXJoc_6,'-dxfTGcXJoc,6,19,4.826,5.08,1,1,1,77216,81280,4064,144,153,8,inferred_uniform_text_timing,ffmpeg_audio_sample_rate,video_frame_index_and_fps
'-dxfTGcXJoc_6,'-dxfTGcXJoc,6,20,5.08,5.334,0,1,1,81280,85344,4064,152,161,8,inferred_uniform_text_timing,ffmpeg_audio_sample_rate,video_frame_index_and_fps
'-dxfTGcXJoc_6,'-dxfTGcXJoc,6,21,5.334,5.587999999999999,1,1,1,85344,89407,4063,160,168,7,inferred_uniform_text_timing,ffmpeg_audio_sample_rate,video_frame_index_and_fps
'-dxfTGcXJoc_6,'-dxfTGcXJoc,6,22,5.587999999999999,5.842,1,1,1,89407,93472,4065,167,176,8,inferred_uniform_text_timing,ffmpeg_audio_sample_rate,video_frame_index_and_fps
'-dxfTGcXJoc_6,'-dxfTGcXJoc,6,23,5.842,6.095999999999999,0,1,1,93472,97535,4063,175,183,7,inferred_uniform_text_timing,ffmpeg_audio_sample_rate,video_frame_index_and_fps
'-dxfTGcXJoc_6,'-dxfTGcXJoc,6,24,6.095999999999999,6.35,1,1,1,97535,101600,4065,182,191,8,inferred_uniform_text_timing,ffmpeg_audio_sample_rate,video_frame_index_and_fps
'-dxfTGcXJoc_6,'-dxfTGcXJoc,6,25,6.35,6.604,1,1,1,101600,105664,4064,190,199,8,inferred_uniform_text_timing,ffmpeg_audio_sample_rate,video_frame_index_and_fps
'-dxfTGcXJoc_6,'-dxfTGcXJoc,6,26,6.604,6.858,0,1,1,105664,109728,4064,198,206,7,inferred_uniform_text_timing,ffmpeg_audio_sample_rate,video_frame_index_and_fps
'-dxfTGcXJoc_6,'-dxfTGcXJoc,6,27,6.858,7.111999999999999,1,1,1,109728,113791,4063,205,214,8,inferred_uniform_text_timing,ffmpeg_audio_sample_rate,video_frame_index_and_fps
'-dxfTGcXJoc_6,'-dxfTGcXJoc,6,28,7.111999999999999,7.365999999999999,1,1,1,113791,117855,4064,213,221,7,inferred_uniform_text_timing,ffmpeg_audio_sample_rate,video_frame_index_and_fps
'-dxfTGcXJoc_6,'-dxfTGcXJoc,6,29,7.365999999999999,7.62,0,1,1,117855,121920,4065,220,229,8,inferred_uniform_text_timing,ffmpeg_audio_sample_rate,video_frame_index_and_fps
'-dxfTGcXJoc_6,'-dxfTGcXJoc,6,30,7.62,7.874,1,1,1,121920,125984,4064,228,237,8,inferred_uniform_text_timing,ffmpeg_audio_sample_rate,video_frame_index_and_fps
'-dxfTGcXJoc_6,'-dxfTGcXJoc,6,31,7.874,8.128,0,1,1,125984,130048,4064,236,244,7,inferred_uniform_text_timing,ffmpeg_audio_sample_rate,video_frame_index_and_fps
'-dxfTGcXJoc_6,'-dxfTGcXJoc,6,32,8.128,8.382,1,1,1,130048,134112,4064,243,252,8,inferred_uniform_text_timing,ffmpeg_audio_sample_rate,video_frame_index_and_fps
'-dxfTGcXJoc_6,'-dxfTGcXJoc,6,33,8.382,8.636,1,1,1,134112,138176,4064,251,260,8,inferred_uniform_text_timing,ffmpeg_audio_sample_rate,video_frame_index_and_fps
'-dxfTGcXJoc_6,'-dxfTGcXJoc,6,34,8.636,8.89,0,1,1,138176,142240,4064,259,267,7,inferred_uniform_text_timing,ffmpeg_audio_sample_rate,video_frame_index_and_fps
'-dxfTGcXJoc_6,'-dxfTGcXJoc,6,35,8.89,9.144,1,1,1,142240,146304,4064,266,275,8,inferred_uniform_text_timing,ffmpeg_audio_sample_rate,video_frame_index_and_fps
'-dxfTGcXJoc_6,'-dxfTGcXJoc,6,36,9.144,9.398,1,1,1,146304,150368,4064,274,282,7,inferred_uniform_text_timing,ffmpeg_audio_sample_rate,video_frame_index_and_fps
'-dxfTGcXJoc_6,'-dxfTGcXJoc,6,37,9.398,9.652,0,1,1,150368,154432,4064,281,290,8,inferred_uniform_text_timing,ffmpeg_audio_sample_rate,video_frame_index_and_fps
'-dxfTGcXJoc_6,'-dxfTGcXJoc,6,38,9.652,9.905999999999999,1,1,1,154432,158495,4063,289,298,8,inferred_uniform_text_timing,ffmpeg_audio_sample_rate,video_frame_index_and_fps
'-dxfTGcXJoc_6,'-dxfTGcXJoc,6,39,9.905999999999999,10.16,1,1,1,158495,162560,4065,297,305,7,inferred_uniform_text_timing,ffmpeg_audio_sample_rate,video_frame_index_and_fps
'-dxfTGcXJoc_6,'-dxfTGcXJoc,6,40,10.16,10.413999999999998,0,1,1,162560,166623,4063,304,313,8,inferred_uniform_text_timing,ffmpeg_audio_sample_rate,video_frame_index_and_fps
'-dxfTGcXJoc_6,'-dxfTGcXJoc,6,41,10.413999999999998,10.668,1,1,1,166623,170688,4065,312,321,8,inferred_uniform_text_timing,ffmpeg_audio_sample_rate,video_frame_index_and_fps
'-dxfTGcXJoc_6,'-dxfTGcXJoc,6,42,10.668,10.922,1,1,1,170688,174752,4064,320,328,7,inferred_uniform_text_timing,ffmpeg_audio_sample_rate,video_frame_index_and_fps
'-dxfTGcXJoc_6,'-dxfTGcXJoc,6,43,10.922,11.175999999999998,0,1,1,174752,178815,4063,327,336,8,inferred_uniform_text_timing,ffmpeg_audio_sample_rate,video_frame_index_and_fps
'-dxfTGcXJoc_6,'-dxfTGcXJoc,6,44,11.175999999999998,11.43,1,1,1,178815,182880,4065,335,343,7,inferred_uniform_text_timing,ffmpeg_audio_sample_rate,video_frame_index_and_fps
'-dxfTGcXJoc_6,'-dxfTGcXJoc,6,45,11.43,11.684,0,1,1,182880,186944,4064,342,351,8,inferred_uniform_text_timing,ffmpeg_audio_sample_rate,video_frame_index_and_fps
'-dxfTGcXJoc_6,'-dxfTGcXJoc,6,46,11.684,11.937999999999999,1,1,1,186944,191007,4063,350,359,8,inferred_uniform_text_timing,ffmpeg_audio_sample_rate,video_frame_index_and_fps
'-dxfTGcXJoc_6,'-dxfTGcXJoc,6,47,11.937999999999999,12.191999999999998,1,1,1,191007,195071,4064,358,366,7,inferred_uniform_text_timing,ffmpeg_audio_sample_rate,video_frame_index_and_fps
'-dxfTGcXJoc_6,'-dxfTGcXJoc,6,48,12.191999999999998,12.446,0,1,1,195071,199136,4065,365,374,8,inferred_uniform_text_timing,ffmpeg_audio_sample_rate,video_frame_index_and_fps
'-dxfTGcXJoc_6,'-dxfTGcXJoc,6,49,12.446,12.7,1,1,1,199136,203200,2919,373,381,7,inferred_uniform_text_timing,ffmpeg_audio_sample_rate,video_frame_index_and_fps
'-egA8-b7-3M_26,'-egA8-b7-3M,26,0,0.0,0.11933333333333333,0,1,1,0,1909,1909,0,4,4,inferred_uniform_text_timing,ffmpeg_audio_sample_rate,video_frame_index_and_fps
'-egA8-b7-3M_26,'-egA8-b7-3M,26,1,0.11933333333333333,0.23866666666666667,1,1,1,1909,3818,1909,3,8,4,inferred_uniform_text_timing,ffmpeg_audio_sample_rate,video_frame_index_and_fps
'-egA8-b7-3M_26,'-egA8-b7-3M,26,2,0.23866666666666667,0.358,0,1,1,3818,5728,1910,7,11,3,inferred_uniform_text_timing,ffmpeg_audio_sample_rate,video_frame_index_and_fps
'-egA8-b7-3M_26,'-egA8-b7-3M,26,3,0.358,0.47733333333333333,0,1,1,5728,7637,1909,10,15,4,inferred_uniform_text_timing,ffmpeg_audio_sample_rate,video_frame_index_and_fps
'-egA8-b7-3M_26,'-egA8-b7-3M,26,4,0.47733333333333333,0.5966666666666667,1,1,1,7637,9546,1909,14,18,3,inferred_uniform_text_timing,ffmpeg_audio_sample_rate,video_frame_index_and_fps
'-egA8-b7-3M_26,'-egA8-b7-3M,26,5,0.5966666666666667,0.716,0,1,1,9546,11456,1910,17,22,4,inferred_uniform_text_timing,ffmpeg_audio_sample_rate,video_frame_index_and_fps
'-egA8-b7-3M_26,'-egA8-b7-3M,26,6,0.716,0.8353333333333333,0,1,1,11456,13365,1909,21,26,4,inferred_uniform_text_timing,ffmpeg_audio_sample_rate,video_frame_index_and_fps
'-egA8-b7-3M_26,'-egA8-b7-3M,26,7,0.8353333333333333,0.9546666666666667,1,1,1,13365,15274,1909,25,29,3,inferred_uniform_text_timing,ffmpeg_audio_sample_rate,video_frame_index_and_fps
'-egA8-b7-3M_26,'-egA8-b7-3M,26,8,0.9546666666666667,1.074,0,1,1,15274,17184,1910,28,33,4,inferred_uniform_text_timing,ffmpeg_audio_sample_rate,video_frame_index_and_fps
'-egA8-b7-3M_26,'-egA8-b7-3M,26,9,1.074,1.1933333333333334,0,1,1,17184,19093,1909,32,36,3,inferred_uniform_text_timing,ffmpeg_audio_sample_rate,video_frame_index_and_fps
'-egA8-b7-3M_26,'-egA8-b7-3M,26,10,1.1933333333333334,1.3126666666666669,1,1,1,19093,21002,1909,35,40,4,inferred_uniform_text_timing,ffmpeg_audio_sample_rate,video_frame_index_and_fps
'-egA8-b7-3M_26,'-egA8-b7-3M,26,11,1.3126666666666669,1.432,0,1,1,21002,22912,1910,39,43,3,inferred_uniform_text_timing,ffmpeg_audio_sample_rate,video_frame_index_and_fps
'-egA8-b7-3M_26,'-egA8-b7-3M,26,12,1.432,1.5513333333333332,0,1,1,22912,24821,1909,42,47,4,inferred_uniform_text_timing,ffmpeg_audio_sample_rate,video_frame_index_and_fps
'-egA8-b7-3M_26,'-egA8-b7-3M,26,13,1.5513333333333332,1.6706666666666665,0,1,1,24821,26730,1909,46,51,4,inferred_uniform_text_timing,ffmpeg_audio_sample_rate,video_frame_index_and_fps
'-egA8-b7-3M_26,'-egA8-b7-3M,26,14,1.6706666666666665,1.79,1,1,1,26730,28640,1910,50,54,3,inferred_uniform_text_timing,ffmpeg_audio_sample_rate,video_frame_index_and_fps
'-egA8-b7-3M_26,'-egA8-b7-3M,26,15,1.79,1.9093333333333333,0,1,1,28640,30549,1909,53,58,4,inferred_uniform_text_timing,ffmpeg_audio_sample_rate,video_frame_index_and_fps
'-egA8-b7-3M_26,'-egA8-b7-3M,26,16,1.9093333333333333,2.0286666666666666,0,1,1,30549,32458,1909,57,61,3,inferred_uniform_text_timing,ffmpeg_audio_sample_rate,video_frame_index_and_fps
'-egA8-b7-3M_26,'-egA8-b7-3M,26,17,2.0286666666666666,2.148,1,1,1,32458,34368,1910,60,65,4,inferred_uniform_text_timing,ffmpeg_audio_sample_rate,video_frame_index_and_fps
'-egA8-b7-3M_26,'-egA8-b7-3M,26,18,2.148,2.2673333333333336,0,1,1,34368,36277,1909,64,69,4,inferred_uniform_text_timing,ffmpeg_audio_sample_rate,video_frame_index_and_fps
'-egA8-b7-3M_26,'-egA8-b7-3M,26,19,2.2673333333333336,2.3866666666666667,0,1,1,36277,38186,1909,68,72,3,inferred_uniform_text_timing,ffmpeg_audio_sample_rate,video_frame_index_and_fps
'-egA8-b7-3M_26,'-egA8-b7-3M,26,20,2.3866666666666667,2.506,1,1,1,38186,40096,1910,71,76,4,inferred_uniform_text_timing,ffmpeg_audio_sample_rate,video_frame_index_and_fps
'-egA8-b7-3M_26,'-egA8-b7-3M,26,21,2.506,2.6253333333333337,0,1,1,40096,42005,1909,75,79,3,inferred_uniform_text_timing,ffmpeg_audio_sample_rate,video_frame_index_and_fps
'-egA8-b7-3M_26,'-egA8-b7-3M,26,22,2.6253333333333337,2.744666666666667,0,1,1,42005,43914,1909,78,83,4,inferred_uniform_text_timing,ffmpeg_audio_sample_rate,video_frame_index_and_fps
'-egA8-b7-3M_26,'-egA8-b7-3M,26,23,2.744666666666667,2.864,1,1,1,43914,45824,1910,82,86,3,inferred_uniform_text_timing,ffmpeg_audio_sample_rate,video_frame_index_and_fps
'-egA8-b7-3M_26,'-egA8-b7-3M,26,24,2.864,2.983333333333333,0,1,1,45824,47733,1909,85,90,4,inferred_uniform_text_timing,ffmpeg_audio_sample_rate,video_frame_index_and_fps
'-egA8-b7-3M_26,'-egA8-b7-3M,26,25,2.983333333333333,3.1026666666666665,0,1,1,47733,49642,1909,89,94,4,inferred_uniform_text_timing,ffmpeg_audio_sample_rate,video_frame_index_and_fps
'-egA8-b7-3M_26,'-egA8-b7-3M,26,26,3.1026666666666665,3.222,1,1,1,49642,51552,1910,93,97,3,inferred_uniform_text_timing,ffmpeg_audio_sample_rate,video_frame_index_and_fps
'-egA8-b7-3M_26,'-egA8-b7-3M,26,27,3.222,3.341333333333333,0,1,1,51552,53461,1909,96,101,4,inferred_uniform_text_timing,ffmpeg_audio_sample_rate,video_frame_index_and_fps
'-egA8-b7-3M_26,'-egA8-b7-3M,26,28,3.341333333333333,3.4606666666666666,0,1,1,53461,55370,1909,100,104,3,inferred_uniform_text_timing,ffmpeg_audio_sample_rate,video_frame_index_and_fps
'-egA8-b7-3M_26,'-egA8-b7-3M,26,29,3.4606666666666666,3.58,1,1,1,55370,57280,1910,103,108,4,inferred_uniform_text_timing,ffmpeg_audio_sample_rate,video_frame_index_and_fps
'-egA8-b7-3M_26,'-egA8-b7-3M,26,30,3.58,3.6993333333333336,0,1,1,57280,59189,1909,107,111,3,inferred_uniform_text_timing,ffmpeg_audio_sample_rate,video_frame_index_and_fps
'-egA8-b7-3M_26,'-egA8-b7-3M,26,31,3.6993333333333336,3.8186666666666667,0,1,1,59189,61098,1909,110,115,4,inferred_uniform_text_timing,ffmpeg_audio_sample_rate,video_frame_index_and_fps
'-egA8-b7-3M_26,'-egA8-b7-3M,26,32,3.8186666666666667,3.938,1,1,1,61098,63008,1910,114,119,4,inferred_uniform_text_timing,ffmpeg_audio_sample_rate,video_frame_index_and_fps
'-egA8-b7-3M_26,'-egA8-b7-3M,26,33,3.938,4.057333333333333,0,1,1,63008,64917,1909,118,122,3,inferred_uniform_text_timing,ffmpeg_audio_sample_rate,video_frame_index_and_fps
'-egA8-b7-3M_26,'-egA8-b7-3M,26,34,4.057333333333333,4.176666666666667,0,1,1,64917,66826,1909,121,126,4,inferred_uniform_text_timing,ffmpeg_audio_sample_rate,video_frame_index_and_fps
'-egA8-b7-3M_26,'-egA8-b7-3M,26,35,4.176666666666667,4.296,1,1,1,66826,68736,1910,125,129,3,inferred_uniform_text_timing,ffmpeg_audio_sample_rate,video_frame_index_and_fps
'-egA8-b7-3M_26,'-egA8-b7-3M,26,36,4.296,4.415333333333334,0,1,1,68736,70645,1909,128,133,4,inferred_uniform_text_timing,ffmpeg_audio_sample_rate,video_frame_index_and_fps
'-egA8-b7-3M_26,'-egA8-b7-3M,26,37,4.415333333333334,4.534666666666667,0,1,1,70645,72554,1909,132,137,4,inferred_uniform_text_timing,ffmpeg_audio_sample_rate,video_frame_index_and_fps
'-egA8-b7-3M_26,'-egA8-b7-3M,26,38,4.534666666666667,4.654,0,1,1,72554,74464,1910,136,140,3,inferred_uniform_text_timing,ffmpeg_audio_sample_rate,video_frame_index_and_fps
'-egA8-b7-3M_26,'-egA8-b7-3M,26,39,4.654,4.773333333333333,1,1,1,74464,76373,1909,139,144,4,inferred_uniform_text_timing,ffmpeg_audio_sample_rate,video_frame_index_and_fps
'-egA8-b7-3M_26,'-egA8-b7-3M,26,40,4.773333333333333,4.892666666666667,0,1,1,76373,78282,1909,143,147,3,inferred_uniform_text_timing,ffmpeg_audio_sample_rate,video_frame_index_and_fps
'-egA8-b7-3M_26,'-egA8-b7-3M,26,41,4.892666666666667,5.012,0,1,1,78282,80192,1910,146,151,4,inferred_uniform_text_timing,ffmpeg_audio_sample_rate,video_frame_index_and_fps
'-egA8-b7-3M_26,'-egA8-b7-3M,26,42,5.012,5.131333333333333,1,1,1,80192,82101,1909,150,154,3,inferred_uniform_text_timing,ffmpeg_audio_sample_rate,video_frame_index_and_fps
'-egA8-b7-3M_26,'-egA8-b7-3M,26,43,5.131333333333333,5.2506666666666675,0,1,1,82101,84010,1909,153,158,4,inferred_uniform_text_timing,ffmpeg_audio_sample_rate,video_frame_index_and_fps
'-egA8-b7-3M_26,'-egA8-b7-3M,26,44,5.2506666666666675,5.37,0,1,1,84010,85920,1910,157,162,4,inferred_uniform_text_timing,ffmpeg_audio_sample_rate,video_frame_index_and_fps
'-egA8-b7-3M_26,'-egA8-b7-3M,26,45,5.37,5.489333333333334,1,1,1,85920,87829,1909,161,165,3,inferred_uniform_text_timing,ffmpeg_audio_sample_rate,video_frame_index_and_fps
'-egA8-b7-3M_26,'-egA8-b7-3M,26,46,5.489333333333334,5.608666666666667,0,1,1,87829,89738,1909,164,169,4,inferred_uniform_text_timing,ffmpeg_audio_sample_rate,video_frame_index_and_fps
'-egA8-b7-3M_26,'-egA8-b7-3M,26,47,5.608666666666667,5.728,0,1,1,89738,91648,1910,168,172,3,inferred_uniform_text_timing,ffmpeg_audio_sample_rate,video_frame_index_and_fps
'-egA8-b7-3M_26,'-egA8-b7-3M,26,48,5.728,5.847333333333333,1,1,1,91648,93557,1909,171,176,4,inferred_uniform_text_timing,ffmpeg_audio_sample_rate,video_frame_index_and_fps
'-egA8-b7-3M_26,'-egA8-b7-3M,26,49,5.847333333333333,5.966666666666666,0,1,1,93557,95466,1172,175,179,3,inferred_uniform_text_timing,ffmpeg_audio_sample_rate,video_frame_index_and_fps
'-egA8-b7-3M_17,'-egA8-b7-3M,17,0,0.0,0.14333333333333334,0,1,1,0,2293,2293,0,5,5,inferred_uniform_text_timing,ffmpeg_audio_sample_rate,video_frame_index_and_fps
'-egA8-b7-3M_17,'-egA8-b7-3M,17,1,0.14333333333333334,0.2866666666666667,1,1,1,2293,4586,2293,4,9,4,inferred_uniform_text_timing,ffmpeg_audio_sample_rate,video_frame_index_and_fps
'-egA8-b7-3M_17,'-egA8-b7-3M,17,2,0.2866666666666667,0.43,0,1,1,4586,6880,2294,8,13,4,inferred_uniform_text_timing,ffmpeg_audio_sample_rate,video_frame_index_and_fps
'-egA8-b7-3M_17,'-egA8-b7-3M,17,3,0.43,0.5733333333333334,1,1,1,6880,9173,2293,12,18,5,inferred_uniform_text_timing,ffmpeg_audio_sample_rate,video_frame_index_and_fps
'-egA8-b7-3M_17,'-egA8-b7-3M,17,4,0.5733333333333334,0.7166666666666667,0,1,1,9173,11466,2293,17,22,4,inferred_uniform_text_timing,ffmpeg_audio_sample_rate,video_frame_index_and_fps
'-egA8-b7-3M_17,'-egA8-b7-3M,17,5,0.7166666666666667,0.86,0,1,1,11466,13760,2294,21,26,4,inferred_uniform_text_timing,ffmpeg_audio_sample_rate,video_frame_index_and_fps
'-egA8-b7-3M_17,'-egA8-b7-3M,17,6,0.86,1.0033333333333334,1,1,1,13760,16053,2293,25,31,5,inferred_uniform_text_timing,ffmpeg_audio_sample_rate,video_frame_index_and_fps
'-egA8-b7-3M_17,'-egA8-b7-3M,17,7,1.0033333333333334,1.1466666666666667,0,1,1,16053,18346,2293,30,35,4,inferred_uniform_text_timing,ffmpeg_audio_sample_rate,video_frame_index_and_fps
'-egA8-b7-3M_17,'-egA8-b7-3M,17,8,1.1466666666666667,1.29,0,1,1,18346,20640,2294,34,39,4,inferred_uniform_text_timing,ffmpeg_audio_sample_rate,video_frame_index_and_fps
'-egA8-b7-3M_17,'-egA8-b7-3M,17,9,1.29,1.4333333333333333,1,1,1,20640,22933,2293,38,43,4,inferred_uniform_text_timing,ffmpeg_audio_sample_rate,video_frame_index_and_fps
'-egA8-b7-3M_17,'-egA8-b7-3M,17,10,1.4333333333333333,1.5766666666666669,0,1,1,22933,25226,2293,43,48,5,inferred_uniform_text_timing,ffmpeg_audio_sample_rate,video_frame_index_and_fps
'-egA8-b7-3M_17,'-egA8-b7-3M,17,11,1.5766666666666669,1.72,1,1,1,25226,27520,2294,47,52,4,inferred_uniform_text_timing,ffmpeg_audio_sample_rate,video_frame_index_and_fps
'-egA8-b7-3M_17,'-egA8-b7-3M,17,12,1.72,1.8633333333333335,0,1,1,27520,29813,2293,51,56,4,inferred_uniform_text_timing,ffmpeg_audio_sample_rate,video_frame_index_and_fps
'-egA8-b7-3M_17,'-egA8-b7-3M,17,13,1.8633333333333335,2.006666666666667,0,1,1,29813,32106,2293,55,61,5,inferred_uniform_text_timing,ffmpeg_audio_sample_rate,video_frame_index_and_fps
'-egA8-b7-3M_17,'-egA8-b7-3M,17,14,2.006666666666667,2.15,1,1,1,32106,34400,2294,60,65,4,inferred_uniform_text_timing,ffmpeg_audio_sample_rate,video_frame_index_and_fps
'-egA8-b7-3M_17,'-egA8-b7-3M,17,15,2.15,2.2933333333333334,0,1,1,34400,36693,2293,64,69,4,inferred_uniform_text_timing,ffmpeg_audio_sample_rate,video_frame_index_and_fps
'-egA8-b7-3M_17,'-egA8-b7-3M,17,16,2.2933333333333334,2.436666666666667,0,1,1,36693,38986,2293,68,74,5,inferred_uniform_text_timing,ffmpeg_audio_sample_rate,video_frame_index_and_fps
'-egA8-b7-3M_17,'-egA8-b7-3M,17,17,2.436666666666667,2.58,1,1,1,38986,41280,2294,73,78,4,inferred_uniform_text_timing,ffmpeg_audio_sample_rate,video_frame_index_and_fps
'-egA8-b7-3M_17,'-egA8-b7-3M,17,18,2.58,2.7233333333333336,0,1,1,41280,43573,2293,77,82,4,inferred_uniform_text_timing,ffmpeg_audio_sample_rate,video_frame_index_and_fps
'-egA8-b7-3M_17,'-egA8-b7-3M,17,19,2.7233333333333336,2.8666666666666667,1,1,1,43573,45866,2293,81,86,4,inferred_uniform_text_timing,ffmpeg_audio_sample_rate,video_frame_index_and_fps
'-egA8-b7-3M_17,'-egA8-b7-3M,17,20,2.8666666666666667,3.01,0,1,1,45866,48160,2294,86,91,5,inferred_uniform_text_timing,ffmpeg_audio_sample_rate,video_frame_index_and_fps
'-egA8-b7-3M_17,'-egA8-b7-3M,17,21,3.01,3.1533333333333338,0,1,1,48160,50453,2293,90,95,4,inferred_uniform_text_timing,ffmpeg_audio_sample_rate,video_frame_index_and_fps
'-egA8-b7-3M_17,'-egA8-b7-3M,17,22,3.1533333333333338,3.296666666666667,1,1,1,50453,52746,2293,94,99,4,inferred_uniform_text_timing,ffmpeg_audio_sample_rate,video_frame_index_and_fps
'-egA8-b7-3M_17,'-egA8-b7-3M,17,23,3.296666666666667,3.44,0,1,1,52746,55040,2294,98,104,5,inferred_uniform_text_timing,ffmpeg_audio_sample_rate,video_frame_index_and_fps
'-egA8-b7-3M_17,'-egA8-b7-3M,17,24,3.44,3.583333333333334,0,1,1,55040,57333,2293,103,108,4,inferred_uniform_text_timing,ffmpeg_audio_sample_rate,video_frame_index_and_fps
'-egA8-b7-3M_17,'-egA8-b7-3M,17,25,3.583333333333334,3.726666666666667,1,1,1,57333,59626,2293,107,112,4,inferred_uniform_text_timing,ffmpeg_audio_sample_rate,video_frame_index_and_fps
'-egA8-b7-3M_17,'-egA8-b7-3M,17,26,3.726666666666667,3.87,0,1,1,59626,61920,2294,111,117,5,inferred_uniform_text_timing,ffmpeg_audio_sample_rate,video_frame_index_and_fps
'-egA8-b7-3M_17,'-egA8-b7-3M,17,27,3.87,4.013333333333334,1,1,1,61920,64213,2293,116,121,4,inferred_uniform_text_timing,ffmpeg_audio_sample_rate,video_frame_index_and_fps
'-egA8-b7-3M_17,'-egA8-b7-3M,17,28,4.013333333333334,4.156666666666667,0,1,1,64213,66506,2293,120,125,4,inferred_uniform_text_timing,ffmpeg_audio_sample_rate,video_frame_index_and_fps
'-egA8-b7-3M_17,'-egA8-b7-3M,17,29,4.156666666666667,4.3,0,1,1,66506,68800,2294,124,129,4,inferred_uniform_text_timing,ffmpeg_audio_sample_rate,video_frame_index_and_fps
'-egA8-b7-3M_17,'-egA8-b7-3M,17,30,4.3,4.443333333333333,1,1,1,68800,71093,2293,129,134,5,inferred_uniform_text_timing,ffmpeg_audio_sample_rate,video_frame_index_and_fps
'-egA8-b7-3M_17,'-egA8-b7-3M,17,31,4.443333333333333,4.586666666666667,0,1,1,71093,73386,2293,133,138,4,inferred_uniform_text_timing,ffmpeg_audio_sample_rate,video_frame_index_and_fps
'-egA8-b7-3M_17,'-egA8-b7-3M,17,32,4.586666666666667,4.73,1,1,1,73386,75680,2294,137,142,4,inferred_uniform_text_timing,ffmpeg_audio_sample_rate,video_frame_index_and_fps
'-egA8-b7-3M_17,'-egA8-b7-3M,17,33,4.73,4.873333333333334,0,1,1,75680,77973,2293,141,147,5,inferred_uniform_text_timing,ffmpeg_audio_sample_rate,video_frame_index_and_fps
'-egA8-b7-3M_17,'-egA8-b7-3M,17,34,4.873333333333334,5.016666666666667,0,1,1,77973,80266,2293,146,151,4,inferred_uniform_text_timing,ffmpeg_audio_sample_rate,video_frame_index_and_fps
'-egA8-b7-3M_17,'-egA8-b7-3M,17,35,5.016666666666667,5.16,1,1,1,80266,82560,2294,150,155,4,inferred_uniform_text_timing,ffmpeg_audio_sample_rate,video_frame_index_and_fps
'-egA8-b7-3M_17,'-egA8-b7-3M,17,36,5.16,5.303333333333334,0,1,1,82560,84853,2293,154,160,5,inferred_uniform_text_timing,ffmpeg_audio_sample_rate,video_frame_index_and_fps
'-egA8-b7-3M_17,'-egA8-b7-3M,17,37,5.303333333333334,5.446666666666667,0,1,1,84853,87146,2293,159,164,4,inferred_uniform_text_timing,ffmpeg_audio_sample_rate,video_frame_index_and_fps
'-egA8-b7-3M_17,'-egA8-b7-3M,17,38,5.446666666666667,5.59,1,1,1,87146,89440,2294,163,168,4,inferred_uniform_text_timing,ffmpeg_audio_sample_rate,video_frame_index_and_fps
'-egA8-b7-3M_17,'-egA8-b7-3M,17,39,5.59,5.733333333333333,0,1,1,89440,91733,2293,167,172,4,inferred_uniform_text_timing,ffmpeg_audio_sample_rate,video_frame_index_and_fps
'-egA8-b7-3M_17,'-egA8-b7-3M,17,40,5.733333333333333,5.876666666666668,1,1,1,91733,94026,2293,172,177,5,inferred_uniform_text_timing,ffmpeg_audio_sample_rate,video_frame_index_and_fps
'-egA8-b7-3M_17,'-egA8-b7-3M,17,41,5.876666666666668,6.02,0,1,1,94026,96320,2294,176,181,4,inferred_uniform_text_timing,ffmpeg_audio_sample_rate,video_frame_index_and_fps
'-egA8-b7-3M_17,'-egA8-b7-3M,17,42,6.02,6.163333333333334,0,1,1,96320,98613,2293,180,185,4,inferred_uniform_text_timing,ffmpeg_audio_sample_rate,video_frame_index_and_fps
'-egA8-b7-3M_17,'-egA8-b7-3M,17,43,6.163333333333334,6.3066666666666675,1,1,1,98613,100906,2293,184,190,5,inferred_uniform_text_timing,ffmpeg_audio_sample_rate,video_frame_index_and_fps
'-egA8-b7-3M_17,'-egA8-b7-3M,17,44,6.3066666666666675,6.45,0,1,1,100906,103200,2294,189,194,4,inferred_uniform_text_timing,ffmpeg_audio_sample_rate,video_frame_index_and_fps
'-egA8-b7-3M_17,'-egA8-b7-3M,17,45,6.45,6.593333333333334,0,1,1,103200,105493,2293,193,198,4,inferred_uniform_text_timing,ffmpeg_audio_sample_rate,video_frame_index_and_fps
'-egA8-b7-3M_17,'-egA8-b7-3M,17,46,6.593333333333334,6.736666666666667,1,1,1,105493,107786,2293,197,203,5,inferred_uniform_text_timing,ffmpeg_audio_sample_rate,video_frame_index_and_fps
'-egA8-b7-3M_17,'-egA8-b7-3M,17,47,6.736666666666667,6.88,0,1,1,107786,110080,2294,202,207,4,inferred_uniform_text_timing,ffmpeg_audio_sample_rate,video_frame_index_and_fps
'-egA8-b7-3M_17,'-egA8-b7-3M,17,48,6.88,7.023333333333333,1,1,1,110080,112373,2293,206,211,4,inferred_uniform_text_timing,ffmpeg_audio_sample_rate,video_frame_index_and_fps
'-egA8-b7-3M_17,'-egA8-b7-3M,17,49,7.023333333333333,7.166666666666668,0,1,1,112373,114666,1151,210,216,4,inferred_uniform_text_timing,ffmpeg_audio_sample_rate,video_frame_index_and_fps
'-egA8-b7-3M_18,'-egA8-b7-3M,18,0,0.0,0.16666666666666669,0,1,1,0,2666,2666,0,6,5,inferred_uniform_text_timing,ffmpeg_audio_sample_rate,video_frame_index_and_fps
'-egA8-b7-3M_18,'-egA8-b7-3M,18,1,0.16666666666666669,0.33333333333333337,1,1,1,2666,5333,2667,5,11,5,inferred_uniform_text_timing,ffmpeg_audio_sample_rate,video_frame_index_and_fps
'-egA8-b7-3M_18,'-egA8-b7-3M,18,2,0.33333333333333337,0.5,0,1,1,5333,8000,2667,10,15,5,inferred_uniform_text_timing,ffmpeg_audio_sample_rate,video_frame_index_and_fps
'-egA8-b7-3M_18,'-egA8-b7-3M,18,3,0.5,0.6666666666666667,1,1,1,8000,10666,2666,15,21,5,inferred_uniform_text_timing,ffmpeg_audio_sample_rate,video_frame_index_and_fps
'-egA8-b7-3M_18,'-egA8-b7-3M,18,4,0.6666666666666667,0.8333333333333335,0,1,1,10666,13333,2667,20,26,5,inferred_uniform_text_timing,ffmpeg_audio_sample_rate,video_frame_index_and_fps
'-egA8-b7-3M_18,'-egA8-b7-3M,18,5,0.8333333333333335,1.0,1,1,1,13333,16000,2667,25,30,5,inferred_uniform_text_timing,ffmpeg_audio_sample_rate,video_frame_index_and_fps
'-egA8-b7-3M_18,'-egA8-b7-3M,18,6,1.0,1.1666666666666667,0,1,1,16000,18666,2666,30,35,5,inferred_uniform_text_timing,ffmpeg_audio_sample_rate,video_frame_index_and_fps
'-egA8-b7-3M_18,'-egA8-b7-3M,18,7,1.1666666666666667,1.3333333333333335,1,1,1,18666,21333,2667,35,41,5,inferred_uniform_text_timing,ffmpeg_audio_sample_rate,video_frame_index_and_fps
'-egA8-b7-3M_18,'-egA8-b7-3M,18,8,1.3333333333333335,1.5,0,1,1,21333,24000,2667,40,45,5,inferred_uniform_text_timing,ffmpeg_audio_sample_rate,video_frame_index_and_fps
'-egA8-b7-3M_18,'-egA8-b7-3M,18,9,1.5,1.666666666666667,1,1,1,24000,26666,2666,45,51,5,inferred_uniform_text_timing,ffmpeg_audio_sample_rate,video_frame_index_and_fps
'-egA8-b7-3M_18,'-egA8-b7-3M,18,10,1.666666666666667,1.8333333333333335,0,1,1,26666,29333,2667,50,56,5,inferred_uniform_text_timing,ffmpeg_audio_sample_rate,video_frame_index_and_fps
'-egA8-b7-3M_18,'-egA8-b7-3M,18,11,1.8333333333333335,2.0,1,1,1,29333,32000,2667,55,60,5,inferred_uniform_text_timing,ffmpeg_audio_sample_rate,video_frame_index_and_fps
'-egA8-b7-3M_18,'-egA8-b7-3M,18,12,2.0,2.166666666666667,0,1,1,32000,34666,2666,60,66,5,inferred_uniform_text_timing,ffmpeg_audio_sample_rate,video_frame_index_and_fps
'-egA8-b7-3M_18,'-egA8-b7-3M,18,13,2.166666666666667,2.3333333333333335,0,1,1,34666,37333,2667,65,70,5,inferred_uniform_text_timing,ffmpeg_audio_sample_rate,video_frame_index_and_fps
'-egA8-b7-3M_18,'-egA8-b7-3M,18,14,2.3333333333333335,2.5000000000000004,1,1,1,37333,40000,2667,70,76,5,inferred_uniform_text_timing,ffmpeg_audio_sample_rate,video_frame_index_and_fps
'-egA8-b7-3M_18,'-egA8-b7-3M,18,15,2.5000000000000004,2.666666666666667,0,1,1,40000,42666,2666,75,81,5,inferred_uniform_text_timing,ffmpeg_audio_sample_rate,video_frame_index_and_fps
'-egA8-b7-3M_18,'-egA8-b7-3M,18,16,2.666666666666667,2.833333333333334,1,1,1,42666,45333,2667,80,86,5,inferred_uniform_text_timing,ffmpeg_audio_sample_rate,video_frame_index_and_fps
'-egA8-b7-3M_18,'-egA8-b7-3M,18,17,2.833333333333334,3.0,0,1,1,45333,48000,2667,85,90,5,inferred_uniform_text_timing,ffmpeg_audio_sample_rate,video_frame_index_and_fps
'-egA8-b7-3M_18,'-egA8-b7-3M,18,18,3.0,3.166666666666667,1,1,1,48000,50666,2666,90,96,5,inferred_uniform_text_timing,ffmpeg_audio_sample_rate,video_frame_index_and_fps
'-egA8-b7-3M_18,'-egA8-b7-3M,18,19,3.166666666666667,3.333333333333334,0,1,1,50666,53333,2667,95,101,5,inferred_uniform_text_timing,ffmpeg_audio_sample_rate,video_frame_index_and_fps
'-egA8-b7-3M_18,'-egA8-b7-3M,18,20,3.333333333333334,3.5,1,1,1,53333,56000,2667,100,105,5,inferred_uniform_text_timing,ffmpeg_audio_sample_rate,video_frame_index_and_fps
'-egA8-b7-3M_18,'-egA8-b7-3M,18,21,3.5,3.666666666666667,0,1,1,56000,58666,2666,105,111,5,inferred_uniform_text_timing,ffmpeg_audio_sample_rate,video_frame_index_and_fps
'-egA8-b7-3M_18,'-egA8-b7-3M,18,22,3.666666666666667,3.833333333333334,1,1,1,58666,61333,2667,110,116,5,inferred_uniform_text_timing,ffmpeg_audio_sample_rate,video_frame_index_and_fps
'-egA8-b7-3M_18,'-egA8-b7-3M,18,23,3.833333333333334,4.0,0,1,1,61333,64000,2667,115,120,5,inferred_uniform_text_timing,ffmpeg_audio_sample_rate,video_frame_index_and_fps
'-egA8-b7-3M_18,'-egA8-b7-3M,18,24,4.0,4.166666666666667,0,1,1,64000,66666,2666,120,126,5,inferred_uniform_text_timing,ffmpeg_audio_sample_rate,video_frame_index_and_fps
'-egA8-b7-3M_18,'-egA8-b7-3M,18,25,4.166666666666667,4.333333333333334,1,1,1,66666,69333,2667,125,131,5,inferred_uniform_text_timing,ffmpeg_audio_sample_rate,video_frame_index_and_fps
'-egA8-b7-3M_18,'-egA8-b7-3M,18,26,4.333333333333334,4.500000000000001,0,1,1,69333,72000,2667,130,136,5,inferred_uniform_text_timing,ffmpeg_audio_sample_rate,video_frame_index_and_fps
'-egA8-b7-3M_18,'-egA8-b7-3M,18,27,4.500000000000001,4.666666666666667,1,1,1,72000,74666,2666,135,140,5,inferred_uniform_text_timing,ffmpeg_audio_sample_rate,video_frame_index_and_fps
'-egA8-b7-3M_18,'-egA8-b7-3M,18,28,4.666666666666667,4.833333333333334,0,1,1,74666,77333,2667,140,146,6,inferred_uniform_text_timing,ffmpeg_audio_sample_rate,video_frame_index_and_fps
'-egA8-b7-3M_18,'-egA8-b7-3M,18,29,4.833333333333334,5.000000000000001,1,1,1,77333,80000,2667,145,151,4,inferred_uniform_text_timing,ffmpeg_audio_sample_rate,video_frame_index_and_fps
'-egA8-b7-3M_18,'-egA8-b7-3M,18,30,5.000000000000001,5.166666666666668,0,1,1,80000,82666,2666,150,156,5,inferred_uniform_text_timing,ffmpeg_audio_sample_rate,video_frame_index_and_fps
'-egA8-b7-3M_18,'-egA8-b7-3M,18,31,5.166666666666668,5.333333333333334,1,1,1,82666,85333,2667,155,161,5,inferred_uniform_text_timing,ffmpeg_audio_sample_rate,video_frame_index_and_fps
'-egA8-b7-3M_18,'-egA8-b7-3M,18,32,5.333333333333334,5.5,0,1,1,85333,88000,2667,160,165,5,inferred_uniform_text_timing,ffmpeg_audio_sample_rate,video_frame_index_and_fps
'-egA8-b7-3M_18,'-egA8-b7-3M,18,33,5.5,5.666666666666668,1,1,1,88000,90666,2666,165,171,5,inferred_uniform_text_timing,ffmpeg_audio_sample_rate,video_frame_index_and_fps
'-egA8-b7-3M_18,'-egA8-b7-3M,18,34,5.666666666666668,5.833333333333334,0,1,1,90666,93333,2667,170,176,5,inferred_uniform_text_timing,ffmpeg_audio_sample_rate,video_frame_index_and_fps
'-egA8-b7-3M_18,'-egA8-b7-3M,18,35,5.833333333333334,6.0,1,1,1,93333,96000,2667,175,180,5,inferred_uniform_text_timing,ffmpeg_audio_sample_rate,video_frame_index_and_fps
'-egA8-b7-3M_18,'-egA8-b7-3M,18,36,6.0,6.166666666666668,0,1,1,96000,98666,2666,180,186,5,inferred_uniform_text_timing,ffmpeg_audio_sample_rate,video_frame_index_and_fps
'-egA8-b7-3M_18,'-egA8-b7-3M,18,37,6.166666666666668,6.333333333333334,0,1,1,98666,101333,2667,185,191,5,inferred_uniform_text_timing,ffmpeg_audio_sample_rate,video_frame_index_and_fps
'-egA8-b7-3M_18,'-egA8-b7-3M,18,38,6.333333333333334,6.5,1,1,1,101333,104000,2667,190,195,5,inferred_uniform_text_timing,ffmpeg_audio_sample_rate,video_frame_index_and_fps
'-egA8-b7-3M_18,'-egA8-b7-3M,18,39,6.5,6.666666666666668,0,1,1,104000,106666,2666,195,201,5,inferred_uniform_text_timing,ffmpeg_audio_sample_rate,video_frame_index_and_fps
'-egA8-b7-3M_18,'-egA8-b7-3M,18,40,6.666666666666668,6.833333333333334,1,1,1,106666,109333,2667,200,206,5,inferred_uniform_text_timing,ffmpeg_audio_sample_rate,video_frame_index_and_fps
'-egA8-b7-3M_18,'-egA8-b7-3M,18,41,6.833333333333334,7.0,0,1,1,109333,112000,2667,205,210,5,inferred_uniform_text_timing,ffmpeg_audio_sample_rate,video_frame_index_and_fps
'-egA8-b7-3M_18,'-egA8-b7-3M,18,42,7.0,7.166666666666668,1,1,1,112000,114666,2666,210,216,5,inferred_uniform_text_timing,ffmpeg_audio_sample_rate,video_frame_index_and_fps
'-egA8-b7-3M_18,'-egA8-b7-3M,18,43,7.166666666666668,7.333333333333334,0,1,1,114666,117333,2667,215,221,5,inferred_uniform_text_timing,ffmpeg_audio_sample_rate,video_frame_index_and_fps
'-egA8-b7-3M_18,'-egA8-b7-3M,18,44,7.333333333333334,7.5,1,1,1,117333,120000,2667,220,225,5,inferred_uniform_text_timing,ffmpeg_audio_sample_rate,video_frame_index_and_fps
'-egA8-b7-3M_18,'-egA8-b7-3M,18,45,7.5,7.666666666666668,0,1,1,120000,122666,2666,225,231,5,inferred_uniform_text_timing,ffmpeg_audio_sample_rate,video_frame_index_and_fps
'-egA8-b7-3M_18,'-egA8-b7-3M,18,46,7.666666666666668,7.833333333333334,1,1,1,122666,125333,2667,230,236,5,inferred_uniform_text_timing,ffmpeg_audio_sample_rate,video_frame_index_and_fps
'-egA8-b7-3M_18,'-egA8-b7-3M,18,47,7.833333333333334,8.0,0,1,1,125333,128000,2667,235,240,5,inferred_uniform_text_timing,ffmpeg_audio_sample_rate,video_frame_index_and_fps
'-egA8-b7-3M_18,'-egA8-b7-3M,18,48,8.0,8.166666666666668,1,1,1,128000,130666,2666,240,246,5,inferred_uniform_text_timing,ffmpeg_audio_sample_rate,video_frame_index_and_fps
'-egA8-b7-3M_18,'-egA8-b7-3M,18,49,8.166666666666668,8.333333333333334,0,1,1,130666,133333,1585,245,251,5,inferred_uniform_text_timing,ffmpeg_audio_sample_rate,video_frame_index_and_fps
'-egA8-b7-3M_16,'-egA8-b7-3M,16,0,0.0,0.11066666666666666,0,1,1,0,1770,1770,0,4,4,inferred_uniform_text_timing,ffmpeg_audio_sample_rate,video_frame_index_and_fps
'-egA8-b7-3M_16,'-egA8-b7-3M,16,1,0.11066666666666666,0.22133333333333333,1,1,1,1770,3541,1771,3,7,3,inferred_uniform_text_timing,ffmpeg_audio_sample_rate,video_frame_index_and_fps
'-egA8-b7-3M_16,'-egA8-b7-3M,16,2,0.22133333333333333,0.332,0,1,1,3541,5312,1771,6,10,3,inferred_uniform_text_timing,ffmpeg_audio_sample_rate,video_frame_index_and_fps
'-egA8-b7-3M_16,'-egA8-b7-3M,16,3,0.332,0.44266666666666665,0,1,1,5312,7082,1770,9,14,4,inferred_uniform_text_timing,ffmpeg_audio_sample_rate,video_frame_index_and_fps
'-egA8-b7-3M_16,'-egA8-b7-3M,16,4,0.44266666666666665,0.5533333333333332,0,1,1,7082,8853,1771,13,17,3,inferred_uniform_text_timing,ffmpeg_audio_sample_rate,video_frame_index_and_fps
'-egA8-b7-3M_16,'-egA8-b7-3M,16,5,0.5533333333333332,0.664,1,1,1,8853,10624,1771,16,20,3,inferred_uniform_text_timing,ffmpeg_audio_sample_rate,video_frame_index_and_fps
'-egA8-b7-3M_16,'-egA8-b7-3M,16,6,0.664,0.7746666666666667,0,1,1,10624,12394,1770,19,24,4,inferred_uniform_text_timing,ffmpeg_audio_sample_rate,video_frame_index_and_fps
'-egA8-b7-3M_16,'-egA8-b7-3M,16,7,0.7746666666666667,0.8853333333333333,0,1,1,12394,14165,1771,23,27,3,inferred_uniform_text_timing,ffmpeg_audio_sample_rate,video_frame_index_and_fps
'-egA8-b7-3M_16,'-egA8-b7-3M,16,8,0.8853333333333333,0.996,0,1,1,14165,15936,1771,26,30,3,inferred_uniform_text_timing,ffmpeg_audio_sample_rate,video_frame_index_and_fps
'-egA8-b7-3M_16,'-egA8-b7-3M,16,9,0.996,1.1066666666666665,1,1,1,15936,17706,1770,29,34,4,inferred_uniform_text_timing,ffmpeg_audio_sample_rate,video_frame_index_and_fps
'-egA8-b7-3M_16,'-egA8-b7-3M,16,10,1.1066666666666665,1.2173333333333334,0,1,1,17706,19477,1771,33,37,3,inferred_uniform_text_timing,ffmpeg_audio_sample_rate,video_frame_index_and_fps
'-egA8-b7-3M_16,'-egA8-b7-3M,16,11,1.2173333333333334,1.328,0,1,1,19477,21248,1771,36,40,3,inferred_uniform_text_timing,ffmpeg_audio_sample_rate,video_frame_index_and_fps
'-egA8-b7-3M_16,'-egA8-b7-3M,16,12,1.328,1.4386666666666668,0,1,1,21248,23018,1770,39,44,4,inferred_uniform_text_timing,ffmpeg_audio_sample_rate,video_frame_index_and_fps
'-egA8-b7-3M_16,'-egA8-b7-3M,16,13,1.4386666666666668,1.5493333333333335,1,1,1,23018,24789,1771,43,47,3,inferred_uniform_text_timing,ffmpeg_audio_sample_rate,video_frame_index_and_fps
'-egA8-b7-3M_16,'-egA8-b7-3M,16,14,1.5493333333333335,1.66,0,1,1,24789,26560,1771,46,50,3,inferred_uniform_text_timing,ffmpeg_audio_sample_rate,video_frame_index_and_fps
'-egA8-b7-3M_16,'-egA8-b7-3M,16,15,1.66,1.7706666666666666,0,1,1,26560,28330,1770,49,54,4,inferred_uniform_text_timing,ffmpeg_audio_sample_rate,video_frame_index_and_fps
'-egA8-b7-3M_16,'-egA8-b7-3M,16,16,1.7706666666666666,1.8813333333333333,0,1,1,28330,30101,1771,53,57,3,inferred_uniform_text_timing,ffmpeg_audio_sample_rate,video_frame_index_and_fps
'-egA8-b7-3M_16,'-egA8-b7-3M,16,17,1.8813333333333333,1.992,1,1,1,30101,31872,1771,56,60,3,inferred_uniform_text_timing,ffmpeg_audio_sample_rate,video_frame_index_and_fps
'-egA8-b7-3M_16,'-egA8-b7-3M,16,18,1.992,2.1026666666666665,0,1,1,31872,33642,1770,59,64,4,inferred_uniform_text_timing,ffmpeg_audio_sample_rate,video_frame_index_and_fps
'-egA8-b7-3M_16,'-egA8-b7-3M,16,19,2.1026666666666665,2.213333333333333,0,1,1,33642,35413,1771,63,67,3,inferred_uniform_text_timing,ffmpeg_audio_sample_rate,video_frame_index_and_fps
'-egA8-b7-3M_16,'-egA8-b7-3M,16,20,2.213333333333333,2.324,0,1,1,35413,37184,1771,66,70,3,inferred_uniform_text_timing,ffmpeg_audio_sample_rate,video_frame_index_and_fps
'-egA8-b7-3M_16,'-egA8-b7-3M,16,21,2.324,2.4346666666666668,1,1,1,37184,38954,1770,69,74,4,inferred_uniform_text_timing,ffmpeg_audio_sample_rate,video_frame_index_and_fps
'-egA8-b7-3M_16,'-egA8-b7-3M,16,22,2.4346666666666668,2.5453333333333332,0,1,1,38954,40725,1771,73,77,3,inferred_uniform_text_timing,ffmpeg_audio_sample_rate,video_frame_index_and_fps
'-egA8-b7-3M_16,'-egA8-b7-3M,16,23,2.5453333333333332,2.656,0,1,1,40725,42496,1771,76,80,3,inferred_uniform_text_timing,ffmpeg_audio_sample_rate,video_frame_index_and_fps
'-egA8-b7-3M_16,'-egA8-b7-3M,16,24,2.656,2.766666666666667,0,1,1,42496,44266,1770,79,84,3,inferred_uniform_text_timing,ffmpeg_audio_sample_rate,video_frame_index_and_fps
'-egA8-b7-3M_16,'-egA8-b7-3M,16,25,2.766666666666667,2.8773333333333335,1,1,1,44266,46037,1771,83,87,4,inferred_uniform_text_timing,ffmpeg_audio_sample_rate,video_frame_index_and_fps
'-egA8-b7-3M_16,'-egA8-b7-3M,16,26,2.8773333333333335,2.988,0,1,1,46037,47808,1771,86,90,3,inferred_uniform_text_timing,ffmpeg_audio_sample_rate,video_frame_index_and_fps
'-egA8-b7-3M_16,'-egA8-b7-3M,16,27,2.988,3.098666666666667,0,1,1,47808,49578,1770,89,93,3,inferred_uniform_text_timing,ffmpeg_audio_sample_rate,video_frame_index_and_fps
'-egA8-b7-3M_16,'-egA8-b7-3M,16,28,3.098666666666667,3.2093333333333334,1,1,1,49578,51349,1771,92,97,4,inferred_uniform_text_timing,ffmpeg_audio_sample_rate,video_frame_index_and_fps
'-egA8-b7-3M_16,'-egA8-b7-3M,16,29,3.2093333333333334,3.32,0,1,1,51349,53120,1771,96,100,3,inferred_uniform_text_timing,ffmpeg_audio_sample_rate,video_frame_index_and_fps
'-egA8-b7-3M_16,'-egA8-b7-3M,16,30,3.32,3.4306666666666668,0,1,1,53120,54890,1770,99,103,3,inferred_uniform_text_timing,ffmpeg_audio_sample_rate,video_frame_index_and_fps
'-egA8-b7-3M_16,'-egA8-b7-3M,16,31,3.4306666666666668,3.541333333333333,0,1,1,54890,56661,1771,102,107,4,inferred_uniform_text_timing,ffmpeg_audio_sample_rate,video_frame_index_and_fps
'-egA8-b7-3M_16,'-egA8-b7-3M,16,32,3.541333333333333,3.6519999999999997,1,1,1,56661,58431,1770,106,110,3,inferred_uniform_text_timing,ffmpeg_audio_sample_rate,video_frame_index_and_fps
'-egA8-b7-3M_16,'-egA8-b7-3M,16,33,3.6519999999999997,3.7626666666666666,0,1,1,58431,60202,1771,109,113,3,inferred_uniform_text_timing,ffmpeg_audio_sample_rate,video_frame_index_and_fps
'-egA8-b7-3M_16,'-egA8-b7-3M,16,34,3.7626666666666666,3.873333333333333,0,1,1,60202,61973,1771,112,117,4,inferred_uniform_text_timing,ffmpeg_audio_sample_rate,video_frame_index_and_fps
'-egA8-b7-3M_16,'-egA8-b7-3M,16,35,3.873333333333333,3.984,0,1,1,61973,63744,1771,116,120,3,inferred_uniform_text_timing,ffmpeg_audio_sample_rate,video_frame_index_and_fps
'-egA8-b7-3M_16,'-egA8-b7-3M,16,36,3.984,4.094666666666666,1,1,1,63744,65514,1770,119,123,3,inferred_uniform_text_timing,ffmpeg_audio_sample_rate,video_frame_index_and_fps
'-egA8-b7-3M_16,'-egA8-b7-3M,16,37,4.094666666666666,4.205333333333333,0,1,1,65514,67285,1771,122,127,4,inferred_uniform_text_timing,ffmpeg_audio_sample_rate,video_frame_index_and_fps
'-egA8-b7-3M_16,'-egA8-b7-3M,16,38,4.205333333333333,4.316,0,1,1,67285,69056,1771,126,130,3,inferred_uniform_text_timing,ffmpeg_audio_sample_rate,video_frame_index_and_fps
'-egA8-b7-3M_16,'-egA8-b7-3M,16,39,4.316,4.426666666666666,0,1,1,69056,70826,1770,129,133,3,inferred_uniform_text_timing,ffmpeg_audio_sample_rate,video_frame_index_and_fps
'-egA8-b7-3M_16,'-egA8-b7-3M,16,40,4.426666666666666,4.537333333333334,1,1,1,70826,72597,1771,132,137,4,inferred_uniform_text_timing,ffmpeg_audio_sample_rate,video_frame_index_and_fps
'-egA8-b7-3M_16,'-egA8-b7-3M,16,41,4.537333333333334,4.648,0,1,1,72597,74368,1771,136,140,3,inferred_uniform_text_timing,ffmpeg_audio_sample_rate,video_frame_index_and_fps
'-egA8-b7-3M_16,'-egA8-b7-3M,16,42,4.648,4.758666666666667,0,1,1,74368,76138,1770,139,143,3,inferred_uniform_text_timing,ffmpeg_audio_sample_rate,video_frame_index_and_fps
'-egA8-b7-3M_16,'-egA8-b7-3M,16,43,4.758666666666667,4.8693333333333335,0,1,1,76138,77909,1771,142,147,4,inferred_uniform_text_timing,ffmpeg_audio_sample_rate,video_frame_index_and_fps
'-egA8-b7-3M_16,'-egA8-b7-3M,16,44,4.8693333333333335,4.98,1,1,1,77909,79680,1771,146,150,3,inferred_uniform_text_timing,ffmpeg_audio_sample_rate,video_frame_index_and_fps
'-egA8-b7-3M_16,'-egA8-b7-3M,16,45,4.98,5.0906666666666665,0,1,1,79680,81450,1770,149,153,3,inferred_uniform_text_timing,ffmpeg_audio_sample_rate,video_frame_index_and_fps
'-egA8-b7-3M_16,'-egA8-b7-3M,16,46,5.0906666666666665,5.201333333333333,0,1,1,81450,83221,1771,152,157,4,inferred_uniform_text_timing,ffmpeg_audio_sample_rate,video_frame_index_and_fps
'-egA8-b7-3M_16,'-egA8-b7-3M,16,47,5.201333333333333,5.312,0,1,1,83221,84992,1771,156,160,3,inferred_uniform_text_timing,ffmpeg_audio_sample_rate,video_frame_index_and_fps
'-egA8-b7-3M_16,'-egA8-b7-3M,16,48,5.312,5.422666666666666,1,1,1,84992,86762,1770,159,163,3,inferred_uniform_text_timing,ffmpeg_audio_sample_rate,video_frame_index_and_fps
'-egA8-b7-3M_16,'-egA8-b7-3M,16,49,5.422666666666666,5.533333333333334,0,1,1,86762,88533,966,162,167,3,inferred_uniform_text_timing,ffmpeg_audio_sample_rate,video_frame_index_and_fps
'-egA8-b7-3M_13,'-egA8-b7-3M,13,0,0.0,0.08199999999999999,0,1,1,0,1311,1311,0,3,3,inferred_uniform_text_timing,ffmpeg_audio_sample_rate,video_frame_index_and_fps
'-egA8-b7-3M_13,'-egA8-b7-3M,13,1,0.08199999999999999,0.16399999999999998,1,1,1,1311,2623,1312,2,5,2,inferred_uniform_text_timing,ffmpeg_audio_sample_rate,video_frame_index_and_fps
'-egA8-b7-3M_13,'-egA8-b7-3M,13,2,0.16399999999999998,0.24599999999999997,0,1,1,2623,3935,1312,4,8,3,inferred_uniform_text_timing,ffmpeg_audio_sample_rate,video_frame_index_and_fps
'-egA8-b7-3M_13,'-egA8-b7-3M,13,3,0.24599999999999997,0.32799999999999996,0,1,1,3935,5247,1312,7,10,2,inferred_uniform_text_timing,ffmpeg_audio_sample_rate,video_frame_index_and_fps
'-egA8-b7-3M_13,'-egA8-b7-3M,13,4,0.32799999999999996,0.41,0,1,1,5247,6560,1313,9,13,3,inferred_uniform_text_timing,ffmpeg_audio_sample_rate,video_frame_index_and_fps
'-egA8-b7-3M_13,'-egA8-b7-3M,13,5,0.41,0.49199999999999994,1,1,1,6560,7871,1311,12,15,2,inferred_uniform_text_timing,ffmpeg_audio_sample_rate,video_frame_index_and_fps
'-egA8-b7-3M_13,'-egA8-b7-3M,13,6,0.49199999999999994,0.574,0,1,1,7871,9184,1313,14,18,3,inferred_uniform_text_timing,ffmpeg_audio_sample_rate,video_frame_index_and_fps
'-egA8-b7-3M_13,'-egA8-b7-3M,13,7,0.574,0.6559999999999999,0,1,1,9184,10495,1311,17,20,2,inferred_uniform_text_timing,ffmpeg_audio_sample_rate,video_frame_index_and_fps
'-egA8-b7-3M_13,'-egA8-b7-3M,13,8,0.6559999999999999,0.738,1,1,1,10495,11808,1313,19,23,3,inferred_uniform_text_timing,ffmpeg_audio_sample_rate,video_frame_index_and_fps
'-egA8-b7-3M_13,'-egA8-b7-3M,13,9,0.738,0.82,0,1,1,11808,13120,1312,22,25,2,inferred_uniform_text_timing,ffmpeg_audio_sample_rate,video_frame_index_and_fps
'-egA8-b7-3M_13,'-egA8-b7-3M,13,10,0.82,0.9019999999999999,0,1,1,13120,14431,1311,24,28,3,inferred_uniform_text_timing,ffmpeg_audio_sample_rate,video_frame_index_and_fps
'-egA8-b7-3M_13,'-egA8-b7-3M,13,11,0.9019999999999999,0.9839999999999999,0,1,1,14431,15743,1312,27,30,2,inferred_uniform_text_timing,ffmpeg_audio_sample_rate,video_frame_index_and_fps
'-egA8-b7-3M_13,'-egA8-b7-3M,13,12,0.9839999999999999,1.0659999999999998,1,1,1,15743,17055,1312,29,32,2,inferred_uniform_text_timing,ffmpeg_audio_sample_rate,video_frame_index_and_fps
'-egA8-b7-3M_13,'-egA8-b7-3M,13,13,1.0659999999999998,1.148,0,1,1,17055,18368,1313,31,35,3,inferred_uniform_text_timing,ffmpeg_audio_sample_rate,video_frame_index_and_fps
'-egA8-b7-3M_13,'-egA8-b7-3M,13,14,1.148,1.2299999999999998,0,1,1,18368,19679,1311,34,37,2,inferred_uniform_text_timing,ffmpeg_audio_sample_rate,video_frame_index_and_fps
'-egA8-b7-3M_13,'-egA8-b7-3M,13,15,1.2299999999999998,1.3119999999999998,0,1,1,19679,20991,1312,36,40,3,inferred_uniform_text_timing,ffmpeg_audio_sample_rate,video_frame_index_and_fps
'-egA8-b7-3M_13,'-egA8-b7-3M,13,16,1.3119999999999998,1.3939999999999997,1,1,1,20991,22303,1312,39,42,2,inferred_uniform_text_timing,ffmpeg_audio_sample_rate,video_frame_index_and_fps
'-egA8-b7-3M_13,'-egA8-b7-3M,13,17,1.3939999999999997,1.476,0,1,1,22303,23616,1313,41,45,3,inferred_uniform_text_timing,ffmpeg_audio_sample_rate,video_frame_index_and_fps
'-egA8-b7-3M_13,'-egA8-b7-3M,13,18,1.476,1.5579999999999998,0,1,1,23616,24927,1311,44,47,2,inferred_uniform_text_timing,ffmpeg_audio_sample_rate,video_frame_index_and_fps
'-egA8-b7-3M_13,'-egA8-b7-3M,13,19,1.5579999999999998,1.64,1,1,1,24927,26240,1313,46,50,3,inferred_uniform_text_timing,ffmpeg_audio_sample_rate,video_frame_index_and_fps
'-egA8-b7-3M_13,'-egA8-b7-3M,13,20,1.64,1.722,0,1,1,26240,27552,1312,49,52,2,inferred_uniform_text_timing,ffmpeg_audio_sample_rate,video_frame_index_and_fps
'-egA8-b7-3M_13,'-egA8-b7-3M,13,21,1.722,1.8039999999999998,0,1,1,27552,28863,1311,51,55,3,inferred_uniform_text_timing,ffmpeg_audio_sample_rate,video_frame_index_and_fps
'-egA8-b7-3M_13,'-egA8-b7-3M,13,22,1.8039999999999998,1.886,0,1,1,28863,30176,1313,54,57,2,inferred_uniform_text_timing,ffmpeg_audio_sample_rate,video_frame_index_and_fps
'-egA8-b7-3M_13,'-egA8-b7-3M,13,23,1.886,1.9679999999999997,1,1,1,30176,31487,1311,56,60,3,inferred_uniform_text_timing,ffmpeg_audio_sample_rate,video_frame_index_and_fps
'-egA8-b7-3M_13,'-egA8-b7-3M,13,24,1.9679999999999997,2.05,0,1,1,31487,32800,1313,59,62,2,inferred_uniform_text_timing,ffmpeg_audio_sample_rate,video_frame_index_and_fps
'-egA8-b7-3M_13,'-egA8-b7-3M,13,25,2.05,2.1319999999999997,0,1,1,32800,34111,1311,61,64,2,inferred_uniform_text_timing,ffmpeg_audio_sample_rate,video_frame_index_and_fps
'-egA8-b7-3M_13,'-egA8-b7-3M,13,26,2.1319999999999997,2.214,1,1,1,34111,35424,1313,63,67,3,inferred_uniform_text_timing,ffmpeg_audio_sample_rate,video_frame_index_and_fps
'-egA8-b7-3M_13,'-egA8-b7-3M,13,27,2.214,2.296,0,1,1,35424,36736,1312,66,69,2,inferred_uniform_text_timing,ffmpeg_audio_sample_rate,video_frame_index_and_fps
'-egA8-b7-3M_13,'-egA8-b7-3M,13,28,2.296,2.3779999999999997,0,1,1,36736,38047,1311,68,72,3,inferred_uniform_text_timing,ffmpeg_audio_sample_rate,video_frame_index_and_fps
'-egA8-b7-3M_13,'-egA8-b7-3M,13,29,2.3779999999999997,2.4599999999999995,0,1,1,38047,39359,1312,71,74,2,inferred_uniform_text_timing,ffmpeg_audio_sample_rate,video_frame_index_and_fps
'-egA8-b7-3M_13,'-egA8-b7-3M,13,30,2.4599999999999995,2.542,1,1,1,39359,40672,1313,73,77,3,inferred_uniform_text_timing,ffmpeg_audio_sample_rate,video_frame_index_and_fps
'-egA8-b7-3M_13,'-egA8-b7-3M,13,31,2.542,2.6239999999999997,0,1,1,40672,41983,1311,76,79,2,inferred_uniform_text_timing,ffmpeg_audio_sample_rate,video_frame_index_and_fps
'-egA8-b7-3M_13,'-egA8-b7-3M,13,32,2.6239999999999997,2.7059999999999995,0,1,1,41983,43295,1312,78,82,3,inferred_uniform_text_timing,ffmpeg_audio_sample_rate,video_frame_index_and_fps
'-egA8-b7-3M_13,'-egA8-b7-3M,13,33,2.7059999999999995,2.7879999999999994,1,1,1,43295,44607,1312,81,84,2,inferred_uniform_text_timing,ffmpeg_audio_sample_rate,video_frame_index_and_fps
'-egA8-b7-3M_13,'-egA8-b7-3M,13,34,2.7879999999999994,2.87,0,1,1,44607,45920,1313,83,87,3,inferred_uniform_text_timing,ffmpeg_audio_sample_rate,video_frame_index_and_fps
'-egA8-b7-3M_13,'-egA8-b7-3M,13,35,2.87,2.952,0,1,1,45920,47232,1312,86,89,2,inferred_uniform_text_timing,ffmpeg_audio_sample_rate,video_frame_index_and_fps
'-egA8-b7-3M_13,'-egA8-b7-3M,13,36,2.952,3.034,0,1,1,47232,48544,1312,88,92,3,inferred_uniform_text_timing,ffmpeg_audio_sample_rate,video_frame_index_and_fps
'-egA8-b7-3M_13,'-egA8-b7-3M,13,37,3.034,3.1159999999999997,1,1,1,48544,49855,1311,91,94,2,inferred_uniform_text_timing,ffmpeg_audio_sample_rate,video_frame_index_and_fps
'-egA8-b7-3M_13,'-egA8-b7-3M,13,38,3.1159999999999997,3.1979999999999995,0,1,1,49855,51167,1312,93,96,2,inferred_uniform_text_timing,ffmpeg_audio_sample_rate,video_frame_index_and_fps
'-egA8-b7-3M_13,'-egA8-b7-3M,13,39,3.1979999999999995,3.28,0,1,1,51167,52480,1313,95,99,3,inferred_uniform_text_timing,ffmpeg_audio_sample_rate,video_frame_index_and_fps
'-egA8-b7-3M_13,'-egA8-b7-3M,13,40,3.28,3.362,0,1,1,52480,53792,1312,98,101,2,inferred_uniform_text_timing,ffmpeg_audio_sample_rate,video_frame_index_and_fps
'-egA8-b7-3M_13,'-egA8-b7-3M,13,41,3.362,3.444,1,1,1,53792,55104,1312,100,104,3,inferred_uniform_text_timing,ffmpeg_audio_sample_rate,video_frame_index_and_fps
'-egA8-b7-3M_13,'-egA8-b7-3M,13,42,3.444,3.526,0,1,1,55104,56416,1312,103,106,2,inferred_uniform_text_timing,ffmpeg_audio_sample_rate,video_frame_index_and_fps
'-egA8-b7-3M_13,'-egA8-b7-3M,13,43,3.526,3.6079999999999997,0,1,1,56416,57727,1311,105,109,3,inferred_uniform_text_timing,ffmpeg_audio_sample_rate,video_frame_index_and_fps
'-egA8-b7-3M_13,'-egA8-b7-3M,13,44,3.6079999999999997,3.6899999999999995,1,1,1,57727,59039,1312,108,111,2,inferred_uniform_text_timing,ffmpeg_audio_sample_rate,video_frame_index_and_fps
'-egA8-b7-3M_13,'-egA8-b7-3M,13,45,3.6899999999999995,3.772,0,1,1,59039,60352,1313,110,114,3,inferred_uniform_text_timing,ffmpeg_audio_sample_rate,video_frame_index_and_fps
'-egA8-b7-3M_13,'-egA8-b7-3M,13,46,3.772,3.8539999999999996,0,1,1,60352,61663,1311,113,116,2,inferred_uniform_text_timing,ffmpeg_audio_sample_rate,video_frame_index_and_fps
'-egA8-b7-3M_13,'-egA8-b7-3M,13,47,3.8539999999999996,3.9359999999999995,0,1,1,61663,62975,1312,115,119,3,inferred_uniform_text_timing,ffmpeg_audio_sample_rate,video_frame_index_and_fps
'-egA8-b7-3M_13,'-egA8-b7-3M,13,48,3.9359999999999995,4.018,1,1,1,62975,64288,1313,118,121,2,inferred_uniform_text_timing,ffmpeg_audio_sample_rate,video_frame_index_and_fps
'-egA8-b7-3M_13,'-egA8-b7-3M,13,49,4.018,4.1,0,1,1,64288,65600,94,120,123,2,inferred_uniform_text_timing,ffmpeg_audio_sample_rate,video_frame_index_and_fps
'-egA8-b7-3M_1,'-egA8-b7-3M,1,0,0.0,0.204,0,1,1,0,3264,3264,0,7,7,inferred_uniform_text_timing,ffmpeg_audio_sample_rate,video_frame_index_and_fps
'-egA8-b7-3M_1,'-egA8-b7-3M,1,1,0.204,0.408,1,1,1,3264,6528,3264,6,13,6,inferred_uniform_text_timing,ffmpeg_audio_sample_rate,video_frame_index_and_fps
'-egA8-b7-3M_1,'-egA8-b7-3M,1,2,0.408,0.612,0,1,1,6528,9792,3264,12,19,6,inferred_uniform_text_timing,ffmpeg_audio_sample_rate,video_frame_index_and_fps
'-egA8-b7-3M_1,'-egA8-b7-3M,1,3,0.612,0.816,1,1,1,9792,13056,3264,18,25,6,inferred_uniform_text_timing,ffmpeg_audio_sample_rate,video_frame_index_and_fps
'-egA8-b7-3M_1,'-egA8-b7-3M,1,4,0.816,1.02,0,1,1,13056,16320,3264,24,31,6,inferred_uniform_text_timing,ffmpeg_audio_sample_rate,video_frame_index_and_fps
'-egA8-b7-3M_1,'-egA8-b7-3M,1,5,1.02,1.224,1,1,1,16320,19584,3264,30,37,6,inferred_uniform_text_timing,ffmpeg_audio_sample_rate,video_frame_index_and_fps
'-egA8-b7-3M_1,'-egA8-b7-3M,1,6,1.224,1.428,0,1,1,19584,22848,3264,36,43,6,inferred_uniform_text_timing,ffmpeg_audio_sample_rate,video_frame_index_and_fps
'-egA8-b7-3M_1,'-egA8-b7-3M,1,7,1.428,1.632,1,1,1,22848,26112,3264,42,49,6,inferred_uniform_text_timing,ffmpeg_audio_sample_rate,video_frame_index_and_fps
'-egA8-b7-3M_1,'-egA8-b7-3M,1,8,1.632,1.8359999999999999,0,1,1,26112,29375,3263,48,56,7,inferred_uniform_text_timing,ffmpeg_audio_sample_rate,video_frame_index_and_fps
'-egA8-b7-3M_1,'-egA8-b7-3M,1,9,1.8359999999999999,2.04,0,1,1,29375,32640,3265,55,62,6,inferred_uniform_text_timing,ffmpeg_audio_sample_rate,video_frame_index_and_fps
'-egA8-b7-3M_1,'-egA8-b7-3M,1,10,2.04,2.2439999999999998,1,1,1,32640,35904,3264,61,68,6,inferred_uniform_text_timing,ffmpeg_audio_sample_rate,video_frame_index_and_fps
'-egA8-b7-3M_1,'-egA8-b7-3M,1,11,2.2439999999999998,2.448,0,1,1,35904,39168,3264,67,74,6,inferred_uniform_text_timing,ffmpeg_audio_sample_rate,video_frame_index_and_fps
'-egA8-b7-3M_1,'-egA8-b7-3M,1,12,2.448,2.6519999999999997,1,1,1,39168,42431,3263,73,80,6,inferred_uniform_text_timing,ffmpeg_audio_sample_rate,video_frame_index_and_fps
'-egA8-b7-3M_1,'-egA8-b7-3M,1,13,2.6519999999999997,2.856,0,1,1,42431,45696,3265,79,86,6,inferred_uniform_text_timing,ffmpeg_audio_sample_rate,video_frame_index_and_fps
'-egA8-b7-3M_1,'-egA8-b7-3M,1,14,2.856,3.06,1,1,1,45696,48960,3264,85,92,6,inferred_uniform_text_timing,ffmpeg_audio_sample_rate,video_frame_index_and_fps
'-egA8-b7-3M_1,'-egA8-b7-3M,1,15,3.06,3.264,0,1,1,48960,52224,3264,91,98,6,inferred_uniform_text_timing,ffmpeg_audio_sample_rate,video_frame_index_and_fps
'-egA8-b7-3M_1,'-egA8-b7-3M,1,16,3.264,3.4679999999999995,0,1,1,52224,55487,3263,97,105,7,inferred_uniform_text_timing,ffmpeg_audio_sample_rate,video_frame_index_and_fps
'-egA8-b7-3M_1,'-egA8-b7-3M,1,17,3.4679999999999995,3.6719999999999997,1,1,1,55487,58751,3264,104,111,6,inferred_uniform_text_timing,ffmpeg_audio_sample_rate,video_frame_index_and_fps
'-egA8-b7-3M_1,'-egA8-b7-3M,1,18,3.6719999999999997,3.8759999999999994,0,1,1,58751,62015,3264,110,117,6,inferred_uniform_text_timing,ffmpeg_audio_sample_rate,video_frame_index_and_fps
'-egA8-b7-3M_1,'-egA8-b7-3M,1,19,3.8759999999999994,4.08,1,1,1,62015,65280,3265,116,123,6,inferred_uniform_text_timing,ffmpeg_audio_sample_rate,video_frame_index_and_fps
'-egA8-b7-3M_1,'-egA8-b7-3M,1,20,4.08,4.284,0,1,1,65280,68544,3264,122,129,6,inferred_uniform_text_timing,ffmpeg_audio_sample_rate,video_frame_index_and_fps
'-egA8-b7-3M_1,'-egA8-b7-3M,1,21,4.284,4.4879999999999995,1,1,1,68544,71808,3264,128,135,6,inferred_uniform_text_timing,ffmpeg_audio_sample_rate,video_frame_index_and_fps
'-egA8-b7-3M_1,'-egA8-b7-3M,1,22,4.4879999999999995,4.692,0,1,1,71808,75072,3264,134,141,6,inferred_uniform_text_timing,ffmpeg_audio_sample_rate,video_frame_index_and_fps
'-egA8-b7-3M_1,'-egA8-b7-3M,1,23,4.692,4.896,1,1,1,75072,78336,3264,140,147,6,inferred_uniform_text_timing,ffmpeg_audio_sample_rate,video_frame_index_and_fps
'-egA8-b7-3M_1,'-egA8-b7-3M,1,24,4.896,5.1,0,1,1,78336,81600,3264,146,153,6,inferred_uniform_text_timing,ffmpeg_audio_sample_rate,video_frame_index_and_fps
'-egA8-b7-3M_1,'-egA8-b7-3M,1,25,5.1,5.303999999999999,0,1,1,81600,84863,3263,153,160,7,inferred_uniform_text_timing,ffmpeg_audio_sample_rate,video_frame_index_and_fps
'-egA8-b7-3M_1,'-egA8-b7-3M,1,26,5.303999999999999,5.507999999999999,1,1,1,84863,88127,3264,159,166,6,inferred_uniform_text_timing,ffmpeg_audio_sample_rate,video_frame_index_and_fps
'-egA8-b7-3M_1,'-egA8-b7-3M,1,27,5.507999999999999,5.712,0,1,1,88127,91392,3265,165,172,6,inferred_uniform_text_timing,ffmpeg_audio_sample_rate,video_frame_index_and_fps
'-egA8-b7-3M_1,'-egA8-b7-3M,1,28,5.712,5.9159999999999995,1,1,1,91392,94655,3263,171,178,6,inferred_uniform_text_timing,ffmpeg_audio_sample_rate,video_frame_index_and_fps
'-egA8-b7-3M_1,'-egA8-b7-3M,1,29,5.9159999999999995,6.12,0,1,1,94655,97920,3265,177,184,6,inferred_uniform_text_timing,ffmpeg_audio_sample_rate,video_frame_index_and_fps
'-egA8-b7-3M_1,'-egA8-b7-3M,1,30,6.12,6.324,1,1,1,97920,101184,3264,183,190,6,inferred_uniform_text_timing,ffmpeg_audio_sample_rate,video_frame_index_and_fps
'-egA8-b7-3M_1,'-egA8-b7-3M,1,31,6.324,6.528,0,1,1,101184,104448,3264,189,196,6,inferred_uniform_text_timing,ffmpeg_audio_sample_rate,video_frame_index_and_fps
'-egA8-b7-3M_1,'-egA8-b7-3M,1,32,6.528,6.731999999999999,1,1,1,104448,107711,3263,195,202,6,inferred_uniform_text_timing,ffmpeg_audio_sample_rate,video_frame_index_and_fps
'-egA8-b7-3M_1,'-egA8-b7-3M,1,33,6.731999999999999,6.935999999999999,0,1,1,107711,110975,3264,201,209,7,inferred_uniform_text_timing,ffmpeg_audio_sample_rate,video_frame_index_and_fps
'-egA8-b7-3M_1,'-egA8-b7-3M,1,34,6.935999999999999,7.14,0,1,1,110975,114240,3265,208,215,6,inferred_uniform_text_timing,ffmpeg_audio_sample_rate,video_frame_index_and_fps
'-egA8-b7-3M_1,'-egA8-b7-3M,1,35,7.14,7.343999999999999,1,1,1,114240,117503,3263,214,221,6,inferred_uniform_text_timing,ffmpeg_audio_sample_rate,video_frame_index_and_fps
'-egA8-b7-3M_1,'-egA8-b7-3M,1,36,7.343999999999999,7.547999999999999,0,1,1,117503,120767,3264,220,227,6,inferred_uniform_text_timing,ffmpeg_audio_sample_rate,video_frame_index_and_fps
'-egA8-b7-3M_1,'-egA8-b7-3M,1,37,7.547999999999999,7.751999999999999,1,1,1,120767,124031,3264,226,233,6,inferred_uniform_text_timing,ffmpeg_audio_sample_rate,video_frame_index_and_fps
'-egA8-b7-3M_1,'-egA8-b7-3M,1,38,7.751999999999999,7.9559999999999995,0,1,1,124031,127295,3264,232,239,6,inferred_uniform_text_timing,ffmpeg_audio_sample_rate,video_frame_index_and_fps
'-egA8-b7-3M_1,'-egA8-b7-3M,1,39,7.9559999999999995,8.16,1,1,1,127295,130560,3265,238,245,6,inferred_uniform_text_timing,ffmpeg_audio_sample_rate,video_frame_index_and_fps
'-egA8-b7-3M_1,'-egA8-b7-3M,1,40,8.16,8.363999999999999,0,1,1,130560,133823,3263,244,251,6,inferred_uniform_text_timing,ffmpeg_audio_sample_rate,video_frame_index_and_fps
'-egA8-b7-3M_1,'-egA8-b7-3M,1,41,8.363999999999999,8.568,0,1,1,133823,137088,3265,250,258,7,inferred_uniform_text_timing,ffmpeg_audio_sample_rate,video_frame_index_and_fps
'-egA8-b7-3M_1,'-egA8-b7-3M,1,42,8.568,8.771999999999998,1,1,1,137088,140351,3263,257,264,6,inferred_uniform_text_timing,ffmpeg_audio_sample_rate,video_frame_index_and_fps
'-egA8-b7-3M_1,'-egA8-b7-3M,1,43,8.771999999999998,8.975999999999999,0,1,1,140351,143616,3265,263,270,6,inferred_uniform_text_timing,ffmpeg_audio_sample_rate,video_frame_index_and_fps
'-egA8-b7-3M_1,'-egA8-b7-3M,1,44,8.975999999999999,9.18,1,1,1,143616,146880,3264,269,276,6,inferred_uniform_text_timing,ffmpeg_audio_sample_rate,video_frame_index_and_fps
'-egA8-b7-3M_1,'-egA8-b7-3M,1,45,9.18,9.384,0,1,1,146880,150144,3264,275,282,6,inferred_uniform_text_timing,ffmpeg_audio_sample_rate,video_frame_index_and_fps
'-egA8-b7-3M_1,'-egA8-b7-3M,1,46,9.384,9.588,1,1,1,150144,153408,3264,281,288,6,inferred_uniform_text_timing,ffmpeg_audio_sample_rate,video_frame_index_and_fps
'-egA8-b7-3M_1,'-egA8-b7-3M,1,47,9.588,9.792,0,1,1,153408,156672,3264,287,294,6,inferred_uniform_text_timing,ffmpeg_audio_sample_rate,video_frame_index_and_fps
'-egA8-b7-3M_1,'-egA8-b7-3M,1,48,9.792,9.995999999999999,1,1,1,156672,159935,3263,293,300,6,inferred_uniform_text_timing,ffmpeg_audio_sample_rate,video_frame_index_and_fps
'-egA8-b7-3M_1,'-egA8-b7-3M,1,49,9.995999999999999,10.2,0,1,1,159935,163200,2565,299,306,6,inferred_uniform_text_timing,ffmpeg_audio_sample_rate,video_frame_index_and_fps
'-egA8-b7-3M_6,'-egA8-b7-3M,6,0,0.0,0.12466666666666666,0,1,1,0,1994,1994,0,4,4,inferred_uniform_text_timing,ffmpeg_audio_sample_rate,video_frame_index_and_fps
'-egA8-b7-3M_6,'-egA8-b7-3M,6,1,0.12466666666666666,0.24933333333333332,1,1,1,1994,3989,1995,3,8,4,inferred_uniform_text_timing,ffmpeg_audio_sample_rate,video_frame_index_and_fps
'-egA8-b7-3M_6,'-egA8-b7-3M,6,2,0.24933333333333332,0.374,0,1,1,3989,5984,1995,7,12,4,inferred_uniform_text_timing,ffmpeg_audio_sample_rate,video_frame_index_and_fps
'-egA8-b7-3M_6,'-egA8-b7-3M,6,3,0.374,0.49866666666666665,0,1,1,5984,7978,1994,11,15,3,inferred_uniform_text_timing,ffmpeg_audio_sample_rate,video_frame_index_and_fps
'-egA8-b7-3M_6,'-egA8-b7-3M,6,4,0.49866666666666665,0.6233333333333334,0,1,1,7978,9973,1995,14,19,4,inferred_uniform_text_timing,ffmpeg_audio_sample_rate,video_frame_index_and_fps
'-egA8-b7-3M_6,'-egA8-b7-3M,6,5,0.6233333333333334,0.748,1,1,1,9973,11968,1995,18,23,4,inferred_uniform_text_timing,ffmpeg_audio_sample_rate,video_frame_index_and_fps
'-egA8-b7-3M_6,'-egA8-b7-3M,6,6,0.748,0.8726666666666667,0,1,1,11968,13962,1994,22,27,4,inferred_uniform_text_timing,ffmpeg_audio_sample_rate,video_frame_index_and_fps
'-egA8-b7-3M_6,'-egA8-b7-3M,6,7,0.8726666666666667,0.9973333333333333,0,1,1,13962,15957,1995,26,30,3,inferred_uniform_text_timing,ffmpeg_audio_sample_rate,video_frame_index_and_fps
'-egA8-b7-3M_6,'-egA8-b7-3M,6,8,0.9973333333333333,1.122,0,1,1,15957,17952,1995,29,34,4,inferred_uniform_text_timing,ffmpeg_audio_sample_rate,video_frame_index_and_fps
'-egA8-b7-3M_6,'-egA8-b7-3M,6,9,1.122,1.2466666666666668,1,1,1,17952,19946,1994,33,38,4,inferred_uniform_text_timing,ffmpeg_audio_sample_rate,video_frame_index_and_fps
'-egA8-b7-3M_6,'-egA8-b7-3M,6,10,1.2466666666666668,1.3713333333333333,0,1,1,19946,21941,1995,37,42,4,inferred_uniform_text_timing,ffmpeg_audio_sample_rate,video_frame_index_and_fps
'-egA8-b7-3M_6,'-egA8-b7-3M,6,11,1.3713333333333333,1.496,0,1,1,21941,23936,1995,41,45,3,inferred_uniform_text_timing,ffmpeg_audio_sample_rate,video_frame_index_and_fps
'-egA8-b7-3M_6,'-egA8-b7-3M,6,12,1.496,1.6206666666666667,0,1,1,23936,25930,1994,44,49,4,inferred_uniform_text_timing,ffmpeg_audio_sample_rate,video_frame_index_and_fps
'-egA8-b7-3M_6,'-egA8-b7-3M,6,13,1.6206666666666667,1.7453333333333334,1,1,1,25930,27925,1995,48,53,4,inferred_uniform_text_timing,ffmpeg_audio_sample_rate,video_frame_index_and_fps
'-egA8-b7-3M_6,'-egA8-b7-3M,6,14,1.7453333333333334,1.87,0,1,1,27925,29920,1995,52,57,4,inferred_uniform_text_timing,ffmpeg_audio_sample_rate,video_frame_index_and_fps
'-egA8-b7-3M_6,'-egA8-b7-3M,6,15,1.87,1.9946666666666666,0,1,1,29920,31914,1994,56,60,3,inferred_uniform_text_timing,ffmpeg_audio_sample_rate,video_frame_index_and_fps
'-egA8-b7-3M_6,'-egA8-b7-3M,6,16,1.9946666666666666,2.1193333333333335,0,1,1,31914,33909,1995,59,64,4,inferred_uniform_text_timing,ffmpeg_audio_sample_rate,video_frame_index_and_fps
'-egA8-b7-3M_6,'-egA8-b7-3M,6,17,2.1193333333333335,2.244,1,1,1,33909,35904,1995,63,68,4,inferred_uniform_text_timing,ffmpeg_audio_sample_rate,video_frame_index_and_fps
'-egA8-b7-3M_6,'-egA8-b7-3M,6,18,2.244,2.368666666666667,0,1,1,35904,37898,1994,67,72,4,inferred_uniform_text_timing,ffmpeg_audio_sample_rate,video_frame_index_and_fps
'-egA8-b7-3M_6,'-egA8-b7-3M,6,19,2.368666666666667,2.4933333333333336,0,1,1,37898,39893,1995,71,75,3,inferred_uniform_text_timing,ffmpeg_audio_sample_rate,video_frame_index_and_fps
'-egA8-b7-3M_6,'-egA8-b7-3M,6,20,2.4933333333333336,2.6180000000000003,0,1,1,39893,41888,1995,74,79,4,inferred_uniform_text_timing,ffmpeg_audio_sample_rate,video_frame_index_and_fps
'-egA8-b7-3M_6,'-egA8-b7-3M,6,21,2.6180000000000003,2.7426666666666666,1,1,1,41888,43882,1994,78,83,4,inferred_uniform_text_timing,ffmpeg_audio_sample_rate,video_frame_index_and_fps
'-egA8-b7-3M_6,'-egA8-b7-3M,6,22,2.7426666666666666,2.8673333333333333,0,1,1,43882,45877,1995,82,87,4,inferred_uniform_text_timing,ffmpeg_audio_sample_rate,video_frame_index_and_fps
'-egA8-b7-3M_6,'-egA8-b7-3M,6,23,2.8673333333333333,2.992,0,1,1,45877,47872,1995,86,90,3,inferred_uniform_text_timing,ffmpeg_audio_sample_rate,video_frame_index_and_fps
'-egA8-b7-3M_6,'-egA8-b7-3M,6,24,2.992,3.1166666666666667,0,1,1,47872,49866,1994,89,94,4,inferred_uniform_text_timing,ffmpeg_audio_sample_rate,video_frame_index_and_fps
'-egA8-b7-3M_6,'-egA8-b7-3M,6,25,3.1166666666666667,3.2413333333333334,1,1,1,49866,51861,1995,93,98,4,inferred_uniform_text_timing,ffmpeg_audio_sample_rate,video_frame_index_and_fps
'-egA8-b7-3M_6,'-egA8-b7-3M,6,26,3.2413333333333334,3.366,0,1,1,51861,53856,1995,97,101,3,inferred_uniform_text_timing,ffmpeg_audio_sample_rate,video_frame_index_and_fps
'-egA8-b7-3M_6,'-egA8-b7-3M,6,27,3.366,3.490666666666667,0,1,1,53856,55850,1994,100,105,4,inferred_uniform_text_timing,ffmpeg_audio_sample_rate,video_frame_index_and_fps
'-egA8-b7-3M_6,'-egA8-b7-3M,6,28,3.490666666666667,3.6153333333333335,1,1,1,55850,57845,1995,104,109,4,inferred_uniform_text_timing,ffmpeg_audio_sample_rate,video_frame_index_and_fps
'-egA8-b7-3M_6,'-egA8-b7-3M,6,29,3.6153333333333335,3.74,0,1,1,57845,59840,1995,108,113,4,inferred_uniform_text_timing,ffmpeg_audio_sample_rate,video_frame_index_and_fps
'-egA8-b7-3M_6,'-egA8-b7-3M,6,30,3.74,3.864666666666667,0,1,1,59840,61834,1994,112,116,3,inferred_uniform_text_timing,ffmpeg_audio_sample_rate,video_frame_index_and_fps
'-egA8-b7-3M_6,'-egA8-b7-3M,6,31,3.864666666666667,3.989333333333333,0,1,1,61834,63829,1995,115,120,4,inferred_uniform_text_timing,ffmpeg_audio_sample_rate,video_frame_index_and_fps
'-egA8-b7-3M_6,'-egA8-b7-3M,6,32,3.989333333333333,4.114,1,1,1,63829,65824,1995,119,124,4,inferred_uniform_text_timing,ffmpeg_audio_sample_rate,video_frame_index_and_fps
'-egA8-b7-3M_6,'-egA8-b7-3M,6,33,4.114,4.238666666666667,0,1,1,65824,67818,1994,123,128,4,inferred_uniform_text_timing,ffmpeg_audio_sample_rate,video_frame_index_and_fps
'-egA8-b7-3M_6,'-egA8-b7-3M,6,34,4.238666666666667,4.363333333333333,0,1,1,67818,69813,1995,127,131,3,inferred_uniform_text_timing,ffmpeg_audio_sample_rate,video_frame_index_and_fps
'-egA8-b7-3M_6,'-egA8-b7-3M,6,35,4.363333333333333,4.488,0,1,1,69813,71808,1995,130,135,4,inferred_uniform_text_timing,ffmpeg_audio_sample_rate,video_frame_index_and_fps
'-egA8-b7-3M_6,'-egA8-b7-3M,6,36,4.488,4.612666666666667,1,1,1,71808,73802,1994,134,139,4,inferred_uniform_text_timing,ffmpeg_audio_sample_rate,video_frame_index_and_fps
'-egA8-b7-3M_6,'-egA8-b7-3M,6,37,4.612666666666667,4.737333333333334,0,1,1,73802,75797,1995,138,143,4,inferred_uniform_text_timing,ffmpeg_audio_sample_rate,video_frame_index_and_fps
'-egA8-b7-3M_6,'-egA8-b7-3M,6,38,4.737333333333334,4.862,0,1,1,75797,77792,1995,142,146,3,inferred_uniform_text_timing,ffmpeg_audio_sample_rate,video_frame_index_and_fps
'-egA8-b7-3M_6,'-egA8-b7-3M,6,39,4.862,4.986666666666667,0,1,1,77792,79786,1994,145,150,4,inferred_uniform_text_timing,ffmpeg_audio_sample_rate,video_frame_index_and_fps
'-egA8-b7-3M_6,'-egA8-b7-3M,6,40,4.986666666666667,5.1113333333333335,1,1,1,79786,81781,1995,149,154,4,inferred_uniform_text_timing,ffmpeg_audio_sample_rate,video_frame_index_and_fps
'-egA8-b7-3M_6,'-egA8-b7-3M,6,41,5.1113333333333335,5.236000000000001,0,1,1,81781,83776,1995,153,158,4,inferred_uniform_text_timing,ffmpeg_audio_sample_rate,video_frame_index_and_fps
'-egA8-b7-3M_6,'-egA8-b7-3M,6,42,5.236000000000001,5.360666666666667,0,1,1,83776,85770,1994,157,161,3,inferred_uniform_text_timing,ffmpeg_audio_sample_rate,video_frame_index_and_fps
'-egA8-b7-3M_6,'-egA8-b7-3M,6,43,5.360666666666667,5.485333333333333,0,1,1,85770,87765,1995,160,165,4,inferred_uniform_text_timing,ffmpeg_audio_sample_rate,video_frame_index_and_fps
'-egA8-b7-3M_6,'-egA8-b7-3M,6,44,5.485333333333333,5.61,1,1,1,87765,89760,1995,164,169,4,inferred_uniform_text_timing,ffmpeg_audio_sample_rate,video_frame_index_and_fps
'-egA8-b7-3M_6,'-egA8-b7-3M,6,45,5.61,5.734666666666667,0,1,1,89760,91754,1994,168,173,4,inferred_uniform_text_timing,ffmpeg_audio_sample_rate,video_frame_index_and_fps
'-egA8-b7-3M_6,'-egA8-b7-3M,6,46,5.734666666666667,5.859333333333334,0,1,1,91754,93749,1995,172,176,3,inferred_uniform_text_timing,ffmpeg_audio_sample_rate,video_frame_index_and_fps
'-egA8-b7-3M_6,'-egA8-b7-3M,6,47,5.859333333333334,5.984,0,1,1,93749,95744,1995,175,180,4,inferred_uniform_text_timing,ffmpeg_audio_sample_rate,video_frame_index_and_fps
'-egA8-b7-3M_6,'-egA8-b7-3M,6,48,5.984,6.108666666666667,1,1,1,95744,97738,1994,179,184,4,inferred_uniform_text_timing,ffmpeg_audio_sample_rate,video_frame_index_and_fps
'-egA8-b7-3M_6,'-egA8-b7-3M,6,49,6.108666666666667,6.233333333333333,0,1,1,97738,99733,1192,183,187,3,inferred_uniform_text_timing,ffmpeg_audio_sample_rate,video_frame_index_and_fps
'-egA8-b7-3M_9,'-egA8-b7-3M,9,0,0.0,0.1,0,1,1,0,1600,1600,0,3,3,inferred_uniform_text_timing,ffmpeg_audio_sample_rate,video_frame_index_and_fps
'-egA8-b7-3M_9,'-egA8-b7-3M,9,1,0.1,0.2,0,1,1,1600,3200,1600,3,6,3,inferred_uniform_text_timing,ffmpeg_audio_sample_rate,video_frame_index_and_fps
'-egA8-b7-3M_9,'-egA8-b7-3M,9,2,0.2,0.3,1,1,1,3200,4800,1600,6,9,3,inferred_uniform_text_timing,ffmpeg_audio_sample_rate,video_frame_index_and_fps
'-egA8-b7-3M_9,'-egA8-b7-3M,9,3,0.3,0.4,0,1,1,4800,6400,1600,9,12,3,inferred_uniform_text_timing,ffmpeg_audio_sample_rate,video_frame_index_and_fps
'-egA8-b7-3M_9,'-egA8-b7-3M,9,4,0.4,0.5,0,1,1,6400,8000,1600,12,15,3,inferred_uniform_text_timing,ffmpeg_audio_sample_rate,video_frame_index_and_fps
'-egA8-b7-3M_9,'-egA8-b7-3M,9,5,0.5,0.6,0,1,1,8000,9600,1600,15,18,3,inferred_uniform_text_timing,ffmpeg_audio_sample_rate,video_frame_index_and_fps
'-egA8-b7-3M_9,'-egA8-b7-3M,9,6,0.6,0.7,1,1,1,9600,11200,1600,18,21,3,inferred_uniform_text_timing,ffmpeg_audio_sample_rate,video_frame_index_and_fps
'-egA8-b7-3M_9,'-egA8-b7-3M,9,7,0.7,0.8,0,1,1,11200,12800,1600,21,24,3,inferred_uniform_text_timing,ffmpeg_audio_sample_rate,video_frame_index_and_fps
'-egA8-b7-3M_9,'-egA8-b7-3M,9,8,0.8,0.9,0,1,1,12800,14400,1600,24,27,3,inferred_uniform_text_timing,ffmpeg_audio_sample_rate,video_frame_index_and_fps
'-egA8-b7-3M_9,'-egA8-b7-3M,9,9,0.9,1.0,0,1,1,14400,16000,1600,27,30,3,inferred_uniform_text_timing,ffmpeg_audio_sample_rate,video_frame_index_and_fps
'-egA8-b7-3M_9,'-egA8-b7-3M,9,10,1.0,1.1,1,1,1,16000,17600,1600,30,33,3,inferred_uniform_text_timing,ffmpeg_audio_sample_rate,video_frame_index_and_fps
'-egA8-b7-3M_9,'-egA8-b7-3M,9,11,1.1,1.2,0,1,1,17600,19200,1600,33,36,3,inferred_uniform_text_timing,ffmpeg_audio_sample_rate,video_frame_index_and_fps
'-egA8-b7-3M_9,'-egA8-b7-3M,9,12,1.2,1.3,0,1,1,19200,20800,1600,36,39,3,inferred_uniform_text_timing,ffmpeg_audio_sample_rate,video_frame_index_and_fps
'-egA8-b7-3M_9,'-egA8-b7-3M,9,13,1.3,1.4,0,1,1,20800,22400,1600,39,42,3,inferred_uniform_text_timing,ffmpeg_audio_sample_rate,video_frame_index_and_fps
'-egA8-b7-3M_9,'-egA8-b7-3M,9,14,1.4,1.5,1,1,1,22400,24000,1600,42,45,3,inferred_uniform_text_timing,ffmpeg_audio_sample_rate,video_frame_index_and_fps
'-egA8-b7-3M_9,'-egA8-b7-3M,9,15,1.5,1.6,0,1,1,24000,25600,1600,45,48,3,inferred_uniform_text_timing,ffmpeg_audio_sample_rate,video_frame_index_and_fps
'-egA8-b7-3M_9,'-egA8-b7-3M,9,16,1.6,1.7,0,1,1,25600,27200,1600,48,51,3,inferred_uniform_text_timing,ffmpeg_audio_sample_rate,video_frame_index_and_fps
'-egA8-b7-3M_9,'-egA8-b7-3M,9,17,1.7,1.8,0,1,1,27200,28800,1600,51,54,3,inferred_uniform_text_timing,ffmpeg_audio_sample_rate,video_frame_index_and_fps
'-egA8-b7-3M_9,'-egA8-b7-3M,9,18,1.8,1.9,1,1,1,28800,30400,1600,54,57,3,inferred_uniform_text_timing,ffmpeg_audio_sample_rate,video_frame_index_and_fps
'-egA8-b7-3M_9,'-egA8-b7-3M,9,19,1.9,2.0,0,1,1,30400,32000,1600,57,60,3,inferred_uniform_text_timing,ffmpeg_audio_sample_rate,video_frame_index_and_fps
'-egA8-b7-3M_9,'-egA8-b7-3M,9,20,2.0,2.1,0,1,1,32000,33600,1600,60,63,3,inferred_uniform_text_timing,ffmpeg_audio_sample_rate,video_frame_index_and_fps
'-egA8-b7-3M_9,'-egA8-b7-3M,9,21,2.1,2.2,0,1,1,33600,35200,1600,63,66,3,inferred_uniform_text_timing,ffmpeg_audio_sample_rate,video_frame_index_and_fps
'-egA8-b7-3M_9,'-egA8-b7-3M,9,22,2.2,2.3,1,1,1,35200,36800,1600,66,69,3,inferred_uniform_text_timing,ffmpeg_audio_sample_rate,video_frame_index_and_fps
'-egA8-b7-3M_9,'-egA8-b7-3M,9,23,2.3,2.4,0,1,1,36800,38400,1600,69,72,3,inferred_uniform_text_timing,ffmpeg_audio_sample_rate,video_frame_index_and_fps
'-egA8-b7-3M_9,'-egA8-b7-3M,9,24,2.4,2.5,0,1,1,38400,40000,1600,72,75,3,inferred_uniform_text_timing,ffmpeg_audio_sample_rate,video_frame_index_and_fps
'-egA8-b7-3M_9,'-egA8-b7-3M,9,25,2.5,2.6,0,1,1,40000,41600,1600,75,78,3,inferred_uniform_text_timing,ffmpeg_audio_sample_rate,video_frame_index_and_fps
'-egA8-b7-3M_9,'-egA8-b7-3M,9,26,2.6,2.7,0,1,1,41600,43200,1600,78,81,3,inferred_uniform_text_timing,ffmpeg_audio_sample_rate,video_frame_index_and_fps
'-egA8-b7-3M_9,'-egA8-b7-3M,9,27,2.7,2.8,1,1,1,43200,44800,1600,81,84,3,inferred_uniform_text_timing,ffmpeg_audio_sample_rate,video_frame_index_and_fps
'-egA8-b7-3M_9,'-egA8-b7-3M,9,28,2.8,2.9,0,1,1,44800,46400,1600,84,87,4,inferred_uniform_text_timing,ffmpeg_audio_sample_rate,video_frame_index_and_fps
'-egA8-b7-3M_9,'-egA8-b7-3M,9,29,2.9,3.0,0,1,1,46400,48000,1600,87,90,2,inferred_uniform_text_timing,ffmpeg_audio_sample_rate,video_frame_index_and_fps
'-egA8-b7-3M_9,'-egA8-b7-3M,9,30,3.0,3.1,0,1,1,48000,49600,1600,90,93,3,inferred_uniform_text_timing,ffmpeg_audio_sample_rate,video_frame_index_and_fps
'-egA8-b7-3M_9,'-egA8-b7-3M,9,31,3.1,3.2,1,1,1,49600,51200,1600,93,96,3,inferred_uniform_text_timing,ffmpeg_audio_sample_rate,video_frame_index_and_fps
'-egA8-b7-3M_9,'-egA8-b7-3M,9,32,3.2,3.3,0,1,1,51200,52800,1600,96,99,3,inferred_uniform_text_timing,ffmpeg_audio_sample_rate,video_frame_index_and_fps
'-egA8-b7-3M_9,'-egA8-b7-3M,9,33,3.3,3.4,0,1,1,52800,54400,1600,99,102,3,inferred_uniform_text_timing,ffmpeg_audio_sample_rate,video_frame_index_and_fps
'-egA8-b7-3M_9,'-egA8-b7-3M,9,34,3.4,3.5,0,1,1,54400,56000,1600,102,105,3,inferred_uniform_text_timing,ffmpeg_audio_sample_rate,video_frame_index_and_fps
'-egA8-b7-3M_9,'-egA8-b7-3M,9,35,3.5,3.6,1,1,1,56000,57600,1600,105,108,3,inferred_uniform_text_timing,ffmpeg_audio_sample_rate,video_frame_index_and_fps
'-egA8-b7-3M_9,'-egA8-b7-3M,9,36,3.6,3.7,0,1,1,57600,59200,1600,108,111,3,inferred_uniform_text_timing,ffmpeg_audio_sample_rate,video_frame_index_and_fps
'-egA8-b7-3M_9,'-egA8-b7-3M,9,37,3.7,3.8,0,1,1,59200,60800,1600,111,114,3,inferred_uniform_text_timing,ffmpeg_audio_sample_rate,video_frame_index_and_fps
'-egA8-b7-3M_9,'-egA8-b7-3M,9,38,3.8,3.9,0,1,1,60800,62400,1600,114,117,3,inferred_uniform_text_timing,ffmpeg_audio_sample_rate,video_frame_index_and_fps
'-egA8-b7-3M_9,'-egA8-b7-3M,9,39,3.9,4.0,1,1,1,62400,64000,1600,117,120,3,inferred_uniform_text_timing,ffmpeg_audio_sample_rate,video_frame_index_and_fps
'-egA8-b7-3M_9,'-egA8-b7-3M,9,40,4.0,4.1,0,1,1,64000,65600,1600,120,123,3,inferred_uniform_text_timing,ffmpeg_audio_sample_rate,video_frame_index_and_fps
'-egA8-b7-3M_9,'-egA8-b7-3M,9,41,4.1,4.2,0,1,1,65600,67200,1600,122,126,3,inferred_uniform_text_timing,ffmpeg_audio_sample_rate,video_frame_index_and_fps
'-egA8-b7-3M_9,'-egA8-b7-3M,9,42,4.2,4.3,0,1,1,67200,68800,1600,126,129,3,inferred_uniform_text_timing,ffmpeg_audio_sample_rate,video_frame_index_and_fps
'-egA8-b7-3M_9,'-egA8-b7-3M,9,43,4.3,4.4,1,1,1,68800,70400,1600,129,132,3,inferred_uniform_text_timing,ffmpeg_audio_sample_rate,video_frame_index_and_fps
'-egA8-b7-3M_9,'-egA8-b7-3M,9,44,4.4,4.5,0,1,1,70400,72000,1600,132,135,3,inferred_uniform_text_timing,ffmpeg_audio_sample_rate,video_frame_index_and_fps
'-egA8-b7-3M_9,'-egA8-b7-3M,9,45,4.5,4.6,0,1,1,72000,73600,1600,135,138,3,inferred_uniform_text_timing,ffmpeg_audio_sample_rate,video_frame_index_and_fps
'-egA8-b7-3M_9,'-egA8-b7-3M,9,46,4.6,4.7,0,1,1,73600,75200,1600,138,141,3,inferred_uniform_text_timing,ffmpeg_audio_sample_rate,video_frame_index_and_fps
'-egA8-b7-3M_9,'-egA8-b7-3M,9,47,4.7,4.8,1,1,1,75200,76800,1600,141,144,3,inferred_uniform_text_timing,ffmpeg_audio_sample_rate,video_frame_index_and_fps
'-egA8-b7-3M_9,'-egA8-b7-3M,9,48,4.8,4.9,0,1,1,76800,78400,1600,144,147,3,inferred_uniform_text_timing,ffmpeg_audio_sample_rate,video_frame_index_and_fps
'-egA8-b7-3M_9,'-egA8-b7-3M,9,49,4.9,5.0,0,1,1,78400,80000,578,147,150,3,inferred_uniform_text_timing,ffmpeg_audio_sample_rate,video_frame_index_and_fps
'-egA8-b7-3M_20,'-egA8-b7-3M,20,0,0.0,0.13066666666666665,0,1,1,0,2090,2090,0,4,4,inferred_uniform_text_timing,ffmpeg_audio_sample_rate,video_frame_index_and_fps
'-egA8-b7-3M_20,'-egA8-b7-3M,20,1,0.13066666666666665,0.2613333333333333,1,1,1,2090,4181,2091,3,8,4,inferred_uniform_text_timing,ffmpeg_audio_sample_rate,video_frame_index_and_fps
'-egA8-b7-3M_20,'-egA8-b7-3M,20,2,0.2613333333333333,0.392,0,1,1,4181,6272,2091,7,12,4,inferred_uniform_text_timing,ffmpeg_audio_sample_rate,video_frame_index_and_fps
'-egA8-b7-3M_20,'-egA8-b7-3M,20,3,0.392,0.5226666666666666,1,1,1,6272,8362,2090,11,16,4,inferred_uniform_text_timing,ffmpeg_audio_sample_rate,video_frame_index_and_fps
'-egA8-b7-3M_20,'-egA8-b7-3M,20,4,0.5226666666666666,0.6533333333333333,0,1,1,8362,10453,2091,15,20,4,inferred_uniform_text_timing,ffmpeg_audio_sample_rate,video_frame_index_and_fps
'-egA8-b7-3M_20,'-egA8-b7-3M,20,5,0.6533333333333333,0.784,1,1,1,10453,12544,2091,19,24,4,inferred_uniform_text_timing,ffmpeg_audio_sample_rate,video_frame_index_and_fps
'-egA8-b7-3M_20,'-egA8-b7-3M,20,6,0.784,0.9146666666666667,0,1,1,12544,14634,2090,23,28,4,inferred_uniform_text_timing,ffmpeg_audio_sample_rate,video_frame_index_and_fps
'-egA8-b7-3M_20,'-egA8-b7-3M,20,7,0.9146666666666667,1.0453333333333332,1,1,1,14634,16725,2091,27,32,4,inferred_uniform_text_timing,ffmpeg_audio_sample_rate,video_frame_index_and_fps
'-egA8-b7-3M_20,'-egA8-b7-3M,20,8,1.0453333333333332,1.176,0,1,1,16725,18816,2091,31,36,4,inferred_uniform_text_timing,ffmpeg_audio_sample_rate,video_frame_index_and_fps
'-egA8-b7-3M_20,'-egA8-b7-3M,20,9,1.176,1.3066666666666666,0,1,1,18816,20906,2090,35,40,4,inferred_uniform_text_timing,ffmpeg_audio_sample_rate,video_frame_index_and_fps
'-egA8-b7-3M_20,'-egA8-b7-3M,20,10,1.3066666666666666,1.4373333333333331,1,1,1,20906,22997,2091,39,44,4,inferred_uniform_text_timing,ffmpeg_audio_sample_rate,video_frame_index_and_fps
'-egA8-b7-3M_20,'-egA8-b7-3M,20,11,1.4373333333333331,1.568,0,1,1,22997,25088,2091,43,48,4,inferred_uniform_text_timing,ffmpeg_audio_sample_rate,video_frame_index_and_fps
'-egA8-b7-3M_20,'-egA8-b7-3M,20,12,1.568,1.6986666666666668,1,1,1,25088,27178,2090,47,51,3,inferred_uniform_text_timing,ffmpeg_audio_sample_rate,video_frame_index_and_fps
'-egA8-b7-3M_20,'-egA8-b7-3M,20,13,1.6986666666666668,1.8293333333333335,0,1,1,27178,29269,2091,50,55,4,inferred_uniform_text_timing,ffmpeg_audio_sample_rate,video_frame_index_and_fps
'-egA8-b7-3M_20,'-egA8-b7-3M,20,14,1.8293333333333335,1.96,1,1,1,29269,31360,2091,54,59,4,inferred_uniform_text_timing,ffmpeg_audio_sample_rate,video_frame_index_and_fps
'-egA8-b7-3M_20,'-egA8-b7-3M,20,15,1.96,2.0906666666666665,0,1,1,31360,33450,2090,58,63,4,inferred_uniform_text_timing,ffmpeg_audio_sample_rate,video_frame_index_and_fps
'-egA8-b7-3M_20,'-egA8-b7-3M,20,16,2.0906666666666665,2.2213333333333334,0,1,1,33450,35541,2091,62,67,4,inferred_uniform_text_timing,ffmpeg_audio_sample_rate,video_frame_index_and_fps
'-egA8-b7-3M_20,'-egA8-b7-3M,20,17,2.2213333333333334,2.352,1,1,1,35541,37632,2091,66,71,4,inferred_uniform_text_timing,ffmpeg_audio_sample_rate,video_frame_index_and_fps
'-egA8-b7-3M_20,'-egA8-b7-3M,20,18,2.352,2.4826666666666664,0,1,1,37632,39722,2090,70,75,4,inferred_uniform_text_timing,ffmpeg_audio_sample_rate,video_frame_index_and_fps
'-egA8-b7-3M_20,'-egA8-b7-3M,20,19,2.4826666666666664,2.6133333333333333,1,1,1,39722,41813,2091,74,79,4,inferred_uniform_text_timing,ffmpeg_audio_sample_rate,video_frame_index_and_fps
'-egA8-b7-3M_20,'-egA8-b7-3M,20,20,2.6133333333333333,2.7439999999999998,0,1,1,41813,43904,2091,78,83,4,inferred_uniform_text_timing,ffmpeg_audio_sample_rate,video_frame_index_and_fps
'-egA8-b7-3M_20,'-egA8-b7-3M,20,21,2.7439999999999998,2.8746666666666663,1,1,1,43904,45994,2090,82,87,4,inferred_uniform_text_timing,ffmpeg_audio_sample_rate,video_frame_index_and_fps
'-egA8-b7-3M_20,'-egA8-b7-3M,20,22,2.8746666666666663,3.005333333333333,0,1,1,45994,48085,2091,86,91,4,inferred_uniform_text_timing,ffmpeg_audio_sample_rate,video_frame_index_and_fps
'-egA8-b7-3M_20,'-egA8-b7-3M,20,23,3.005333333333333,3.136,1,1,1,48085,50176,2091,90,95,4,inferred_uniform_text_timing,ffmpeg_audio_sample_rate,video_frame_index_and_fps
'-egA8-b7-3M_20,'-egA8-b7-3M,20,24,3.136,3.266666666666667,0,1,1,50176,52266,2090,94,99,3,inferred_uniform_text_timing,ffmpeg_audio_sample_rate,video_frame_index_and_fps
'-egA8-b7-3M_20,'-egA8-b7-3M,20,25,3.266666666666667,3.3973333333333335,0,1,1,52266,54357,2091,98,102,4,inferred_uniform_text_timing,ffmpeg_audio_sample_rate,video_frame_index_and_fps
'-egA8-b7-3M_20,'-egA8-b7-3M,20,26,3.3973333333333335,3.528,1,1,1,54357,56448,2091,101,106,4,inferred_uniform_text_timing,ffmpeg_audio_sample_rate,video_frame_index_and_fps
'-egA8-b7-3M_20,'-egA8-b7-3M,20,27,3.528,3.658666666666667,0,1,1,56448,58538,2090,105,110,4,inferred_uniform_text_timing,ffmpeg_audio_sample_rate,video_frame_index_and_fps
'-egA8-b7-3M_20,'-egA8-b7-3M,20,28,3.658666666666667,3.7893333333333334,1,1,1,58538,60629,2091,109,114,4,inferred_uniform_text_timing,ffmpeg_audio_sample_rate,video_frame_index_and_fps
'-egA8-b7-3M_20,'-egA8-b7-3M,20,29,3.7893333333333334,3.92,0,1,1,60629,62720,2091,113,118,4,inferred_uniform_text_timing,ffmpeg_audio_sample_rate,video_frame_index_and_fps
'-egA8-b7-3M_20,'-egA8-b7-3M,20,30,3.92,4.050666666666666,1,1,1,62720,64810,2090,117,122,4,inferred_uniform_text_timing,ffmpeg_audio_sample_rate,video_frame_index_and_fps
'-egA8-b7-3M_20,'-egA8-b7-3M,20,31,4.050666666666666,4.181333333333333,0,1,1,64810,66901,2091,121,126,4,inferred_uniform_text_timing,ffmpeg_audio_sample_rate,video_frame_index_and_fps
'-egA8-b7-3M_20,'-egA8-b7-3M,20,32,4.181333333333333,4.312,1,1,1,66901,68992,2091,125,130,4,inferred_uniform_text_timing,ffmpeg_audio_sample_rate,video_frame_index_and_fps
'-egA8-b7-3M_20,'-egA8-b7-3M,20,33,4.312,4.442666666666667,0,1,1,68992,71082,2090,129,134,4,inferred_uniform_text_timing,ffmpeg_audio_sample_rate,video_frame_index_and_fps
'-egA8-b7-3M_20,'-egA8-b7-3M,20,34,4.442666666666667,4.573333333333333,0,1,1,71082,73173,2091,133,138,4,inferred_uniform_text_timing,ffmpeg_audio_sample_rate,video_frame_index_and_fps
'-egA8-b7-3M_20,'-egA8-b7-3M,20,35,4.573333333333333,4.704,1,1,1,73173,75264,2091,137,142,4,inferred_uniform_text_timing,ffmpeg_audio_sample_rate,video_frame_index_and_fps
'-egA8-b7-3M_20,'-egA8-b7-3M,20,36,4.704,4.834666666666666,0,1,1,75264,77354,2090,141,146,4,inferred_uniform_text_timing,ffmpeg_audio_sample_rate,video_frame_index_and_fps
'-egA8-b7-3M_20,'-egA8-b7-3M,20,37,4.834666666666666,4.965333333333333,1,1,1,77354,79445,2091,145,149,3,inferred_uniform_text_timing,ffmpeg_audio_sample_rate,video_frame_index_and_fps
'-egA8-b7-3M_20,'-egA8-b7-3M,20,38,4.965333333333333,5.096,0,1,1,79445,81536,2091,148,153,4,inferred_uniform_text_timing,ffmpeg_audio_sample_rate,video_frame_index_and_fps
'-egA8-b7-3M_20,'-egA8-b7-3M,20,39,5.096,5.226666666666667,1,1,1,81536,83626,2090,152,157,4,inferred_uniform_text_timing,ffmpeg_audio_sample_rate,video_frame_index_and_fps
'-egA8-b7-3M_20,'-egA8-b7-3M,20,40,5.226666666666667,5.357333333333333,0,1,1,83626,85717,2091,156,161,4,inferred_uniform_text_timing,ffmpeg_audio_sample_rate,video_frame_index_and_fps
'-egA8-b7-3M_20,'-egA8-b7-3M,20,41,5.357333333333333,5.4879999999999995,0,1,1,85717,87808,2091,160,165,4,inferred_uniform_text_timing,ffmpeg_audio_sample_rate,video_frame_index_and_fps
'-egA8-b7-3M_20,'-egA8-b7-3M,20,42,5.4879999999999995,5.618666666666667,1,1,1,87808,89898,2090,164,169,4,inferred_uniform_text_timing,ffmpeg_audio_sample_rate,video_frame_index_and_fps
'-egA8-b7-3M_20,'-egA8-b7-3M,20,43,5.618666666666667,5.7493333333333325,0,1,1,89898,91989,2091,168,173,4,inferred_uniform_text_timing,ffmpeg_audio_sample_rate,video_frame_index_and_fps
'-egA8-b7-3M_20,'-egA8-b7-3M,20,44,5.7493333333333325,5.88,1,1,1,91989,94080,2091,172,177,4,inferred_uniform_text_timing,ffmpeg_audio_sample_rate,video_frame_index_and_fps
'-egA8-b7-3M_20,'-egA8-b7-3M,20,45,5.88,6.010666666666666,0,1,1,94080,96170,2090,176,181,4,inferred_uniform_text_timing,ffmpeg_audio_sample_rate,video_frame_index_and_fps
'-egA8-b7-3M_20,'-egA8-b7-3M,20,46,6.010666666666666,6.141333333333333,1,1,1,96170,98261,2091,180,185,4,inferred_uniform_text_timing,ffmpeg_audio_sample_rate,video_frame_index_and_fps
'-egA8-b7-3M_20,'-egA8-b7-3M,20,47,6.141333333333333,6.272,0,1,1,98261,100352,2091,184,189,4,inferred_uniform_text_timing,ffmpeg_audio_sample_rate,video_frame_index_and_fps
'-egA8-b7-3M_20,'-egA8-b7-3M,20,48,6.272,6.402666666666667,1,1,1,100352,102442,2090,188,193,4,inferred_uniform_text_timing,ffmpeg_audio_sample_rate,video_frame_index_and_fps
'-egA8-b7-3M_20,'-egA8-b7-3M,20,49,6.402666666666667,6.533333333333334,0,1,1,102442,104533,1149,192,197,3,inferred_uniform_text_timing,ffmpeg_audio_sample_rate,video_frame_index_and_fps
'-iRBcNs9oI8_3,'-iRBcNs9oI8,3,0,0.0,0.11144466666666666,0,1,1,0,1783,1783,0,4,4,inferred_uniform_text_timing,ffmpeg_audio_sample_rate,video_frame_index_and_fps
'-iRBcNs9oI8_3,'-iRBcNs9oI8,3,1,0.11144466666666666,0.22288933333333333,0,1,1,1783,3566,1783,3,7,3,inferred_uniform_text_timing,ffmpeg_audio_sample_rate,video_frame_index_and_fps
'-iRBcNs9oI8_3,'-iRBcNs9oI8,3,2,0.22288933333333333,0.33433399999999996,1,1,1,3566,5349,1783,6,11,4,inferred_uniform_text_timing,ffmpeg_audio_sample_rate,video_frame_index_and_fps
'-iRBcNs9oI8_3,'-iRBcNs9oI8,3,3,0.33433399999999996,0.44577866666666666,0,1,1,5349,7132,1783,10,14,3,inferred_uniform_text_timing,ffmpeg_audio_sample_rate,video_frame_index_and_fps
'-iRBcNs9oI8_3,'-iRBcNs9oI8,3,4,0.44577866666666666,0.5572233333333333,0,1,1,7132,8915,1783,13,17,3,inferred_uniform_text_timing,ffmpeg_audio_sample_rate,video_frame_index_and_fps
'-iRBcNs9oI8_3,'-iRBcNs9oI8,3,5,0.5572233333333333,0.6686679999999999,0,1,1,8915,10698,1783,16,21,4,inferred_uniform_text_timing,ffmpeg_audio_sample_rate,video_frame_index_and_fps
'-iRBcNs9oI8_3,'-iRBcNs9oI8,3,6,0.6686679999999999,0.7801126666666667,0,1,1,10698,12481,1783,20,24,3,inferred_uniform_text_timing,ffmpeg_audio_sample_rate,video_frame_index_and_fps
'-iRBcNs9oI8_3,'-iRBcNs9oI8,3,7,0.7801126666666667,0.8915573333333333,0,1,1,12481,14264,1783,23,27,3,inferred_uniform_text_timing,ffmpeg_audio_sample_rate,video_frame_index_and_fps
'-iRBcNs9oI8_3,'-iRBcNs9oI8,3,8,0.8915573333333333,1.003002,1,1,1,14264,16048,1784,26,31,4,inferred_uniform_text_timing,ffmpeg_audio_sample_rate,video_frame_index_and_fps
'-iRBcNs9oI8_3,'-iRBcNs9oI8,3,9,1.003002,1.1144466666666666,0,1,1,16048,17831,1783,30,34,3,inferred_uniform_text_timing,ffmpeg_audio_sample_rate,video_frame_index_and_fps
'-iRBcNs9oI8_3,'-iRBcNs9oI8,3,10,1.1144466666666666,1.2258913333333334,0,1,1,17831,19614,1783,33,37,3,inferred_uniform_text_timing,ffmpeg_audio_sample_rate,video_frame_index_and_fps
'-iRBcNs9oI8_3,'-iRBcNs9oI8,3,11,1.2258913333333334,1.3373359999999999,0,1,1,19614,21397,1783,36,41,4,inferred_uniform_text_timing,ffmpeg_audio_sample_rate,video_frame_index_and_fps
'-iRBcNs9oI8_3,'-iRBcNs9oI8,3,12,1.3373359999999999,1.4487806666666665,0,1,1,21397,23180,1783,40,44,3,inferred_uniform_text_timing,ffmpeg_audio_sample_rate,video_frame_index_and_fps
'-iRBcNs9oI8_3,'-iRBcNs9oI8,3,13,1.4487806666666665,1.5602253333333334,1,1,1,23180,24963,1783,43,47,3,inferred_uniform_text_timing,ffmpeg_audio_sample_rate,video_frame_index_and_fps
'-iRBcNs9oI8_3,'-iRBcNs9oI8,3,14,1.5602253333333334,1.67167,0,1,1,24963,26746,1783,46,51,4,inferred_uniform_text_timing,ffmpeg_audio_sample_rate,video_frame_index_and_fps
'-iRBcNs9oI8_3,'-iRBcNs9oI8,3,15,1.67167,1.7831146666666666,0,1,1,26746,28529,1783,50,54,3,inferred_uniform_text_timing,ffmpeg_audio_sample_rate,video_frame_index_and_fps
'-iRBcNs9oI8_3,'-iRBcNs9oI8,3,16,1.7831146666666666,1.8945593333333333,0,1,1,28529,30312,1783,53,57,3,inferred_uniform_text_timing,ffmpeg_audio_sample_rate,video_frame_index_and_fps
'-iRBcNs9oI8_3,'-iRBcNs9oI8,3,17,1.8945593333333333,2.006004,0,1,1,30312,32096,1784,56,61,4,inferred_uniform_text_timing,ffmpeg_audio_sample_rate,video_frame_index_and_fps
'-iRBcNs9oI8_3,'-iRBcNs9oI8,3,18,2.006004,2.1174486666666668,0,1,1,32096,33879,1783,60,64,3,inferred_uniform_text_timing,ffmpeg_audio_sample_rate,video_frame_index_and_fps
'-iRBcNs9oI8_3,'-iRBcNs9oI8,3,19,2.1174486666666668,2.228893333333333,1,1,1,33879,35662,1783,63,67,3,inferred_uniform_text_timing,ffmpeg_audio_sample_rate,video_frame_index_and_fps
'-iRBcNs9oI8_3,'-iRBcNs9oI8,3,20,2.228893333333333,2.340338,0,1,1,35662,37445,1783,66,71,4,inferred_uniform_text_timing,ffmpeg_audio_sample_rate,video_frame_index_and_fps
'-iRBcNs9oI8_3,'-iRBcNs9oI8,3,21,2.340338,2.451782666666667,0,1,1,37445,39228,1783,70,74,3,inferred_uniform_text_timing,ffmpeg_audio_sample_rate,video_frame_index_and_fps
'-iRBcNs9oI8_3,'-iRBcNs9oI8,3,22,2.451782666666667,2.563227333333333,0,1,1,39228,41011,1783,73,77,3,inferred_uniform_text_timing,ffmpeg_audio_sample_rate,video_frame_index_and_fps
'-iRBcNs9oI8_3,'-iRBcNs9oI8,3,23,2.563227333333333,2.6746719999999997,0,1,1,41011,42794,1783,76,81,4,inferred_uniform_text_timing,ffmpeg_audio_sample_rate,video_frame_index_and_fps
'-iRBcNs9oI8_3,'-iRBcNs9oI8,3,24,2.6746719999999997,2.7861166666666666,0,1,1,42794,44577,1783,80,84,3,inferred_uniform_text_timing,ffmpeg_audio_sample_rate,video_frame_index_and_fps
'-iRBcNs9oI8_3,'-iRBcNs9oI8,3,25,2.7861166666666666,2.897561333333333,1,1,1,44577,46360,1783,83,87,3,inferred_uniform_text_timing,ffmpeg_audio_sample_rate,video_frame_index_and_fps
'-iRBcNs9oI8_3,'-iRBcNs9oI8,3,26,2.897561333333333,3.009006,0,1,1,46360,48144,1784,86,91,4,inferred_uniform_text_timing,ffmpeg_audio_sample_rate,video_frame_index_and_fps
'-iRBcNs9oI8_3,'-iRBcNs9oI8,3,27,3.009006,3.1204506666666667,0,1,1,48144,49927,1783,90,94,3,inferred_uniform_text_timing,ffmpeg_audio_sample_rate,video_frame_index_and_fps
'-iRBcNs9oI8_3,'-iRBcNs9oI8,3,28,3.1204506666666667,3.231895333333333,0,1,1,49927,51710,1783,93,97,3,inferred_uniform_text_timing,ffmpeg_audio_sample_rate,video_frame_index_and_fps
'-iRBcNs9oI8_3,'-iRBcNs9oI8,3,29,3.231895333333333,3.34334,0,1,1,51710,53493,1783,96,101,4,inferred_uniform_text_timing,ffmpeg_audio_sample_rate,video_frame_index_and_fps
'-iRBcNs9oI8_3,'-iRBcNs9oI8,3,30,3.34334,3.4547846666666664,1,1,1,53493,55276,1783,100,104,3,inferred_uniform_text_timing,ffmpeg_audio_sample_rate,video_frame_index_and_fps
'-iRBcNs9oI8_3,'-iRBcNs9oI8,3,31,3.4547846666666664,3.5662293333333333,0,1,1,55276,57059,1783,103,107,3,inferred_uniform_text_timing,ffmpeg_audio_sample_rate,video_frame_index_and_fps
'-iRBcNs9oI8_3,'-iRBcNs9oI8,3,32,3.5662293333333333,3.677674,0,1,1,57059,58842,1783,106,111,4,inferred_uniform_text_timing,ffmpeg_audio_sample_rate,video_frame_index_and_fps
'-iRBcNs9oI8_3,'-iRBcNs9oI8,3,33,3.677674,3.7891186666666665,0,1,1,58842,60625,1783,110,114,3,inferred_uniform_text_timing,ffmpeg_audio_sample_rate,video_frame_index_and_fps
'-iRBcNs9oI8_3,'-iRBcNs9oI8,3,34,3.7891186666666665,3.9005633333333334,0,1,1,60625,62409,1784,113,117,3,inferred_uniform_text_timing,ffmpeg_audio_sample_rate,video_frame_index_and_fps
'-iRBcNs9oI8_3,'-iRBcNs9oI8,3,35,3.9005633333333334,4.012008,0,1,1,62409,64192,1783,116,121,4,inferred_uniform_text_timing,ffmpeg_audio_sample_rate,video_frame_index_and_fps
'-iRBcNs9oI8_3,'-iRBcNs9oI8,3,36,4.012008,4.123452666666666,1,1,1,64192,65975,1783,120,124,3,inferred_uniform_text_timing,ffmpeg_audio_sample_rate,video_frame_index_and_fps
'-iRBcNs9oI8_3,'-iRBcNs9oI8,3,37,4.123452666666666,4.2348973333333335,0,1,1,65975,67758,1783,123,127,3,inferred_uniform_text_timing,ffmpeg_audio_sample_rate,video_frame_index_and_fps
'-iRBcNs9oI8_3,'-iRBcNs9oI8,3,38,4.2348973333333335,4.346342,0,1,1,67758,69541,1783,126,131,4,inferred_uniform_text_timing,ffmpeg_audio_sample_rate,video_frame_index_and_fps
'-iRBcNs9oI8_3,'-iRBcNs9oI8,3,39,4.346342,4.457786666666666,0,1,1,69541,71324,1783,130,134,3,inferred_uniform_text_timing,ffmpeg_audio_sample_rate,video_frame_index_and_fps
'-iRBcNs9oI8_3,'-iRBcNs9oI8,3,40,4.457786666666666,4.569231333333334,0,1,1,71324,73107,1783,133,137,3,inferred_uniform_text_timing,ffmpeg_audio_sample_rate,video_frame_index_and_fps
'-iRBcNs9oI8_3,'-iRBcNs9oI8,3,41,4.569231333333334,4.680676,1,1,1,73107,74890,1783,136,141,4,inferred_uniform_text_timing,ffmpeg_audio_sample_rate,video_frame_index_and_fps
'-iRBcNs9oI8_3,'-iRBcNs9oI8,3,42,4.680676,4.7921206666666665,0,1,1,74890,76673,1783,140,144,3,inferred_uniform_text_timing,ffmpeg_audio_sample_rate,video_frame_index_and_fps
'-iRBcNs9oI8_3,'-iRBcNs9oI8,3,43,4.7921206666666665,4.903565333333334,0,1,1,76673,78457,1784,143,147,3,inferred_uniform_text_timing,ffmpeg_audio_sample_rate,video_frame_index_and_fps
'-iRBcNs9oI8_3,'-iRBcNs9oI8,3,44,4.903565333333334,5.01501,0,1,1,78457,80240,1783,146,151,4,inferred_uniform_text_timing,ffmpeg_audio_sample_rate,video_frame_index_and_fps
'-iRBcNs9oI8_3,'-iRBcNs9oI8,3,45,5.01501,5.126454666666666,0,1,1,80240,82023,1783,150,154,3,inferred_uniform_text_timing,ffmpeg_audio_sample_rate,video_frame_index_and_fps
'-iRBcNs9oI8_3,'-iRBcNs9oI8,3,46,5.126454666666666,5.237899333333334,0,1,1,82023,83806,1783,153,157,3,inferred_uniform_text_timing,ffmpeg_audio_sample_rate,video_frame_index_and_fps
'-iRBcNs9oI8_3,'-iRBcNs9oI8,3,47,5.237899333333334,5.349343999999999,1,1,1,83806,85589,1783,156,161,4,inferred_uniform_text_timing,ffmpeg_audio_sample_rate,video_frame_index_and_fps
'-iRBcNs9oI8_3,'-iRBcNs9oI8,3,48,5.349343999999999,5.460788666666666,0,1,1,85589,87372,1783,160,164,3,inferred_uniform_text_timing,ffmpeg_audio_sample_rate,video_frame_index_and_fps
'-iRBcNs9oI8_3,'-iRBcNs9oI8,3,49,5.460788666666666,5.572233333333333,0,1,1,87372,89155,1240,163,167,3,inferred_uniform_text_timing,ffmpeg_audio_sample_rate,video_frame_index_and_fps
'-iRBcNs9oI8_7,'-iRBcNs9oI8,7,0,0.0,0.08008000000000001,0,1,1,0,1281,1281,0,3,3,inferred_uniform_text_timing,ffmpeg_audio_sample_rate,video_frame_index_and_fps
'-iRBcNs9oI8_7,'-iRBcNs9oI8,7,1,0.08008000000000001,0.16016000000000002,1,1,1,1281,2562,1281,2,5,2,inferred_uniform_text_timing,ffmpeg_audio_sample_rate,video_frame_index_and_fps
'-iRBcNs9oI8_7,'-iRBcNs9oI8,7,2,0.16016000000000002,0.24024,0,1,1,2562,3843,1281,4,8,3,inferred_uniform_text_timing,ffmpeg_audio_sample_rate,video_frame_index_and_fps
'-iRBcNs9oI8_7,'-iRBcNs9oI8,7,3,0.24024,0.32032000000000005,0,1,1,3843,5125,1282,7,10,2,inferred_uniform_text_timing,ffmpeg_audio_sample_rate,video_frame_index_and_fps
'-iRBcNs9oI8_7,'-iRBcNs9oI8,7,4,0.32032000000000005,0.4004000000000001,0,1,1,5125,6406,1281,9,13,2,inferred_uniform_text_timing,ffmpeg_audio_sample_rate,video_frame_index_and_fps
'-iRBcNs9oI8_7,'-iRBcNs9oI8,7,5,0.4004000000000001,0.48048,1,1,1,6406,7687,1281,12,15,3,inferred_uniform_text_timing,ffmpeg_audio_sample_rate,video_frame_index_and_fps
'-iRBcNs9oI8_7,'-iRBcNs9oI8,7,6,0.48048,0.5605600000000001,0,1,1,7687,8968,1281,14,17,2,inferred_uniform_text_timing,ffmpeg_audio_sample_rate,video_frame_index_and_fps
'-iRBcNs9oI8_7,'-iRBcNs9oI8,7,7,0.5605600000000001,0.6406400000000001,0,1,1,8968,10250,1282,16,20,3,inferred_uniform_text_timing,ffmpeg_audio_sample_rate,video_frame_index_and_fps
'-iRBcNs9oI8_7,'-iRBcNs9oI8,7,8,0.6406400000000001,0.72072,0,1,1,10250,11531,1281,19,22,2,inferred_uniform_text_timing,ffmpeg_audio_sample_rate,video_frame_index_and_fps
'-iRBcNs9oI8_7,'-iRBcNs9oI8,7,9,0.72072,0.8008000000000002,1,1,1,11531,12812,1281,21,25,2,inferred_uniform_text_timing,ffmpeg_audio_sample_rate,video_frame_index_and_fps
'-iRBcNs9oI8_7,'-iRBcNs9oI8,7,10,0.8008000000000002,0.8808800000000001,0,1,1,12812,14094,1282,24,27,3,inferred_uniform_text_timing,ffmpeg_audio_sample_rate,video_frame_index_and_fps
'-iRBcNs9oI8_7,'-iRBcNs9oI8,7,11,0.8808800000000001,0.96096,0,1,1,14094,15375,1281,26,29,2,inferred_uniform_text_timing,ffmpeg_audio_sample_rate,video_frame_index_and_fps
'-iRBcNs9oI8_7,'-iRBcNs9oI8,7,12,0.96096,1.0410400000000002,0,1,1,15375,16656,1281,28,32,3,inferred_uniform_text_timing,ffmpeg_audio_sample_rate,video_frame_index_and_fps
'-iRBcNs9oI8_7,'-iRBcNs9oI8,7,13,1.0410400000000002,1.1211200000000001,1,1,1,16656,17937,1281,31,34,2,inferred_uniform_text_timing,ffmpeg_audio_sample_rate,video_frame_index_and_fps
'-iRBcNs9oI8_7,'-iRBcNs9oI8,7,14,1.1211200000000001,1.2012000000000003,0,1,1,17937,19219,1282,33,37,2,inferred_uniform_text_timing,ffmpeg_audio_sample_rate,video_frame_index_and_fps
'-iRBcNs9oI8_7,'-iRBcNs9oI8,7,15,1.2012000000000003,1.2812800000000002,0,1,1,19219,20500,1281,36,39,3,inferred_uniform_text_timing,ffmpeg_audio_sample_rate,video_frame_index_and_fps
'-iRBcNs9oI8_7,'-iRBcNs9oI8,7,16,1.2812800000000002,1.3613600000000003,0,1,1,20500,21781,1281,38,41,2,inferred_uniform_text_timing,ffmpeg_audio_sample_rate,video_frame_index_and_fps
'-iRBcNs9oI8_7,'-iRBcNs9oI8,7,17,1.3613600000000003,1.44144,1,1,1,21781,23063,1282,40,44,3,inferred_uniform_text_timing,ffmpeg_audio_sample_rate,video_frame_index_and_fps
'-iRBcNs9oI8_7,'-iRBcNs9oI8,7,18,1.44144,1.5215200000000002,0,1,1,23063,24344,1281,43,46,2,inferred_uniform_text_timing,ffmpeg_audio_sample_rate,video_frame_index_and_fps
'-iRBcNs9oI8_7,'-iRBcNs9oI8,7,19,1.5215200000000002,1.6016000000000004,0,1,1,24344,25625,1281,45,49,2,inferred_uniform_text_timing,ffmpeg_audio_sample_rate,video_frame_index_and_fps
'-iRBcNs9oI8_7,'-iRBcNs9oI8,7,20,1.6016000000000004,1.68168,0,1,1,25625,26906,1281,48,51,3,inferred_uniform_text_timing,ffmpeg_audio_sample_rate,video_frame_index_and_fps
'-iRBcNs9oI8_7,'-iRBcNs9oI8,7,21,1.68168,1.7617600000000002,1,1,1,26906,28188,1282,50,53,2,inferred_uniform_text_timing,ffmpeg_audio_sample_rate,video_frame_index_and_fps
'-iRBcNs9oI8_7,'-iRBcNs9oI8,7,22,1.7617600000000002,1.8418400000000004,0,1,1,28188,29469,1281,52,56,3,inferred_uniform_text_timing,ffmpeg_audio_sample_rate,video_frame_index_and_fps
'-iRBcNs9oI8_7,'-iRBcNs9oI8,7,23,1.8418400000000004,1.92192,0,1,1,29469,30750,1281,55,58,2,inferred_uniform_text_timing,ffmpeg_audio_sample_rate,video_frame_index_and_fps
'-iRBcNs9oI8_7,'-iRBcNs9oI8,7,24,1.92192,2.0020000000000002,0,1,1,30750,32032,1282,57,61,2,inferred_uniform_text_timing,ffmpeg_audio_sample_rate,video_frame_index_and_fps
'-iRBcNs9oI8_7,'-iRBcNs9oI8,7,25,2.0020000000000002,2.0820800000000004,1,1,1,32032,33313,1281,60,63,3,inferred_uniform_text_timing,ffmpeg_audio_sample_rate,video_frame_index_and_fps
'-iRBcNs9oI8_7,'-iRBcNs9oI8,7,26,2.0820800000000004,2.1621600000000005,0,1,1,33313,34594,1281,62,65,2,inferred_uniform_text_timing,ffmpeg_audio_sample_rate,video_frame_index_and_fps
'-iRBcNs9oI8_7,'-iRBcNs9oI8,7,27,2.1621600000000005,2.2422400000000002,0,1,1,34594,35875,1281,64,68,3,inferred_uniform_text_timing,ffmpeg_audio_sample_rate,video_frame_index_and_fps
'-iRBcNs9oI8_7,'-iRBcNs9oI8,7,28,2.2422400000000002,2.3223200000000004,1,1,1,35875,37157,1282,67,70,2,inferred_uniform_text_timing,ffmpeg_audio_sample_rate,video_frame_index_and_fps
'-iRBcNs9oI8_7,'-iRBcNs9oI8,7,29,2.3223200000000004,2.4024000000000005,0,1,1,37157,38438,1281,69,73,2,inferred_uniform_text_timing,ffmpeg_audio_sample_rate,video_frame_index_and_fps
'-iRBcNs9oI8_7,'-iRBcNs9oI8,7,30,2.4024000000000005,2.4824800000000002,0,1,1,38438,39719,1281,72,75,3,inferred_uniform_text_timing,ffmpeg_audio_sample_rate,video_frame_index_and_fps
'-iRBcNs9oI8_7,'-iRBcNs9oI8,7,31,2.4824800000000002,2.5625600000000004,0,1,1,39719,41000,1281,74,77,2,inferred_uniform_text_timing,ffmpeg_audio_sample_rate,video_frame_index_and_fps
'-iRBcNs9oI8_7,'-iRBcNs9oI8,7,32,2.5625600000000004,2.64264,1,1,1,41000,42282,1282,76,80,3,inferred_uniform_text_timing,ffmpeg_audio_sample_rate,video_frame_index_and_fps
'-iRBcNs9oI8_7,'-iRBcNs9oI8,7,33,2.64264,2.7227200000000007,0,1,1,42282,43563,1281,79,82,2,inferred_uniform_text_timing,ffmpeg_audio_sample_rate,video_frame_index_and_fps
'-iRBcNs9oI8_7,'-iRBcNs9oI8,7,34,2.7227200000000007,2.8028000000000004,0,1,1,43563,44844,1281,81,85,2,inferred_uniform_text_timing,ffmpeg_audio_sample_rate,video_frame_index_and_fps
'-iRBcNs9oI8_7,'-iRBcNs9oI8,7,35,2.8028000000000004,2.88288,0,1,1,44844,46126,1282,84,87,3,inferred_uniform_text_timing,ffmpeg_audio_sample_rate,video_frame_index_and_fps
'-iRBcNs9oI8_7,'-iRBcNs9oI8,7,36,2.88288,2.9629600000000007,1,1,1,46126,47407,1281,86,89,2,inferred_uniform_text_timing,ffmpeg_audio_sample_rate,video_frame_index_and_fps
'-iRBcNs9oI8_7,'-iRBcNs9oI8,7,37,2.9629600000000007,3.0430400000000004,0,1,1,47407,48688,1281,88,92,3,inferred_uniform_text_timing,ffmpeg_audio_sample_rate,video_frame_index_and_fps
'-iRBcNs9oI8_7,'-iRBcNs9oI8,7,38,3.0430400000000004,3.12312,0,1,1,48688,49969,1281,91,94,2,inferred_uniform_text_timing,ffmpeg_audio_sample_rate,video_frame_index_and_fps
'-iRBcNs9oI8_7,'-iRBcNs9oI8,7,39,3.12312,3.2032000000000007,0,1,1,49969,51251,1282,93,97,2,inferred_uniform_text_timing,ffmpeg_audio_sample_rate,video_frame_index_and_fps
'-iRBcNs9oI8_7,'-iRBcNs9oI8,7,40,3.2032000000000007,3.2832800000000004,1,1,1,51251,52532,1281,96,99,3,inferred_uniform_text_timing,ffmpeg_audio_sample_rate,video_frame_index_and_fps
'-iRBcNs9oI8_7,'-iRBcNs9oI8,7,41,3.2832800000000004,3.36336,0,1,1,52532,53813,1281,98,101,2,inferred_uniform_text_timing,ffmpeg_audio_sample_rate,video_frame_index_and_fps
'-iRBcNs9oI8_7,'-iRBcNs9oI8,7,42,3.36336,3.4434400000000007,0,1,1,53813,55095,1282,100,104,3,inferred_uniform_text_timing,ffmpeg_audio_sample_rate,video_frame_index_and_fps
'-iRBcNs9oI8_7,'-iRBcNs9oI8,7,43,3.4434400000000007,3.5235200000000004,0,1,1,55095,56376,1281,103,106,2,inferred_uniform_text_timing,ffmpeg_audio_sample_rate,video_frame_index_and_fps
'-iRBcNs9oI8_7,'-iRBcNs9oI8,7,44,3.5235200000000004,3.6036,1,1,1,56376,57657,1281,105,108,2,inferred_uniform_text_timing,ffmpeg_audio_sample_rate,video_frame_index_and_fps
'-iRBcNs9oI8_7,'-iRBcNs9oI8,7,45,3.6036,3.6836800000000007,0,1,1,57657,58938,1281,108,111,3,inferred_uniform_text_timing,ffmpeg_audio_sample_rate,video_frame_index_and_fps
'-iRBcNs9oI8_7,'-iRBcNs9oI8,7,46,3.6836800000000007,3.7637600000000004,0,1,1,58938,60220,1282,110,113,2,inferred_uniform_text_timing,ffmpeg_audio_sample_rate,video_frame_index_and_fps
'-iRBcNs9oI8_7,'-iRBcNs9oI8,7,47,3.7637600000000004,3.84384,0,1,1,60220,61501,1281,112,116,3,inferred_uniform_text_timing,ffmpeg_audio_sample_rate,video_frame_index_and_fps
'-iRBcNs9oI8_7,'-iRBcNs9oI8,7,48,3.84384,3.9239200000000007,1,1,1,61501,62782,1281,115,118,2,inferred_uniform_text_timing,ffmpeg_audio_sample_rate,video_frame_index_and_fps
'-iRBcNs9oI8_7,'-iRBcNs9oI8,7,49,3.9239200000000007,4.0040000000000004,0,1,1,62782,64064,1282,117,121,2,inferred_uniform_text_timing,ffmpeg_audio_sample_rate,video_frame_index_and_fps
'-iRBcNs9oI8_6,'-iRBcNs9oI8,6,0,0.0,0.056723333333333334,0,1,1,0,907,907,0,2,2,inferred_uniform_text_timing,ffmpeg_audio_sample_rate,video_frame_index_and_fps
'-iRBcNs9oI8_6,'-iRBcNs9oI8,6,1,0.056723333333333334,0.11344666666666667,0,1,1,907,1815,908,1,4,2,inferred_uniform_text_timing,ffmpeg_audio_sample_rate,video_frame_index_and_fps
'-iRBcNs9oI8_6,'-iRBcNs9oI8,6,2,0.11344666666666667,0.17017,0,1,1,1815,2722,907,3,6,2,inferred_uniform_text_timing,ffmpeg_audio_sample_rate,video_frame_index_and_fps
'-iRBcNs9oI8_6,'-iRBcNs9oI8,6,3,0.17017,0.22689333333333334,0,1,1,2722,3630,908,5,7,1,inferred_uniform_text_timing,ffmpeg_audio_sample_rate,video_frame_index_and_fps
'-iRBcNs9oI8_6,'-iRBcNs9oI8,6,4,0.22689333333333334,0.2836166666666667,0,1,1,3630,4537,907,6,9,2,inferred_uniform_text_timing,ffmpeg_audio_sample_rate,video_frame_index_and_fps
'-iRBcNs9oI8_6,'-iRBcNs9oI8,6,5,0.2836166666666667,0.34034,1,1,1,4537,5445,908,8,11,2,inferred_uniform_text_timing,ffmpeg_audio_sample_rate,video_frame_index_and_fps
'-iRBcNs9oI8_6,'-iRBcNs9oI8,6,6,0.34034,0.3970633333333333,0,1,1,5445,6353,908,10,12,1,inferred_uniform_text_timing,ffmpeg_audio_sample_rate,video_frame_index_and_fps
'-iRBcNs9oI8_6,'-iRBcNs9oI8,6,7,0.3970633333333333,0.45378666666666667,0,1,1,6353,7260,907,11,14,2,inferred_uniform_text_timing,ffmpeg_audio_sample_rate,video_frame_index_and_fps
'-iRBcNs9oI8_6,'-iRBcNs9oI8,6,8,0.45378666666666667,0.51051,0,1,1,7260,8168,908,13,16,2,inferred_uniform_text_timing,ffmpeg_audio_sample_rate,video_frame_index_and_fps
'-iRBcNs9oI8_6,'-iRBcNs9oI8,6,9,0.51051,0.5672333333333334,0,1,1,8168,9075,907,15,17,1,inferred_uniform_text_timing,ffmpeg_audio_sample_rate,video_frame_index_and_fps
'-iRBcNs9oI8_6,'-iRBcNs9oI8,6,10,0.5672333333333334,0.6239566666666667,0,1,1,9075,9983,908,17,19,2,inferred_uniform_text_timing,ffmpeg_audio_sample_rate,video_frame_index_and_fps
'-iRBcNs9oI8_6,'-iRBcNs9oI8,6,11,0.6239566666666667,0.68068,0,1,1,9983,10890,907,18,21,2,inferred_uniform_text_timing,ffmpeg_audio_sample_rate,video_frame_index_and_fps
'-iRBcNs9oI8_6,'-iRBcNs9oI8,6,12,0.68068,0.7374033333333334,0,1,1,10890,11798,908,20,23,2,inferred_uniform_text_timing,ffmpeg_audio_sample_rate,video_frame_index_and_fps
'-iRBcNs9oI8_6,'-iRBcNs9oI8,6,13,0.7374033333333334,0.7941266666666666,0,1,1,11798,12706,908,22,24,1,inferred_uniform_text_timing,ffmpeg_audio_sample_rate,video_frame_index_and_fps
'-iRBcNs9oI8_6,'-iRBcNs9oI8,6,14,0.7941266666666666,0.8508500000000001,0,1,1,12706,13613,907,23,26,2,inferred_uniform_text_timing,ffmpeg_audio_sample_rate,video_frame_index_and_fps
'-iRBcNs9oI8_6,'-iRBcNs9oI8,6,15,0.8508500000000001,0.9075733333333333,1,1,1,13613,14521,908,25,28,2,inferred_uniform_text_timing,ffmpeg_audio_sample_rate,video_frame_index_and_fps
'-iRBcNs9oI8_6,'-iRBcNs9oI8,6,16,0.9075733333333333,0.9642966666666666,0,1,1,14521,15428,907,27,29,1,inferred_uniform_text_timing,ffmpeg_audio_sample_rate,video_frame_index_and_fps
'-iRBcNs9oI8_6,'-iRBcNs9oI8,6,17,0.9642966666666666,1.02102,0,1,1,15428,16336,908,28,31,2,inferred_uniform_text_timing,ffmpeg_audio_sample_rate,video_frame_index_and_fps
'-iRBcNs9oI8_6,'-iRBcNs9oI8,6,18,1.02102,1.0777433333333333,0,1,1,16336,17243,907,30,33,2,inferred_uniform_text_timing,ffmpeg_audio_sample_rate,video_frame_index_and_fps
'-iRBcNs9oI8_6,'-iRBcNs9oI8,6,19,1.0777433333333333,1.1344666666666667,0,1,1,17243,18151,908,32,34,1,inferred_uniform_text_timing,ffmpeg_audio_sample_rate,video_frame_index_and_fps
'-iRBcNs9oI8_6,'-iRBcNs9oI8,6,20,1.1344666666666667,1.19119,0,1,1,18151,19059,908,34,36,2,inferred_uniform_text_timing,ffmpeg_audio_sample_rate,video_frame_index_and_fps
'-iRBcNs9oI8_6,'-iRBcNs9oI8,6,21,1.19119,1.2479133333333334,0,1,1,19059,19966,907,35,38,2,inferred_uniform_text_timing,ffmpeg_audio_sample_rate,video_frame_index_and_fps
'-iRBcNs9oI8_6,'-iRBcNs9oI8,6,22,1.2479133333333334,1.3046366666666669,0,1,1,19966,20874,908,37,40,2,inferred_uniform_text_timing,ffmpeg_audio_sample_rate,video_frame_index_and_fps
'-iRBcNs9oI8_6,'-iRBcNs9oI8,6,23,1.3046366666666669,1.36136,0,1,1,20874,21781,907,39,41,1,inferred_uniform_text_timing,ffmpeg_audio_sample_rate,video_frame_index_and_fps
'-iRBcNs9oI8_6,'-iRBcNs9oI8,6,24,1.36136,1.4180833333333334,0,1,1,21781,22689,908,40,43,2,inferred_uniform_text_timing,ffmpeg_audio_sample_rate,video_frame_index_and_fps
'-iRBcNs9oI8_6,'-iRBcNs9oI8,6,25,1.4180833333333334,1.4748066666666668,1,1,1,22689,23596,907,42,45,2,inferred_uniform_text_timing,ffmpeg_audio_sample_rate,video_frame_index_and_fps
'-iRBcNs9oI8_6,'-iRBcNs9oI8,6,26,1.4748066666666668,1.5315299999999998,0,1,1,23596,24504,908,44,46,1,inferred_uniform_text_timing,ffmpeg_audio_sample_rate,video_frame_index_and_fps
'-iRBcNs9oI8_6,'-iRBcNs9oI8,6,27,1.5315299999999998,1.5882533333333333,0,1,1,24504,25412,908,45,48,2,inferred_uniform_text_timing,ffmpeg_audio_sample_rate,video_frame_index_and_fps
'-iRBcNs9oI8_6,'-iRBcNs9oI8,6,28,1.5882533333333333,1.6449766666666668,0,1,1,25412,26319,907,47,50,2,inferred_uniform_text_timing,ffmpeg_audio_sample_rate,video_frame_index_and_fps
'-iRBcNs9oI8_6,'-iRBcNs9oI8,6,29,1.6449766666666668,1.7017000000000002,0,1,1,26319,27227,908,49,52,1,inferred_uniform_text_timing,ffmpeg_audio_sample_rate,video_frame_index_and_fps
'-iRBcNs9oI8_6,'-iRBcNs9oI8,6,30,1.7017000000000002,1.7584233333333332,0,1,1,27227,28134,907,51,53,2,inferred_uniform_text_timing,ffmpeg_audio_sample_rate,video_frame_index_and_fps
'-iRBcNs9oI8_6,'-iRBcNs9oI8,6,31,1.7584233333333332,1.8151466666666667,0,1,1,28134,29042,908,52,55,2,inferred_uniform_text_timing,ffmpeg_audio_sample_rate,video_frame_index_and_fps
'-iRBcNs9oI8_6,'-iRBcNs9oI8,6,32,1.8151466666666667,1.8718700000000001,0,1,1,29042,29949,907,54,57,2,inferred_uniform_text_timing,ffmpeg_audio_sample_rate,video_frame_index_and_fps
'-iRBcNs9oI8_6,'-iRBcNs9oI8,6,33,1.8718700000000001,1.9285933333333332,0,1,1,29949,30857,908,56,58,1,inferred_uniform_text_timing,ffmpeg_audio_sample_rate,video_frame_index_and_fps
'-iRBcNs9oI8_6,'-iRBcNs9oI8,6,34,1.9285933333333332,1.9853166666666666,0,1,1,30857,31765,908,57,60,2,inferred_uniform_text_timing,ffmpeg_audio_sample_rate,video_frame_index_and_fps
'-iRBcNs9oI8_6,'-iRBcNs9oI8,6,35,1.9853166666666666,2.04204,1,1,1,31765,32672,907,59,62,2,inferred_uniform_text_timing,ffmpeg_audio_sample_rate,video_frame_index_and_fps
'-iRBcNs9oI8_6,'-iRBcNs9oI8,6,36,2.04204,2.0987633333333333,0,1,1,32672,33580,908,61,63,1,inferred_uniform_text_timing,ffmpeg_audio_sample_rate,video_frame_index_and_fps
'-iRBcNs9oI8_6,'-iRBcNs9oI8,6,37,2.0987633333333333,2.1554866666666666,0,1,1,33580,34487,907,62,65,2,inferred_uniform_text_timing,ffmpeg_audio_sample_rate,video_frame_index_and_fps
'-iRBcNs9oI8_6,'-iRBcNs9oI8,6,38,2.1554866666666666,2.2122100000000002,0,1,1,34487,35395,908,64,67,2,inferred_uniform_text_timing,ffmpeg_audio_sample_rate,video_frame_index_and_fps
'-iRBcNs9oI8_6,'-iRBcNs9oI8,6,39,2.2122100000000002,2.2689333333333335,0,1,1,35395,36302,907,66,68,1,inferred_uniform_text_timing,ffmpeg_audio_sample_rate,video_frame_index_and_fps
'-iRBcNs9oI8_6,'-iRBcNs9oI8,6,40,2.2689333333333335,2.3256566666666667,0,1,1,36302,37210,908,68,70,2,inferred_uniform_text_timing,ffmpeg_audio_sample_rate,video_frame_index_and_fps
'-iRBcNs9oI8_6,'-iRBcNs9oI8,6,41,2.3256566666666667,2.38238,0,1,1,37210,38118,908,69,72,2,inferred_uniform_text_timing,ffmpeg_audio_sample_rate,video_frame_index_and_fps
'-iRBcNs9oI8_6,'-iRBcNs9oI8,6,42,2.38238,2.4391033333333336,0,1,1,38118,39025,907,71,74,2,inferred_uniform_text_timing,ffmpeg_audio_sample_rate,video_frame_index_and_fps
'-iRBcNs9oI8_6,'-iRBcNs9oI8,6,43,2.4391033333333336,2.495826666666667,0,1,1,39025,39933,908,73,75,1,inferred_uniform_text_timing,ffmpeg_audio_sample_rate,video_frame_index_and_fps
'-iRBcNs9oI8_6,'-iRBcNs9oI8,6,44,2.495826666666667,2.55255,0,1,1,39933,40840,907,74,77,2,inferred_uniform_text_timing,ffmpeg_audio_sample_rate,video_frame_index_and_fps
'-iRBcNs9oI8_6,'-iRBcNs9oI8,6,45,2.55255,2.6092733333333338,1,1,1,40840,41748,908,76,79,2,inferred_uniform_text_timing,ffmpeg_audio_sample_rate,video_frame_index_and_fps
'-iRBcNs9oI8_6,'-iRBcNs9oI8,6,46,2.6092733333333338,2.6659966666666666,0,1,1,41748,42655,907,78,80,1,inferred_uniform_text_timing,ffmpeg_audio_sample_rate,video_frame_index_and_fps
'-iRBcNs9oI8_6,'-iRBcNs9oI8,6,47,2.6659966666666666,2.72272,0,1,1,42655,43563,908,79,82,2,inferred_uniform_text_timing,ffmpeg_audio_sample_rate,video_frame_index_and_fps
'-iRBcNs9oI8_6,'-iRBcNs9oI8,6,48,2.72272,2.7794433333333335,0,1,1,43563,44471,908,81,84,2,inferred_uniform_text_timing,ffmpeg_audio_sample_rate,video_frame_index_and_fps
'-iRBcNs9oI8_6,'-iRBcNs9oI8,6,49,2.7794433333333335,2.8361666666666667,0,1,1,44471,45378,656,83,85,1,inferred_uniform_text_timing,ffmpeg_audio_sample_rate,video_frame_index_and_fps
'-iRBcNs9oI8_9,'-iRBcNs9oI8,9,0,0.0,0.068068,0,1,1,0,1089,1089,0,3,3,inferred_uniform_text_timing,ffmpeg_audio_sample_rate,video_frame_index_and_fps
'-iRBcNs9oI8_9,'-iRBcNs9oI8,9,1,0.068068,0.136136,0,1,1,1089,2178,1089,2,5,2,inferred_uniform_text_timing,ffmpeg_audio_sample_rate,video_frame_index_and_fps
'-iRBcNs9oI8_9,'-iRBcNs9oI8,9,2,0.136136,0.204204,0,1,1,2178,3267,1089,4,7,2,inferred_uniform_text_timing,ffmpeg_audio_sample_rate,video_frame_index_and_fps
'-iRBcNs9oI8_9,'-iRBcNs9oI8,9,3,0.204204,0.272272,0,1,1,3267,4356,1089,6,9,2,inferred_uniform_text_timing,ffmpeg_audio_sample_rate,video_frame_index_and_fps
'-iRBcNs9oI8_9,'-iRBcNs9oI8,9,4,0.272272,0.34034,0,1,1,4356,5445,1089,8,11,2,inferred_uniform_text_timing,ffmpeg_audio_sample_rate,video_frame_index_and_fps
'-iRBcNs9oI8_9,'-iRBcNs9oI8,9,5,0.34034,0.408408,1,1,1,5445,6534,1089,10,13,2,inferred_uniform_text_timing,ffmpeg_audio_sample_rate,video_frame_index_and_fps
'-iRBcNs9oI8_9,'-iRBcNs9oI8,9,6,0.408408,0.47647599999999996,0,1,1,6534,7623,1089,12,15,2,inferred_uniform_text_timing,ffmpeg_audio_sample_rate,video_frame_index_and_fps
'-iRBcNs9oI8_9,'-iRBcNs9oI8,9,7,0.47647599999999996,0.544544,0,1,1,7623,8712,1089,14,17,2,inferred_uniform_text_timing,ffmpeg_audio_sample_rate,video_frame_index_and_fps
'-iRBcNs9oI8_9,'-iRBcNs9oI8,9,8,0.544544,0.612612,0,1,1,8712,9801,1089,16,19,2,inferred_uniform_text_timing,ffmpeg_audio_sample_rate,video_frame_index_and_fps
'-iRBcNs9oI8_9,'-iRBcNs9oI8,9,9,0.612612,0.68068,0,1,1,9801,10890,1089,18,21,2,inferred_uniform_text_timing,ffmpeg_audio_sample_rate,video_frame_index_and_fps
'-iRBcNs9oI8_9,'-iRBcNs9oI8,9,10,0.68068,0.748748,0,1,1,10890,11979,1089,20,23,2,inferred_uniform_text_timing,ffmpeg_audio_sample_rate,video_frame_index_and_fps
'-iRBcNs9oI8_9,'-iRBcNs9oI8,9,11,0.748748,0.816816,0,1,1,11979,13069,1090,22,25,2,inferred_uniform_text_timing,ffmpeg_audio_sample_rate,video_frame_index_and_fps
'-iRBcNs9oI8_9,'-iRBcNs9oI8,9,12,0.816816,0.884884,0,1,1,13069,14158,1089,24,27,2,inferred_uniform_text_timing,ffmpeg_audio_sample_rate,video_frame_index_and_fps
'-iRBcNs9oI8_9,'-iRBcNs9oI8,9,13,0.884884,0.9529519999999999,0,1,1,14158,15247,1089,26,29,2,inferred_uniform_text_timing,ffmpeg_audio_sample_rate,video_frame_index_and_fps
'-iRBcNs9oI8_9,'-iRBcNs9oI8,9,14,0.9529519999999999,1.02102,0,1,1,15247,16336,1089,28,31,2,inferred_uniform_text_timing,ffmpeg_audio_sample_rate,video_frame_index_and_fps
'-iRBcNs9oI8_9,'-iRBcNs9oI8,9,15,1.02102,1.089088,1,1,1,16336,17425,1089,30,33,2,inferred_uniform_text_timing,ffmpeg_audio_sample_rate,video_frame_index_and_fps
'-iRBcNs9oI8_9,'-iRBcNs9oI8,9,16,1.089088,1.1571559999999999,0,1,1,17425,18514,1089,32,35,2,inferred_uniform_text_timing,ffmpeg_audio_sample_rate,video_frame_index_and_fps
'-iRBcNs9oI8_9,'-iRBcNs9oI8,9,17,1.1571559999999999,1.225224,0,1,1,18514,19603,1089,34,37,2,inferred_uniform_text_timing,ffmpeg_audio_sample_rate,video_frame_index_and_fps
'-iRBcNs9oI8_9,'-iRBcNs9oI8,9,18,1.225224,1.2932919999999999,0,1,1,19603,20692,1089,36,39,2,inferred_uniform_text_timing,ffmpeg_audio_sample_rate,video_frame_index_and_fps
'-iRBcNs9oI8_9,'-iRBcNs9oI8,9,19,1.2932919999999999,1.36136,0,1,1,20692,21781,1089,38,41,2,inferred_uniform_text_timing,ffmpeg_audio_sample_rate,video_frame_index_and_fps
'-iRBcNs9oI8_9,'-iRBcNs9oI8,9,20,1.36136,1.4294280000000001,0,1,1,21781,22870,1089,40,43,2,inferred_uniform_text_timing,ffmpeg_audio_sample_rate,video_frame_index_and_fps
'-iRBcNs9oI8_9,'-iRBcNs9oI8,9,21,1.4294280000000001,1.497496,0,1,1,22870,23959,1089,42,45,2,inferred_uniform_text_timing,ffmpeg_audio_sample_rate,video_frame_index_and_fps
'-iRBcNs9oI8_9,'-iRBcNs9oI8,9,22,1.497496,1.565564,0,1,1,23959,25049,1090,44,47,2,inferred_uniform_text_timing,ffmpeg_audio_sample_rate,video_frame_index_and_fps
'-iRBcNs9oI8_9,'-iRBcNs9oI8,9,23,1.565564,1.633632,0,1,1,25049,26138,1089,46,49,2,inferred_uniform_text_timing,ffmpeg_audio_sample_rate,video_frame_index_and_fps
'-iRBcNs9oI8_9,'-iRBcNs9oI8,9,24,1.633632,1.7016999999999998,0,1,1,26138,27227,1089,48,51,2,inferred_uniform_text_timing,ffmpeg_audio_sample_rate,video_frame_index_and_fps
'-iRBcNs9oI8_9,'-iRBcNs9oI8,9,25,1.7016999999999998,1.769768,1,1,1,27227,28316,1089,50,54,3,inferred_uniform_text_timing,ffmpeg_audio_sample_rate,video_frame_index_and_fps
'-iRBcNs9oI8_9,'-iRBcNs9oI8,9,26,1.769768,1.837836,0,1,1,28316,29405,1089,53,56,2,inferred_uniform_text_timing,ffmpeg_audio_sample_rate,video_frame_index_and_fps
'-iRBcNs9oI8_9,'-iRBcNs9oI8,9,27,1.837836,1.9059039999999998,0,1,1,29405,30494,1089,55,58,2,inferred_uniform_text_timing,ffmpeg_audio_sample_rate,video_frame_index_and_fps
'-iRBcNs9oI8_9,'-iRBcNs9oI8,9,28,1.9059039999999998,1.973972,0,1,1,30494,31583,1089,57,60,2,inferred_uniform_text_timing,ffmpeg_audio_sample_rate,video_frame_index_and_fps
'-iRBcNs9oI8_9,'-iRBcNs9oI8,9,29,1.973972,2.04204,0,1,1,31583,32672,1089,59,62,2,inferred_uniform_text_timing,ffmpeg_audio_sample_rate,video_frame_index_and_fps
'-iRBcNs9oI8_9,'-iRBcNs9oI8,9,30,2.04204,2.110108,0,1,1,32672,33761,1089,61,64,2,inferred_uniform_text_timing,ffmpeg_audio_sample_rate,video_frame_index_and_fps
'-iRBcNs9oI8_9,'-iRBcNs9oI8,9,31,2.110108,2.178176,0,1,1,33761,34850,1089,63,66,2,inferred_uniform_text_timing,ffmpeg_audio_sample_rate,video_frame_index_and_fps
'-iRBcNs9oI8_9,'-iRBcNs9oI8,9,32,2.178176,2.246244,0,1,1,34850,35939,1089,65,68,2,inferred_uniform_text_timing,ffmpeg_audio_sample_rate,video_frame_index_and_fps
'-iRBcNs9oI8_9,'-iRBcNs9oI8,9,33,2.246244,2.3143119999999997,0,1,1,35939,37028,1089,67,70,2,inferred_uniform_text_timing,ffmpeg_audio_sample_rate,video_frame_index_and_fps
'-iRBcNs9oI8_9,'-iRBcNs9oI8,9,34,2.3143119999999997,2.38238,0,1,1,37028,38118,1090,69,72,2,inferred_uniform_text_timing,ffmpeg_audio_sample_rate,video_frame_index_and_fps
'-iRBcNs9oI8_9,'-iRBcNs9oI8,9,35,2.38238,2.450448,1,1,1,38118,39207,1089,71,74,2,inferred_uniform_text_timing,ffmpeg_audio_sample_rate,video_frame_index_and_fps
'-iRBcNs9oI8_9,'-iRBcNs9oI8,9,36,2.450448,2.518516,0,1,1,39207,40296,1089,73,76,2,inferred_uniform_text_timing,ffmpeg_audio_sample_rate,video_frame_index_and_fps
'-iRBcNs9oI8_9,'-iRBcNs9oI8,9,37,2.518516,2.5865839999999998,0,1,1,40296,41385,1089,75,78,2,inferred_uniform_text_timing,ffmpeg_audio_sample_rate,video_frame_index_and_fps
'-iRBcNs9oI8_9,'-iRBcNs9oI8,9,38,2.5865839999999998,2.654652,0,1,1,41385,42474,1089,77,80,2,inferred_uniform_text_timing,ffmpeg_audio_sample_rate,video_frame_index_and_fps
'-iRBcNs9oI8_9,'-iRBcNs9oI8,9,39,2.654652,2.72272,0,1,1,42474,43563,1089,79,82,2,inferred_uniform_text_timing,ffmpeg_audio_sample_rate,video_frame_index_and_fps
'-iRBcNs9oI8_9,'-iRBcNs9oI8,9,40,2.72272,2.790788,0,1,1,43563,44652,1089,81,84,2,inferred_uniform_text_timing,ffmpeg_audio_sample_rate,video_frame_index_and_fps
'-iRBcNs9oI8_9,'-iRBcNs9oI8,9,41,2.790788,2.8588560000000003,0,1,1,44652,45741,1089,83,86,2,inferred_uniform_text_timing,ffmpeg_audio_sample_rate,video_frame_index_and_fps
'-iRBcNs9oI8_9,'-iRBcNs9oI8,9,42,2.8588560000000003,2.926924,0,1,1,45741,46830,1089,85,88,2,inferred_uniform_text_timing,ffmpeg_audio_sample_rate,video_frame_index_and_fps
'-iRBcNs9oI8_9,'-iRBcNs9oI8,9,43,2.926924,2.994992,0,1,1,46830,47919,1089,87,90,2,inferred_uniform_text_timing,ffmpeg_audio_sample_rate,video_frame_index_and_fps
'-iRBcNs9oI8_9,'-iRBcNs9oI8,9,44,2.994992,3.0630599999999997,0,1,1,47919,49008,1089,89,92,2,inferred_uniform_text_timing,ffmpeg_audio_sample_rate,video_frame_index_and_fps
'-iRBcNs9oI8_9,'-iRBcNs9oI8,9,45,3.0630599999999997,3.131128,1,1,1,49008,50098,1090,91,94,2,inferred_uniform_text_timing,ffmpeg_audio_sample_rate,video_frame_index_and_fps
'-iRBcNs9oI8_9,'-iRBcNs9oI8,9,46,3.131128,3.199196,0,1,1,50098,51187,1089,93,96,2,inferred_uniform_text_timing,ffmpeg_audio_sample_rate,video_frame_index_and_fps
'-iRBcNs9oI8_9,'-iRBcNs9oI8,9,47,3.199196,3.267264,0,1,1,51187,52276,1089,95,98,2,inferred_uniform_text_timing,ffmpeg_audio_sample_rate,video_frame_index_and_fps
'-iRBcNs9oI8_9,'-iRBcNs9oI8,9,48,3.267264,3.335332,0,1,1,52276,53365,1089,97,100,2,inferred_uniform_text_timing,ffmpeg_audio_sample_rate,video_frame_index_and_fps
'-iRBcNs9oI8_9,'-iRBcNs9oI8,9,49,3.335332,3.4033999999999995,0,1,1,53365,54454,620,99,102,2,inferred_uniform_text_timing,ffmpeg_audio_sample_rate,video_frame_index_and_fps
'-iRBcNs9oI8_8,'-iRBcNs9oI8,8,0,0.0,0.16082733333333332,0,1,1,0,2573,2573,0,5,5,inferred_uniform_text_timing,ffmpeg_audio_sample_rate,video_frame_index_and_fps
'-iRBcNs9oI8_8,'-iRBcNs9oI8,8,1,0.16082733333333332,0.32165466666666664,1,1,1,2573,5146,2573,4,10,5,inferred_uniform_text_timing,ffmpeg_audio_sample_rate,video_frame_index_and_fps
'-iRBcNs9oI8_8,'-iRBcNs9oI8,8,2,0.32165466666666664,0.48248199999999997,0,1,1,5146,7719,2573,9,15,5,inferred_uniform_text_timing,ffmpeg_audio_sample_rate,video_frame_index_and_fps
'-iRBcNs9oI8_8,'-iRBcNs9oI8,8,3,0.48248199999999997,0.6433093333333333,1,1,1,7719,10292,2573,14,20,5,inferred_uniform_text_timing,ffmpeg_audio_sample_rate,video_frame_index_and_fps
'-iRBcNs9oI8_8,'-iRBcNs9oI8,8,4,0.6433093333333333,0.8041366666666667,0,1,1,10292,12866,2574,19,25,5,inferred_uniform_text_timing,ffmpeg_audio_sample_rate,video_frame_index_and_fps
'-iRBcNs9oI8_8,'-iRBcNs9oI8,8,5,0.8041366666666667,0.9649639999999999,1,1,1,12866,15439,2573,24,29,4,inferred_uniform_text_timing,ffmpeg_audio_sample_rate,video_frame_index_and_fps
'-iRBcNs9oI8_8,'-iRBcNs9oI8,8,6,0.9649639999999999,1.1257913333333334,0,1,1,15439,18012,2573,28,34,5,inferred_uniform_text_timing,ffmpeg_audio_sample_rate,video_frame_index_and_fps
'-iRBcNs9oI8_8,'-iRBcNs9oI8,8,7,1.1257913333333334,1.2866186666666666,1,1,1,18012,20585,2573,33,39,5,inferred_uniform_text_timing,ffmpeg_audio_sample_rate,video_frame_index_and_fps
'-iRBcNs9oI8_8,'-iRBcNs9oI8,8,8,1.2866186666666666,1.447446,0,1,1,20585,23159,2574,38,44,5,inferred_uniform_text_timing,ffmpeg_audio_sample_rate,video_frame_index_and_fps
'-iRBcNs9oI8_8,'-iRBcNs9oI8,8,9,1.447446,1.6082733333333334,1,1,1,23159,25732,2573,43,49,5,inferred_uniform_text_timing,ffmpeg_audio_sample_rate,video_frame_index_and_fps
'-iRBcNs9oI8_8,'-iRBcNs9oI8,8,10,1.6082733333333334,1.7691006666666667,0,1,1,25732,28305,2573,48,54,5,inferred_uniform_text_timing,ffmpeg_audio_sample_rate,video_frame_index_and_fps
'-iRBcNs9oI8_8,'-iRBcNs9oI8,8,11,1.7691006666666667,1.9299279999999999,1,1,1,28305,30878,2573,53,58,4,inferred_uniform_text_timing,ffmpeg_audio_sample_rate,video_frame_index_and_fps
'-iRBcNs9oI8_8,'-iRBcNs9oI8,8,12,1.9299279999999999,2.0907553333333335,0,1,1,30878,33452,2574,57,63,5,inferred_uniform_text_timing,ffmpeg_audio_sample_rate,video_frame_index_and_fps
'-iRBcNs9oI8_8,'-iRBcNs9oI8,8,13,2.0907553333333335,2.2515826666666667,1,1,1,33452,36025,2573,62,68,5,inferred_uniform_text_timing,ffmpeg_audio_sample_rate,video_frame_index_and_fps
'-iRBcNs9oI8_8,'-iRBcNs9oI8,8,14,2.2515826666666667,2.41241,0,1,1,36025,38598,2573,67,73,5,inferred_uniform_text_timing,ffmpeg_audio_sample_rate,video_frame_index_and_fps
'-iRBcNs9oI8_8,'-iRBcNs9oI8,8,15,2.41241,2.573237333333333,1,1,1,38598,41171,2573,72,78,5,inferred_uniform_text_timing,ffmpeg_audio_sample_rate,video_frame_index_and_fps
'-iRBcNs9oI8_8,'-iRBcNs9oI8,8,16,2.573237333333333,2.734064666666667,0,1,1,41171,43745,2574,77,82,4,inferred_uniform_text_timing,ffmpeg_audio_sample_rate,video_frame_index_and_fps
'-iRBcNs9oI8_8,'-iRBcNs9oI8,8,17,2.734064666666667,2.894892,1,1,1,43745,46318,2573,81,87,5,inferred_uniform_text_timing,ffmpeg_audio_sample_rate,video_frame_index_and_fps
'-iRBcNs9oI8_8,'-iRBcNs9oI8,8,18,2.894892,3.0557193333333332,0,1,1,46318,48891,2573,86,92,5,inferred_uniform_text_timing,ffmpeg_audio_sample_rate,video_frame_index_and_fps
'-iRBcNs9oI8_8,'-iRBcNs9oI8,8,19,3.0557193333333332,3.216546666666667,1,1,1,48891,51464,2573,91,97,5,inferred_uniform_text_timing,ffmpeg_audio_sample_rate,video_frame_index_and_fps
'-iRBcNs9oI8_8,'-iRBcNs9oI8,8,20,3.216546666666667,3.3773739999999997,0,1,1,51464,54037,2573,96,102,5,inferred_uniform_text_timing,ffmpeg_audio_sample_rate,video_frame_index_and_fps
'-iRBcNs9oI8_8,'-iRBcNs9oI8,8,21,3.3773739999999997,3.5382013333333333,1,1,1,54037,56611,2574,101,107,5,inferred_uniform_text_timing,ffmpeg_audio_sample_rate,video_frame_index_and_fps
'-iRBcNs9oI8_8,'-iRBcNs9oI8,8,22,3.5382013333333333,3.699028666666667,0,1,1,56611,59184,2573,106,111,4,inferred_uniform_text_timing,ffmpeg_audio_sample_rate,video_frame_index_and_fps
'-iRBcNs9oI8_8,'-iRBcNs9oI8,8,23,3.699028666666667,3.8598559999999997,1,1,1,59184,61757,2573,110,116,5,inferred_uniform_text_timing,ffmpeg_audio_sample_rate,video_frame_index_and_fps
'-iRBcNs9oI8_8,'-iRBcNs9oI8,8,24,3.8598559999999997,4.020683333333333,0,1,1,61757,64330,2573,115,121,5,inferred_uniform_text_timing,ffmpeg_audio_sample_rate,video_frame_index_and_fps
'-iRBcNs9oI8_8,'-iRBcNs9oI8,8,25,4.020683333333333,4.181510666666667,0,1,1,64330,66904,2574,120,126,5,inferred_uniform_text_timing,ffmpeg_audio_sample_rate,video_frame_index_and_fps
'-iRBcNs9oI8_8,'-iRBcNs9oI8,8,26,4.181510666666667,4.342338000000001,1,1,1,66904,69477,2573,125,131,5,inferred_uniform_text_timing,ffmpeg_audio_sample_rate,video_frame_index_and_fps
'-iRBcNs9oI8_8,'-iRBcNs9oI8,8,27,4.342338000000001,4.5031653333333335,0,1,1,69477,72050,2573,130,135,4,inferred_uniform_text_timing,ffmpeg_audio_sample_rate,video_frame_index_and_fps
'-iRBcNs9oI8_8,'-iRBcNs9oI8,8,28,4.5031653333333335,4.663992666666667,1,1,1,72050,74623,2573,134,140,5,inferred_uniform_text_timing,ffmpeg_audio_sample_rate,video_frame_index_and_fps
'-iRBcNs9oI8_8,'-iRBcNs9oI8,8,29,4.663992666666667,4.82482,0,1,1,74623,77197,2574,139,145,5,inferred_uniform_text_timing,ffmpeg_audio_sample_rate,video_frame_index_and_fps
'-iRBcNs9oI8_8,'-iRBcNs9oI8,8,30,4.82482,4.9856473333333335,1,1,1,77197,79770,2573,144,150,5,inferred_uniform_text_timing,ffmpeg_audio_sample_rate,video_frame_index_and_fps
'-iRBcNs9oI8_8,'-iRBcNs9oI8,8,31,4.9856473333333335,5.146474666666666,0,1,1,79770,82343,2573,149,155,5,inferred_uniform_text_timing,ffmpeg_audio_sample_rate,video_frame_index_and_fps
'-iRBcNs9oI8_8,'-iRBcNs9oI8,8,32,5.146474666666666,5.307302,1,1,1,82343,84916,2573,154,160,5,inferred_uniform_text_timing,ffmpeg_audio_sample_rate,video_frame_index_and_fps
'-iRBcNs9oI8_8,'-iRBcNs9oI8,8,33,5.307302,5.468129333333334,0,1,1,84916,87490,2574,159,164,4,inferred_uniform_text_timing,ffmpeg_audio_sample_rate,video_frame_index_and_fps
'-iRBcNs9oI8_8,'-iRBcNs9oI8,8,34,5.468129333333334,5.628956666666666,1,1,1,87490,90063,2573,163,169,5,inferred_uniform_text_timing,ffmpeg_audio_sample_rate,video_frame_index_and_fps
'-iRBcNs9oI8_8,'-iRBcNs9oI8,8,35,5.628956666666666,5.789784,0,1,1,90063,92636,2573,168,174,5,inferred_uniform_text_timing,ffmpeg_audio_sample_rate,video_frame_index_and_fps
'-iRBcNs9oI8_8,'-iRBcNs9oI8,8,36,5.789784,5.950611333333334,1,1,1,92636,95209,2573,173,179,5,inferred_uniform_text_timing,ffmpeg_audio_sample_rate,video_frame_index_and_fps
'-iRBcNs9oI8_8,'-iRBcNs9oI8,8,37,5.950611333333334,6.1114386666666665,0,1,1,95209,97783,2574,178,184,5,inferred_uniform_text_timing,ffmpeg_audio_sample_rate,video_frame_index_and_fps
'-iRBcNs9oI8_8,'-iRBcNs9oI8,8,38,6.1114386666666665,6.272265999999999,1,1,1,97783,100356,2573,183,188,4,inferred_uniform_text_timing,ffmpeg_audio_sample_rate,video_frame_index_and_fps
'-iRBcNs9oI8_8,'-iRBcNs9oI8,8,39,6.272265999999999,6.433093333333334,0,1,1,100356,102929,2573,187,193,5,inferred_uniform_text_timing,ffmpeg_audio_sample_rate,video_frame_index_and_fps
'-iRBcNs9oI8_8,'-iRBcNs9oI8,8,40,6.433093333333334,6.5939206666666665,1,1,1,102929,105502,2573,192,198,5,inferred_uniform_text_timing,ffmpeg_audio_sample_rate,video_frame_index_and_fps
'-iRBcNs9oI8_8,'-iRBcNs9oI8,8,41,6.5939206666666665,6.754747999999999,0,1,1,105502,108075,2573,197,203,5,inferred_uniform_text_timing,ffmpeg_audio_sample_rate,video_frame_index_and_fps
'-iRBcNs9oI8_8,'-iRBcNs9oI8,8,42,6.754747999999999,6.915575333333334,1,1,1,108075,110649,2574,202,208,5,inferred_uniform_text_timing,ffmpeg_audio_sample_rate,video_frame_index_and_fps
'-iRBcNs9oI8_8,'-iRBcNs9oI8,8,43,6.915575333333334,7.076402666666667,0,1,1,110649,113222,2573,207,213,5,inferred_uniform_text_timing,ffmpeg_audio_sample_rate,video_frame_index_and_fps
'-iRBcNs9oI8_8,'-iRBcNs9oI8,8,44,7.076402666666667,7.237229999999999,1,1,1,113222,115795,2573,212,217,4,inferred_uniform_text_timing,ffmpeg_audio_sample_rate,video_frame_index_and_fps
'-iRBcNs9oI8_8,'-iRBcNs9oI8,8,45,7.237229999999999,7.398057333333334,0,1,1,115795,118368,2573,216,222,5,inferred_uniform_text_timing,ffmpeg_audio_sample_rate,video_frame_index_and_fps
'-iRBcNs9oI8_8,'-iRBcNs9oI8,8,46,7.398057333333334,7.558884666666667,1,1,1,118368,120942,2574,221,227,5,inferred_uniform_text_timing,ffmpeg_audio_sample_rate,video_frame_index_and_fps
'-iRBcNs9oI8_8,'-iRBcNs9oI8,8,47,7.558884666666667,7.7197119999999995,0,1,1,120942,123515,2573,226,232,5,inferred_uniform_text_timing,ffmpeg_audio_sample_rate,video_frame_index_and_fps
'-iRBcNs9oI8_8,'-iRBcNs9oI8,8,48,7.7197119999999995,7.880539333333334,1,1,1,123515,126088,2573,231,237,5,inferred_uniform_text_timing,ffmpeg_audio_sample_rate,video_frame_index_and_fps
'-iRBcNs9oI8_8,'-iRBcNs9oI8,8,49,7.880539333333334,8.041366666666667,0,1,1,126088,128661,2329,236,241,4,inferred_uniform_text_timing,ffmpeg_audio_sample_rate,video_frame_index_and_fps
'-lzEya4AM_4_5,'-lzEya4AM_4,5,0,0.0,0.15266666666666667,0,1,1,0,2442,2442,0,5,5,inferred_uniform_text_timing,ffmpeg_audio_sample_rate,video_frame_index_and_fps
'-lzEya4AM_4_5,'-lzEya4AM_4,5,1,0.15266666666666667,0.30533333333333335,1,1,1,2442,4885,2443,4,10,5,inferred_uniform_text_timing,ffmpeg_audio_sample_rate,video_frame_index_and_fps
'-lzEya4AM_4_5,'-lzEya4AM_4,5,2,0.30533333333333335,0.458,0,1,1,4885,7328,2443,9,14,4,inferred_uniform_text_timing,ffmpeg_audio_sample_rate,video_frame_index_and_fps
'-lzEya4AM_4_5,'-lzEya4AM_4,5,3,0.458,0.6106666666666667,1,1,1,7328,9770,2442,13,19,5,inferred_uniform_text_timing,ffmpeg_audio_sample_rate,video_frame_index_and_fps
'-lzEya4AM_4_5,'-lzEya4AM_4,5,4,0.6106666666666667,0.7633333333333334,0,1,1,9770,12213,2443,18,23,4,inferred_uniform_text_timing,ffmpeg_audio_sample_rate,video_frame_index_and_fps
'-lzEya4AM_4_5,'-lzEya4AM_4,5,5,0.7633333333333334,0.916,1,1,1,12213,14656,2443,22,28,5,inferred_uniform_text_timing,ffmpeg_audio_sample_rate,video_frame_index_and_fps
'-lzEya4AM_4_5,'-lzEya4AM_4,5,6,0.916,1.0686666666666667,0,1,1,14656,17098,2442,27,33,5,inferred_uniform_text_timing,ffmpeg_audio_sample_rate,video_frame_index_and_fps
'-lzEya4AM_4_5,'-lzEya4AM_4,5,7,1.0686666666666667,1.2213333333333334,0,1,1,17098,19541,2443,32,37,4,inferred_uniform_text_timing,ffmpeg_audio_sample_rate,video_frame_index_and_fps
'-lzEya4AM_4_5,'-lzEya4AM_4,5,8,1.2213333333333334,1.374,1,1,1,19541,21984,2443,36,42,5,inferred_uniform_text_timing,ffmpeg_audio_sample_rate,video_frame_index_and_fps
'-lzEya4AM_4_5,'-lzEya4AM_4,5,9,1.374,1.5266666666666668,0,1,1,21984,24426,2442,41,46,4,inferred_uniform_text_timing,ffmpeg_audio_sample_rate,video_frame_index_and_fps
'-lzEya4AM_4_5,'-lzEya4AM_4,5,10,1.5266666666666668,1.6793333333333333,1,1,1,24426,26869,2443,45,51,5,inferred_uniform_text_timing,ffmpeg_audio_sample_rate,video_frame_index_and_fps
'-lzEya4AM_4_5,'-lzEya4AM_4,5,11,1.6793333333333333,1.832,0,1,1,26869,29312,2443,50,55,4,inferred_uniform_text_timing,ffmpeg_audio_sample_rate,video_frame_index_and_fps
'-lzEya4AM_4_5,'-lzEya4AM_4,5,12,1.832,1.9846666666666666,0,1,1,29312,31754,2442,54,60,5,inferred_uniform_text_timing,ffmpeg_audio_sample_rate,video_frame_index_and_fps
'-lzEya4AM_4_5,'-lzEya4AM_4,5,13,1.9846666666666666,2.1373333333333333,1,1,1,31754,34197,2443,59,65,5,inferred_uniform_text_timing,ffmpeg_audio_sample_rate,video_frame_index_and_fps
'-lzEya4AM_4_5,'-lzEya4AM_4,5,14,2.1373333333333333,2.29,0,1,1,34197,36640,2443,64,69,4,inferred_uniform_text_timing,ffmpeg_audio_sample_rate,video_frame_index_and_fps
'-lzEya4AM_4_5,'-lzEya4AM_4,5,15,2.29,2.4426666666666668,1,1,1,36640,39082,2442,68,74,5,inferred_uniform_text_timing,ffmpeg_audio_sample_rate,video_frame_index_and_fps
'-lzEya4AM_4_5,'-lzEya4AM_4,5,16,2.4426666666666668,2.5953333333333335,0,1,1,39082,41525,2443,73,78,4,inferred_uniform_text_timing,ffmpeg_audio_sample_rate,video_frame_index_and_fps
'-lzEya4AM_4_5,'-lzEya4AM_4,5,17,2.5953333333333335,2.748,1,1,1,41525,43968,2443,77,83,5,inferred_uniform_text_timing,ffmpeg_audio_sample_rate,video_frame_index_and_fps
'-lzEya4AM_4_5,'-lzEya4AM_4,5,18,2.748,2.9006666666666665,0,1,1,43968,46410,2442,82,88,5,inferred_uniform_text_timing,ffmpeg_audio_sample_rate,video_frame_index_and_fps
'-lzEya4AM_4_5,'-lzEya4AM_4,5,19,2.9006666666666665,3.0533333333333337,0,1,1,46410,48853,2443,87,92,4,inferred_uniform_text_timing,ffmpeg_audio_sample_rate,video_frame_index_and_fps
'-lzEya4AM_4_5,'-lzEya4AM_4,5,20,3.0533333333333337,3.2060000000000004,1,1,1,48853,51296,2443,91,97,5,inferred_uniform_text_timing,ffmpeg_audio_sample_rate,video_frame_index_and_fps
'-lzEya4AM_4_5,'-lzEya4AM_4,5,21,3.2060000000000004,3.3586666666666667,0,1,1,51296,53738,2442,96,101,4,inferred_uniform_text_timing,ffmpeg_audio_sample_rate,video_frame_index_and_fps
'-lzEya4AM_4_5,'-lzEya4AM_4,5,22,3.3586666666666667,3.5113333333333334,1,1,1,53738,56181,2443,100,106,5,inferred_uniform_text_timing,ffmpeg_audio_sample_rate,video_frame_index_and_fps
'-lzEya4AM_4_5,'-lzEya4AM_4,5,23,3.5113333333333334,3.664,0,1,1,56181,58624,2443,105,110,4,inferred_uniform_text_timing,ffmpeg_audio_sample_rate,video_frame_index_and_fps
'-lzEya4AM_4_5,'-lzEya4AM_4,5,24,3.664,3.816666666666667,0,1,1,58624,61066,2442,109,115,5,inferred_uniform_text_timing,ffmpeg_audio_sample_rate,video_frame_index_and_fps
'-lzEya4AM_4_5,'-lzEya4AM_4,5,25,3.816666666666667,3.969333333333333,1,1,1,61066,63509,2443,114,120,5,inferred_uniform_text_timing,ffmpeg_audio_sample_rate,video_frame_index_and_fps
'-lzEya4AM_4_5,'-lzEya4AM_4,5,26,3.969333333333333,4.122000000000001,0,1,1,63509,65952,2443,119,124,4,inferred_uniform_text_timing,ffmpeg_audio_sample_rate,video_frame_index_and_fps
'-lzEya4AM_4_5,'-lzEya4AM_4,5,27,4.122000000000001,4.274666666666667,1,1,1,65952,68394,2442,123,129,5,inferred_uniform_text_timing,ffmpeg_audio_sample_rate,video_frame_index_and_fps
'-lzEya4AM_4_5,'-lzEya4AM_4,5,28,4.274666666666667,4.427333333333333,0,1,1,68394,70837,2443,128,133,4,inferred_uniform_text_timing,ffmpeg_audio_sample_rate,video_frame_index_and_fps
'-lzEya4AM_4_5,'-lzEya4AM_4,5,29,4.427333333333333,4.58,1,1,1,70837,73280,2443,132,138,5,inferred_uniform_text_timing,ffmpeg_audio_sample_rate,video_frame_index_and_fps
'-lzEya4AM_4_5,'-lzEya4AM_4,5,30,4.58,4.732666666666667,0,1,1,73280,75722,2442,137,142,4,inferred_uniform_text_timing,ffmpeg_audio_sample_rate,video_frame_index_and_fps
'-lzEya4AM_4_5,'-lzEya4AM_4,5,31,4.732666666666667,4.8853333333333335,0,1,1,75722,78165,2443,141,147,5,inferred_uniform_text_timing,ffmpeg_audio_sample_rate,video_frame_index_and_fps
'-lzEya4AM_4_5,'-lzEya4AM_4,5,32,4.8853333333333335,5.038,1,1,1,78165,80608,2443,146,152,5,inferred_uniform_text_timing,ffmpeg_audio_sample_rate,video_frame_index_and_fps
'-lzEya4AM_4_5,'-lzEya4AM_4,5,33,5.038,5.190666666666667,0,1,1,80608,83050,2442,151,156,4,inferred_uniform_text_timing,ffmpeg_audio_sample_rate,video_frame_index_and_fps
'-lzEya4AM_4_5,'-lzEya4AM_4,5,34,5.190666666666667,5.343333333333334,1,1,1,83050,85493,2443,155,161,5,inferred_uniform_text_timing,ffmpeg_audio_sample_rate,video_frame_index_and_fps
'-lzEya4AM_4_5,'-lzEya4AM_4,5,35,5.343333333333334,5.496,0,1,1,85493,87936,2443,160,165,4,inferred_uniform_text_timing,ffmpeg_audio_sample_rate,video_frame_index_and_fps
'-lzEya4AM_4_5,'-lzEya4AM_4,5,36,5.496,5.648666666666667,1,1,1,87936,90378,2442,164,170,5,inferred_uniform_text_timing,ffmpeg_audio_sample_rate,video_frame_index_and_fps
'-lzEya4AM_4_5,'-lzEya4AM_4,5,37,5.648666666666667,5.801333333333333,0,1,1,90378,92821,2443,169,175,5,inferred_uniform_text_timing,ffmpeg_audio_sample_rate,video_frame_index_and_fps
'-lzEya4AM_4_5,'-lzEya4AM_4,5,38,5.801333333333333,5.954,0,1,1,92821,95264,2443,174,179,4,inferred_uniform_text_timing,ffmpeg_audio_sample_rate,video_frame_index_and_fps
'-lzEya4AM_4_5,'-lzEya4AM_4,5,39,5.954,6.106666666666667,1,1,1,95264,97706,2442,178,184,5,inferred_uniform_text_timing,ffmpeg_audio_sample_rate,video_frame_index_and_fps
'-lzEya4AM_4_5,'-lzEya4AM_4,5,40,6.106666666666667,6.259333333333334,0,1,1,97706,100149,2443,183,188,4,inferred_uniform_text_timing,ffmpeg_audio_sample_rate,video_frame_index_and_fps
'-lzEya4AM_4_5,'-lzEya4AM_4,5,41,6.259333333333334,6.412000000000001,1,1,1,100149,102592,2443,187,193,5,inferred_uniform_text_timing,ffmpeg_audio_sample_rate,video_frame_index_and_fps
'-lzEya4AM_4_5,'-lzEya4AM_4,5,42,6.412000000000001,6.564666666666667,0,1,1,102592,105034,2442,192,197,4,inferred_uniform_text_timing,ffmpeg_audio_sample_rate,video_frame_index_and_fps
'-lzEya4AM_4_5,'-lzEya4AM_4,5,43,6.564666666666667,6.717333333333333,0,1,1,105034,107477,2443,196,202,5,inferred_uniform_text_timing,ffmpeg_audio_sample_rate,video_frame_index_and_fps
'-lzEya4AM_4_5,'-lzEya4AM_4,5,44,6.717333333333333,6.87,1,1,1,107477,109920,2443,201,207,5,inferred_uniform_text_timing,ffmpeg_audio_sample_rate,video_frame_index_and_fps
'-lzEya4AM_4_5,'-lzEya4AM_4,5,45,6.87,7.022666666666667,0,1,1,109920,112362,2442,206,211,4,inferred_uniform_text_timing,ffmpeg_audio_sample_rate,video_frame_index_and_fps
'-lzEya4AM_4_5,'-lzEya4AM_4,5,46,7.022666666666667,7.1753333333333345,1,1,1,112362,114805,2443,210,216,5,inferred_uniform_text_timing,ffmpeg_audio_sample_rate,video_frame_index_and_fps
'-lzEya4AM_4_5,'-lzEya4AM_4,5,47,7.1753333333333345,7.328,0,1,1,114805,117248,2443,215,220,4,inferred_uniform_text_timing,ffmpeg_audio_sample_rate,video_frame_index_and_fps
'-lzEya4AM_4_5,'-lzEya4AM_4,5,48,7.328,7.480666666666667,1,1,1,117248,119690,2442,219,225,5,inferred_uniform_text_timing,ffmpeg_audio_sample_rate,video_frame_index_and_fps
'-lzEya4AM_4_5,'-lzEya4AM_4,5,49,7.480666666666667,7.633333333333334,0,1,1,119690,122133,1425,224,229,4,inferred_uniform_text_timing,ffmpeg_audio_sample_rate,video_frame_index_and_fps
'-lzEya4AM_4_6,'-lzEya4AM_4,6,0,0.0,0.29533333333333334,1,1,1,0,4725,4725,0,9,9,inferred_uniform_text_timing,ffmpeg_audio_sample_rate,video_frame_index_and_fps
'-lzEya4AM_4_6,'-lzEya4AM_4,6,1,0.29533333333333334,0.5906666666666667,1,1,1,4725,9450,4725,8,18,9,inferred_uniform_text_timing,ffmpeg_audio_sample_rate,video_frame_index_and_fps
'-lzEya4AM_4_6,'-lzEya4AM_4,6,2,0.5906666666666667,0.8860000000000001,1,1,1,9450,14176,4726,17,27,9,inferred_uniform_text_timing,ffmpeg_audio_sample_rate,video_frame_index_and_fps
'-lzEya4AM_4_6,'-lzEya4AM_4,6,3,0.8860000000000001,1.1813333333333333,1,1,1,14176,18901,4725,26,36,9,inferred_uniform_text_timing,ffmpeg_audio_sample_rate,video_frame_index_and_fps
'-lzEya4AM_4_6,'-lzEya4AM_4,6,4,1.1813333333333333,1.4766666666666668,1,1,1,18901,23626,4725,35,45,9,inferred_uniform_text_timing,ffmpeg_audio_sample_rate,video_frame_index_and_fps
'-lzEya4AM_4_6,'-lzEya4AM_4,6,5,1.4766666666666668,1.7720000000000002,1,1,1,23626,28352,4726,44,54,9,inferred_uniform_text_timing,ffmpeg_audio_sample_rate,video_frame_index_and_fps
'-lzEya4AM_4_6,'-lzEya4AM_4,6,6,1.7720000000000002,2.0673333333333335,0,1,1,28352,33077,4725,53,63,9,inferred_uniform_text_timing,ffmpeg_audio_sample_rate,video_frame_index_and_fps
'-lzEya4AM_4_6,'-lzEya4AM_4,6,7,2.0673333333333335,2.3626666666666667,1,1,1,33077,37802,4725,62,71,8,inferred_uniform_text_timing,ffmpeg_audio_sample_rate,video_frame_index_and_fps
'-lzEya4AM_4_6,'-lzEya4AM_4,6,8,2.3626666666666667,2.658,1,1,1,37802,42528,4726,70,80,9,inferred_uniform_text_timing,ffmpeg_audio_sample_rate,video_frame_index_and_fps
'-lzEya4AM_4_6,'-lzEya4AM_4,6,9,2.658,2.9533333333333336,1,1,1,42528,47253,4725,79,89,9,inferred_uniform_text_timing,ffmpeg_audio_sample_rate,video_frame_index_and_fps
'-lzEya4AM_4_6,'-lzEya4AM_4,6,10,2.9533333333333336,3.248666666666667,1,1,1,47253,51978,4725,88,98,9,inferred_uniform_text_timing,ffmpeg_audio_sample_rate,video_frame_index_and_fps
'-lzEya4AM_4_6,'-lzEya4AM_4,6,11,3.248666666666667,3.5440000000000005,1,1,1,51978,56704,4726,97,107,9,inferred_uniform_text_timing,ffmpeg_audio_sample_rate,video_frame_index_and_fps
'-lzEya4AM_4_6,'-lzEya4AM_4,6,12,3.5440000000000005,3.8393333333333333,1,1,1,56704,61429,4725,106,116,9,inferred_uniform_text_timing,ffmpeg_audio_sample_rate,video_frame_index_and_fps
'-lzEya4AM_4_6,'-lzEya4AM_4,6,13,3.8393333333333333,4.134666666666667,1,1,1,61429,66154,4725,115,125,9,inferred_uniform_text_timing,ffmpeg_audio_sample_rate,video_frame_index_and_fps
'-lzEya4AM_4_6,'-lzEya4AM_4,6,14,4.134666666666667,4.43,1,1,1,66154,70880,4726,124,133,8,inferred_uniform_text_timing,ffmpeg_audio_sample_rate,video_frame_index_and_fps
'-lzEya4AM_4_6,'-lzEya4AM_4,6,15,4.43,4.725333333333333,1,1,1,70880,75605,4725,132,142,9,inferred_uniform_text_timing,ffmpeg_audio_sample_rate,video_frame_index_and_fps
'-lzEya4AM_4_6,'-lzEya4AM_4,6,16,4.725333333333333,5.020666666666667,1,1,1,75605,80330,4725,141,151,9,inferred_uniform_text_timing,ffmpeg_audio_sample_rate,video_frame_index_and_fps
'-lzEya4AM_4_6,'-lzEya4AM_4,6,17,5.020666666666667,5.316,1,1,1,80330,85056,4726,150,160,9,inferred_uniform_text_timing,ffmpeg_audio_sample_rate,video_frame_index_and_fps
'-lzEya4AM_4_6,'-lzEya4AM_4,6,18,5.316,5.6113333333333335,0,1,1,85056,89781,4725,159,169,9,inferred_uniform_text_timing,ffmpeg_audio_sample_rate,video_frame_index_and_fps
'-lzEya4AM_4_6,'-lzEya4AM_4,6,19,5.6113333333333335,5.906666666666667,1,1,1,89781,94506,4725,168,178,9,inferred_uniform_text_timing,ffmpeg_audio_sample_rate,video_frame_index_and_fps
'-lzEya4AM_4_6,'-lzEya4AM_4,6,20,5.906666666666667,6.202000000000001,1,1,1,94506,99232,4726,177,187,9,inferred_uniform_text_timing,ffmpeg_audio_sample_rate,video_frame_index_and_fps
'-lzEya4AM_4_6,'-lzEya4AM_4,6,21,6.202000000000001,6.497333333333334,1,1,1,99232,103957,4725,186,195,8,inferred_uniform_text_timing,ffmpeg_audio_sample_rate,video_frame_index_and_fps
'-lzEya4AM_4_6,'-lzEya4AM_4,6,22,6.497333333333334,6.792666666666666,1,1,1,103957,108682,4725,194,204,9,inferred_uniform_text_timing,ffmpeg_audio_sample_rate,video_frame_index_and_fps
'-lzEya4AM_4_6,'-lzEya4AM_4,6,23,6.792666666666666,7.088000000000001,1,1,1,108682,113408,4726,203,213,9,inferred_uniform_text_timing,ffmpeg_audio_sample_rate,video_frame_index_and_fps
'-lzEya4AM_4_6,'-lzEya4AM_4,6,24,7.088000000000001,7.383333333333334,1,1,1,113408,118133,4725,212,222,9,inferred_uniform_text_timing,ffmpeg_audio_sample_rate,video_frame_index_and_fps
'-lzEya4AM_4_6,'-lzEya4AM_4,6,25,7.383333333333334,7.6786666666666665,1,1,1,118133,122858,4725,221,231,9,inferred_uniform_text_timing,ffmpeg_audio_sample_rate,video_frame_index_and_fps
'-lzEya4AM_4_6,'-lzEya4AM_4,6,26,7.6786666666666665,7.974000000000001,1,1,1,122858,127584,4726,230,240,9,inferred_uniform_text_timing,ffmpeg_audio_sample_rate,video_frame_index_and_fps
'-lzEya4AM_4_6,'-lzEya4AM_4,6,27,7.974000000000001,8.269333333333334,1,1,1,127584,132309,4725,239,249,9,inferred_uniform_text_timing,ffmpeg_audio_sample_rate,video_frame_index_and_fps
'-lzEya4AM_4_6,'-lzEya4AM_4,6,28,8.269333333333334,8.564666666666668,1,1,1,132309,137034,4725,248,257,8,inferred_uniform_text_timing,ffmpeg_audio_sample_rate,video_frame_index_and_fps
'-lzEya4AM_4_6,'-lzEya4AM_4,6,29,8.564666666666668,8.86,1,1,1,137034,141760,4726,256,266,9,inferred_uniform_text_timing,ffmpeg_audio_sample_rate,video_frame_index_and_fps
'-lzEya4AM_4_6,'-lzEya4AM_4,6,30,8.86,9.155333333333335,1,1,1,141760,146485,4725,265,275,9,inferred_uniform_text_timing,ffmpeg_audio_sample_rate,video_frame_index_and_fps
'-lzEya4AM_4_6,'-lzEya4AM_4,6,31,9.155333333333335,9.450666666666667,0,1,1,146485,151210,4725,274,284,9,inferred_uniform_text_timing,ffmpeg_audio_sample_rate,video_frame_index_and_fps
'-lzEya4AM_4_6,'-lzEya4AM_4,6,32,9.450666666666667,9.746,1,1,1,151210,155936,4726,283,293,9,inferred_uniform_text_timing,ffmpeg_audio_sample_rate,video_frame_index_and_fps
'-lzEya4AM_4_6,'-lzEya4AM_4,6,33,9.746,10.041333333333334,1,1,1,155936,160661,4725,292,302,9,inferred_uniform_text_timing,ffmpeg_audio_sample_rate,video_frame_index_and_fps
'-lzEya4AM_4_6,'-lzEya4AM_4,6,34,10.041333333333334,10.336666666666668,1,1,1,160661,165386,4725,301,311,9,inferred_uniform_text_timing,ffmpeg_audio_sample_rate,video_frame_index_and_fps
'-lzEya4AM_4_6,'-lzEya4AM_4,6,35,10.336666666666668,10.632,1,1,1,165386,170112,4726,310,319,8,inferred_uniform_text_timing,ffmpeg_audio_sample_rate,video_frame_index_and_fps
'-lzEya4AM_4_6,'-lzEya4AM_4,6,36,10.632,10.927333333333333,1,1,1,170112,174837,4725,318,328,9,inferred_uniform_text_timing,ffmpeg_audio_sample_rate,video_frame_index_and_fps
'-lzEya4AM_4_6,'-lzEya4AM_4,6,37,10.927333333333333,11.222666666666667,1,1,1,174837,179562,4725,327,337,9,inferred_uniform_text_timing,ffmpeg_audio_sample_rate,video_frame_index_and_fps
'-lzEya4AM_4_6,'-lzEya4AM_4,6,38,11.222666666666667,11.517999999999999,1,1,1,179562,184287,4725,336,346,9,inferred_uniform_text_timing,ffmpeg_audio_sample_rate,video_frame_index_and_fps
'-lzEya4AM_4_6,'-lzEya4AM_4,6,39,11.517999999999999,11.813333333333334,1,1,1,184287,189013,4726,345,355,9,inferred_uniform_text_timing,ffmpeg_audio_sample_rate,video_frame_index_and_fps
'-lzEya4AM_4_6,'-lzEya4AM_4,6,40,11.813333333333334,12.108666666666668,1,1,1,189013,193738,4725,354,364,9,inferred_uniform_text_timing,ffmpeg_audio_sample_rate,video_frame_index_and_fps
'-lzEya4AM_4_6,'-lzEya4AM_4,6,41,12.108666666666668,12.404000000000002,1,1,1,193738,198464,4726,363,373,9,inferred_uniform_text_timing,ffmpeg_audio_sample_rate,video_frame_index_and_fps
'-lzEya4AM_4_6,'-lzEya4AM_4,6,42,12.404000000000002,12.699333333333334,1,1,1,198464,203189,4725,372,381,8,inferred_uniform_text_timing,ffmpeg_audio_sample_rate,video_frame_index_and_fps
'-lzEya4AM_4_6,'-lzEya4AM_4,6,43,12.699333333333334,12.994666666666667,0,1,1,203189,207914,4725,380,390,9,inferred_uniform_text_timing,ffmpeg_audio_sample_rate,video_frame_index_and_fps
'-lzEya4AM_4_6,'-lzEya4AM_4,6,44,12.994666666666667,13.29,1,1,1,207914,212640,4726,389,399,9,inferred_uniform_text_timing,ffmpeg_audio_sample_rate,video_frame_index_and_fps
'-lzEya4AM_4_6,'-lzEya4AM_4,6,45,13.29,13.585333333333333,1,1,1,212640,217365,4725,398,408,9,inferred_uniform_text_timing,ffmpeg_audio_sample_rate,video_frame_index_and_fps
'-lzEya4AM_4_6,'-lzEya4AM_4,6,46,13.585333333333333,13.880666666666668,1,1,1,217365,222090,4725,407,417,9,inferred_uniform_text_timing,ffmpeg_audio_sample_rate,video_frame_index_and_fps
'-lzEya4AM_4_6,'-lzEya4AM_4,6,47,13.880666666666668,14.176000000000002,1,1,1,222090,226816,4726,416,426,9,inferred_uniform_text_timing,ffmpeg_audio_sample_rate,video_frame_index_and_fps
'-lzEya4AM_4_6,'-lzEya4AM_4,6,48,14.176000000000002,14.471333333333334,1,1,1,226816,231541,4725,425,435,9,inferred_uniform_text_timing,ffmpeg_audio_sample_rate,video_frame_index_and_fps
'-lzEya4AM_4_6,'-lzEya4AM_4,6,49,14.471333333333334,14.766666666666667,1,1,1,231541,236266,4305,434,443,8,inferred_uniform_text_timing,ffmpeg_audio_sample_rate,video_frame_index_and_fps
'-mJ2ud6oKI8_1,'-mJ2ud6oKI8,1,0,0.0,0.12145466666666667,0,1,1,0,1943,1943,0,4,4,inferred_uniform_text_timing,ffmpeg_audio_sample_rate,video_frame_index_and_fps
'-mJ2ud6oKI8_1,'-mJ2ud6oKI8,1,1,0.12145466666666667,0.24290933333333334,1,1,1,1943,3886,1943,3,8,4,inferred_uniform_text_timing,ffmpeg_audio_sample_rate,video_frame_index_and_fps
'-mJ2ud6oKI8_1,'-mJ2ud6oKI8,1,2,0.24290933333333334,0.3643640000000001,0,1,1,3886,5829,1943,7,11,3,inferred_uniform_text_timing,ffmpeg_audio_sample_rate,video_frame_index_and_fps
'-mJ2ud6oKI8_1,'-mJ2ud6oKI8,1,3,0.3643640000000001,0.4858186666666667,0,1,1,5829,7773,1944,10,15,4,inferred_uniform_text_timing,ffmpeg_audio_sample_rate,video_frame_index_and_fps
'-mJ2ud6oKI8_1,'-mJ2ud6oKI8,1,4,0.4858186666666667,0.6072733333333333,0,1,1,7773,9716,1943,14,19,4,inferred_uniform_text_timing,ffmpeg_audio_sample_rate,video_frame_index_and_fps
'-mJ2ud6oKI8_1,'-mJ2ud6oKI8,1,5,0.6072733333333333,0.7287280000000002,1,1,1,9716,11659,1943,18,22,3,inferred_uniform_text_timing,ffmpeg_audio_sample_rate,video_frame_index_and_fps
'-mJ2ud6oKI8_1,'-mJ2ud6oKI8,1,6,0.7287280000000002,0.8501826666666668,0,1,1,11659,13602,1943,21,26,4,inferred_uniform_text_timing,ffmpeg_audio_sample_rate,video_frame_index_and_fps
'-mJ2ud6oKI8_1,'-mJ2ud6oKI8,1,7,0.8501826666666668,0.9716373333333334,0,1,1,13602,15546,1944,25,30,4,inferred_uniform_text_timing,ffmpeg_audio_sample_rate,video_frame_index_and_fps
'-mJ2ud6oKI8_1,'-mJ2ud6oKI8,1,8,0.9716373333333334,1.093092,0,1,1,15546,17489,1943,29,33,3,inferred_uniform_text_timing,ffmpeg_audio_sample_rate,video_frame_index_and_fps
'-mJ2ud6oKI8_1,'-mJ2ud6oKI8,1,9,1.093092,1.2145466666666667,1,1,1,17489,19432,1943,32,37,4,inferred_uniform_text_timing,ffmpeg_audio_sample_rate,video_frame_index_and_fps
'-mJ2ud6oKI8_1,'-mJ2ud6oKI8,1,10,1.2145466666666667,1.3360013333333334,0,1,1,19432,21376,1944,36,41,4,inferred_uniform_text_timing,ffmpeg_audio_sample_rate,video_frame_index_and_fps
'-mJ2ud6oKI8_1,'-mJ2ud6oKI8,1,11,1.3360013333333334,1.4574560000000003,0,1,1,21376,23319,1943,40,44,3,inferred_uniform_text_timing,ffmpeg_audio_sample_rate,video_frame_index_and_fps
'-mJ2ud6oKI8_1,'-mJ2ud6oKI8,1,12,1.4574560000000003,1.5789106666666668,0,1,1,23319,25262,1943,43,48,4,inferred_uniform_text_timing,ffmpeg_audio_sample_rate,video_frame_index_and_fps
'-mJ2ud6oKI8_1,'-mJ2ud6oKI8,1,13,1.5789106666666668,1.7003653333333335,1,1,1,25262,27205,1943,47,51,3,inferred_uniform_text_timing,ffmpeg_audio_sample_rate,video_frame_index_and_fps
'-mJ2ud6oKI8_1,'-mJ2ud6oKI8,1,14,1.7003653333333335,1.8218200000000002,0,1,1,27205,29149,1944,50,55,4,inferred_uniform_text_timing,ffmpeg_audio_sample_rate,video_frame_index_and_fps
'-mJ2ud6oKI8_1,'-mJ2ud6oKI8,1,15,1.8218200000000002,1.9432746666666667,0,1,1,29149,31092,1943,54,59,4,inferred_uniform_text_timing,ffmpeg_audio_sample_rate,video_frame_index_and_fps
'-mJ2ud6oKI8_1,'-mJ2ud6oKI8,1,16,1.9432746666666667,2.0647293333333336,0,1,1,31092,33035,1943,58,62,3,inferred_uniform_text_timing,ffmpeg_audio_sample_rate,video_frame_index_and_fps
'-mJ2ud6oKI8_1,'-mJ2ud6oKI8,1,17,2.0647293333333336,2.186184,1,1,1,33035,34978,1943,61,66,4,inferred_uniform_text_timing,ffmpeg_audio_sample_rate,video_frame_index_and_fps
'-mJ2ud6oKI8_1,'-mJ2ud6oKI8,1,18,2.186184,2.3076386666666666,0,1,1,34978,36922,1944,65,70,4,inferred_uniform_text_timing,ffmpeg_audio_sample_rate,video_frame_index_and_fps
'-mJ2ud6oKI8_1,'-mJ2ud6oKI8,1,19,2.3076386666666666,2.4290933333333333,0,1,1,36922,38865,1943,69,73,3,inferred_uniform_text_timing,ffmpeg_audio_sample_rate,video_frame_index_and_fps
'-mJ2ud6oKI8_1,'-mJ2ud6oKI8,1,20,2.4290933333333333,2.5505480000000005,0,1,1,38865,40808,1943,72,77,4,inferred_uniform_text_timing,ffmpeg_audio_sample_rate,video_frame_index_and_fps
'-mJ2ud6oKI8_1,'-mJ2ud6oKI8,1,21,2.5505480000000005,2.6720026666666667,1,1,1,40808,42752,1944,76,81,4,inferred_uniform_text_timing,ffmpeg_audio_sample_rate,video_frame_index_and_fps
'-mJ2ud6oKI8_1,'-mJ2ud6oKI8,1,22,2.6720026666666667,2.7934573333333335,0,1,1,42752,44695,1943,80,84,3,inferred_uniform_text_timing,ffmpeg_audio_sample_rate,video_frame_index_and_fps
'-mJ2ud6oKI8_1,'-mJ2ud6oKI8,1,23,2.7934573333333335,2.9149120000000006,0,1,1,44695,46638,1943,83,88,4,inferred_uniform_text_timing,ffmpeg_audio_sample_rate,video_frame_index_and_fps
'-mJ2ud6oKI8_1,'-mJ2ud6oKI8,1,24,2.9149120000000006,3.0363666666666673,0,1,1,46638,48581,1943,87,92,3,inferred_uniform_text_timing,ffmpeg_audio_sample_rate,video_frame_index_and_fps
'-mJ2ud6oKI8_1,'-mJ2ud6oKI8,1,25,3.0363666666666673,3.1578213333333336,1,1,1,48581,50525,1944,91,95,4,inferred_uniform_text_timing,ffmpeg_audio_sample_rate,video_frame_index_and_fps
'-mJ2ud6oKI8_1,'-mJ2ud6oKI8,1,26,3.1578213333333336,3.2792760000000003,0,1,1,50525,52468,1943,94,99,4,inferred_uniform_text_timing,ffmpeg_audio_sample_rate,video_frame_index_and_fps
'-mJ2ud6oKI8_1,'-mJ2ud6oKI8,1,27,3.2792760000000003,3.400730666666667,0,1,1,52468,54411,1943,98,102,3,inferred_uniform_text_timing,ffmpeg_audio_sample_rate,video_frame_index_and_fps
'-mJ2ud6oKI8_1,'-mJ2ud6oKI8,1,28,3.400730666666667,3.5221853333333337,1,1,1,54411,56354,1943,101,106,4,inferred_uniform_text_timing,ffmpeg_audio_sample_rate,video_frame_index_and_fps
'-mJ2ud6oKI8_1,'-mJ2ud6oKI8,1,29,3.5221853333333337,3.6436400000000004,0,1,1,56354,58298,1944,105,110,4,inferred_uniform_text_timing,ffmpeg_audio_sample_rate,video_frame_index_and_fps
'-mJ2ud6oKI8_1,'-mJ2ud6oKI8,1,30,3.6436400000000004,3.765094666666667,0,1,1,58298,60241,1943,109,113,3,inferred_uniform_text_timing,ffmpeg_audio_sample_rate,video_frame_index_and_fps
'-mJ2ud6oKI8_1,'-mJ2ud6oKI8,1,31,3.765094666666667,3.8865493333333334,0,1,1,60241,62184,1943,112,117,4,inferred_uniform_text_timing,ffmpeg_audio_sample_rate,video_frame_index_and_fps
'-mJ2ud6oKI8_1,'-mJ2ud6oKI8,1,32,3.8865493333333334,4.008004000000001,1,1,1,62184,64128,1944,116,121,4,inferred_uniform_text_timing,ffmpeg_audio_sample_rate,video_frame_index_and_fps
'-mJ2ud6oKI8_1,'-mJ2ud6oKI8,1,33,4.008004000000001,4.129458666666667,0,1,1,64128,66071,1943,120,124,3,inferred_uniform_text_timing,ffmpeg_audio_sample_rate,video_frame_index_and_fps
'-mJ2ud6oKI8_1,'-mJ2ud6oKI8,1,34,4.129458666666667,4.250913333333333,0,1,1,66071,68014,1943,123,128,4,inferred_uniform_text_timing,ffmpeg_audio_sample_rate,video_frame_index_and_fps
'-mJ2ud6oKI8_1,'-mJ2ud6oKI8,1,35,4.250913333333333,4.372368,0,1,1,68014,69957,1943,127,132,4,inferred_uniform_text_timing,ffmpeg_audio_sample_rate,video_frame_index_and_fps
'-mJ2ud6oKI8_1,'-mJ2ud6oKI8,1,36,4.372368,4.4938226666666665,1,1,1,69957,71901,1944,131,135,3,inferred_uniform_text_timing,ffmpeg_audio_sample_rate,video_frame_index_and_fps
'-mJ2ud6oKI8_1,'-mJ2ud6oKI8,1,37,4.4938226666666665,4.615277333333333,0,1,1,71901,73844,1943,134,139,4,inferred_uniform_text_timing,ffmpeg_audio_sample_rate,video_frame_index_and_fps
'-mJ2ud6oKI8_1,'-mJ2ud6oKI8,1,38,4.615277333333333,4.736732,0,1,1,73844,75787,1943,138,142,3,inferred_uniform_text_timing,ffmpeg_audio_sample_rate,video_frame_index_and_fps
'-mJ2ud6oKI8_1,'-mJ2ud6oKI8,1,39,4.736732,4.858186666666667,0,1,1,75787,77730,1943,141,146,4,inferred_uniform_text_timing,ffmpeg_audio_sample_rate,video_frame_index_and_fps
'-mJ2ud6oKI8_1,'-mJ2ud6oKI8,1,40,4.858186666666667,4.979641333333334,1,1,1,77730,79674,1944,145,150,4,inferred_uniform_text_timing,ffmpeg_audio_sample_rate,video_frame_index_and_fps
'-mJ2ud6oKI8_1,'-mJ2ud6oKI8,1,41,4.979641333333334,5.101096000000001,0,1,1,79674,81617,1943,149,153,3,inferred_uniform_text_timing,ffmpeg_audio_sample_rate,video_frame_index_and_fps
'-mJ2ud6oKI8_1,'-mJ2ud6oKI8,1,42,5.101096000000001,5.222550666666667,0,1,1,81617,83560,1943,152,157,4,inferred_uniform_text_timing,ffmpeg_audio_sample_rate,video_frame_index_and_fps
'-mJ2ud6oKI8_1,'-mJ2ud6oKI8,1,43,5.222550666666667,5.3440053333333335,0,1,1,83560,85504,1944,156,161,4,inferred_uniform_text_timing,ffmpeg_audio_sample_rate,video_frame_index_and_fps
'-mJ2ud6oKI8_1,'-mJ2ud6oKI8,1,44,5.3440053333333335,5.46546,1,1,1,85504,87447,1943,160,164,3,inferred_uniform_text_timing,ffmpeg_audio_sample_rate,video_frame_index_and_fps
'-mJ2ud6oKI8_1,'-mJ2ud6oKI8,1,45,5.46546,5.586914666666667,0,1,1,87447,89390,1943,163,168,4,inferred_uniform_text_timing,ffmpeg_audio_sample_rate,video_frame_index_and_fps
'-mJ2ud6oKI8_1,'-mJ2ud6oKI8,1,46,5.586914666666667,5.708369333333334,0,1,1,89390,91333,1943,167,172,4,inferred_uniform_text_timing,ffmpeg_audio_sample_rate,video_frame_index_and_fps
'-mJ2ud6oKI8_1,'-mJ2ud6oKI8,1,47,5.708369333333334,5.829824000000001,0,1,1,91333,93277,1944,171,175,3,inferred_uniform_text_timing,ffmpeg_audio_sample_rate,video_frame_index_and_fps
'-mJ2ud6oKI8_1,'-mJ2ud6oKI8,1,48,5.829824000000001,5.951278666666667,1,1,1,93277,95220,1943,174,179,4,inferred_uniform_text_timing,ffmpeg_audio_sample_rate,video_frame_index_and_fps
'-mJ2ud6oKI8_1,'-mJ2ud6oKI8,1,49,5.951278666666667,6.072733333333335,0,1,1,95220,97163,1652,178,183,3,inferred_uniform_text_timing,ffmpeg_audio_sample_rate,video_frame_index_and_fps
'-mJ2ud6oKI8_2,'-mJ2ud6oKI8,2,0,0.0,0.11411400000000001,0,1,1,0,1825,1825,0,4,4,inferred_uniform_text_timing,ffmpeg_audio_sample_rate,video_frame_index_and_fps
'-mJ2ud6oKI8_2,'-mJ2ud6oKI8,2,1,0.11411400000000001,0.22822800000000001,0,1,1,1825,3651,1826,3,7,3,inferred_uniform_text_timing,ffmpeg_audio_sample_rate,video_frame_index_and_fps
'-mJ2ud6oKI8_2,'-mJ2ud6oKI8,2,2,0.22822800000000001,0.34234200000000004,1,1,1,3651,5477,1826,6,11,4,inferred_uniform_text_timing,ffmpeg_audio_sample_rate,video_frame_index_and_fps
'-mJ2ud6oKI8_2,'-mJ2ud6oKI8,2,3,0.34234200000000004,0.45645600000000003,0,1,1,5477,7303,1826,10,14,3,inferred_uniform_text_timing,ffmpeg_audio_sample_rate,video_frame_index_and_fps
'-mJ2ud6oKI8_2,'-mJ2ud6oKI8,2,4,0.45645600000000003,0.57057,0,1,1,7303,9129,1826,13,18,4,inferred_uniform_text_timing,ffmpeg_audio_sample_rate,video_frame_index_and_fps
'-mJ2ud6oKI8_2,'-mJ2ud6oKI8,2,5,0.57057,0.6846840000000001,0,1,1,9129,10954,1825,17,21,3,inferred_uniform_text_timing,ffmpeg_audio_sample_rate,video_frame_index_and_fps
'-mJ2ud6oKI8_2,'-mJ2ud6oKI8,2,6,0.6846840000000001,0.798798,1,1,1,10954,12780,1826,20,24,3,inferred_uniform_text_timing,ffmpeg_audio_sample_rate,video_frame_index_and_fps
'-mJ2ud6oKI8_2,'-mJ2ud6oKI8,2,7,0.798798,0.9129120000000001,0,1,1,12780,14606,1826,23,28,4,inferred_uniform_text_timing,ffmpeg_audio_sample_rate,video_frame_index_and_fps
'-mJ2ud6oKI8_2,'-mJ2ud6oKI8,2,8,0.9129120000000001,1.027026,0,1,1,14606,16432,1826,27,31,3,inferred_uniform_text_timing,ffmpeg_audio_sample_rate,video_frame_index_and_fps
'-mJ2ud6oKI8_2,'-mJ2ud6oKI8,2,9,1.027026,1.14114,0,1,1,16432,18258,1826,30,35,4,inferred_uniform_text_timing,ffmpeg_audio_sample_rate,video_frame_index_and_fps
'-mJ2ud6oKI8_2,'-mJ2ud6oKI8,2,10,1.14114,1.255254,0,1,1,18258,20084,1826,34,38,3,inferred_uniform_text_timing,ffmpeg_audio_sample_rate,video_frame_index_and_fps
'-mJ2ud6oKI8_2,'-mJ2ud6oKI8,2,11,1.255254,1.3693680000000001,1,1,1,20084,21909,1825,37,42,4,inferred_uniform_text_timing,ffmpeg_audio_sample_rate,video_frame_index_and_fps
'-mJ2ud6oKI8_2,'-mJ2ud6oKI8,2,12,1.3693680000000001,1.4834820000000002,0,1,1,21909,23735,1826,41,45,3,inferred_uniform_text_timing,ffmpeg_audio_sample_rate,video_frame_index_and_fps
'-mJ2ud6oKI8_2,'-mJ2ud6oKI8,2,13,1.4834820000000002,1.597596,0,1,1,23735,25561,1826,44,48,3,inferred_uniform_text_timing,ffmpeg_audio_sample_rate,video_frame_index_and_fps
'-mJ2ud6oKI8_2,'-mJ2ud6oKI8,2,14,1.597596,1.7117099999999998,0,1,1,25561,27387,1826,47,52,4,inferred_uniform_text_timing,ffmpeg_audio_sample_rate,video_frame_index_and_fps
'-mJ2ud6oKI8_2,'-mJ2ud6oKI8,2,15,1.7117099999999998,1.8258240000000001,1,1,1,27387,29213,1826,51,55,3,inferred_uniform_text_timing,ffmpeg_audio_sample_rate,video_frame_index_and_fps
'-mJ2ud6oKI8_2,'-mJ2ud6oKI8,2,16,1.8258240000000001,1.9399380000000002,0,1,1,29213,31039,1826,54,59,4,inferred_uniform_text_timing,ffmpeg_audio_sample_rate,video_frame_index_and_fps
'-mJ2ud6oKI8_2,'-mJ2ud6oKI8,2,17,1.9399380000000002,2.054052,0,1,1,31039,32864,1825,58,62,3,inferred_uniform_text_timing,ffmpeg_audio_sample_rate,video_frame_index_and_fps
'-mJ2ud6oKI8_2,'-mJ2ud6oKI8,2,18,2.054052,2.168166,0,1,1,32864,34690,1826,61,65,3,inferred_uniform_text_timing,ffmpeg_audio_sample_rate,video_frame_index_and_fps
'-mJ2ud6oKI8_2,'-mJ2ud6oKI8,2,19,2.168166,2.28228,0,1,1,34690,36516,1826,64,69,4,inferred_uniform_text_timing,ffmpeg_audio_sample_rate,video_frame_index_and_fps
'-mJ2ud6oKI8_2,'-mJ2ud6oKI8,2,20,2.28228,2.3963940000000004,1,1,1,36516,38342,1826,68,72,3,inferred_uniform_text_timing,ffmpeg_audio_sample_rate,video_frame_index_and_fps
'-mJ2ud6oKI8_2,'-mJ2ud6oKI8,2,21,2.3963940000000004,2.510508,0,1,1,38342,40168,1826,71,76,4,inferred_uniform_text_timing,ffmpeg_audio_sample_rate,video_frame_index_and_fps
'-mJ2ud6oKI8_2,'-mJ2ud6oKI8,2,22,2.510508,2.624622,0,1,1,40168,41993,1825,75,79,3,inferred_uniform_text_timing,ffmpeg_audio_sample_rate,video_frame_index_and_fps
'-mJ2ud6oKI8_2,'-mJ2ud6oKI8,2,23,2.624622,2.7387360000000003,0,1,1,41993,43819,1826,78,83,4,inferred_uniform_text_timing,ffmpeg_audio_sample_rate,video_frame_index_and_fps
'-mJ2ud6oKI8_2,'-mJ2ud6oKI8,2,24,2.7387360000000003,2.85285,0,1,1,43819,45645,1826,82,86,3,inferred_uniform_text_timing,ffmpeg_audio_sample_rate,video_frame_index_and_fps
'-mJ2ud6oKI8_2,'-mJ2ud6oKI8,2,25,2.85285,2.9669640000000004,1,1,1,45645,47471,1826,85,89,3,inferred_uniform_text_timing,ffmpeg_audio_sample_rate,video_frame_index_and_fps
'-mJ2ud6oKI8_2,'-mJ2ud6oKI8,2,26,2.9669640000000004,3.0810779999999998,0,1,1,47471,49297,1826,88,93,4,inferred_uniform_text_timing,ffmpeg_audio_sample_rate,video_frame_index_and_fps
'-mJ2ud6oKI8_2,'-mJ2ud6oKI8,2,27,3.0810779999999998,3.195192,0,1,1,49297,51123,1826,92,96,3,inferred_uniform_text_timing,ffmpeg_audio_sample_rate,video_frame_index_and_fps
'-mJ2ud6oKI8_2,'-mJ2ud6oKI8,2,28,3.195192,3.3093060000000003,0,1,1,51123,52948,1825,95,100,4,inferred_uniform_text_timing,ffmpeg_audio_sample_rate,video_frame_index_and_fps
'-mJ2ud6oKI8_2,'-mJ2ud6oKI8,2,29,3.3093060000000003,3.4234199999999997,1,1,1,52948,54774,1826,99,103,3,inferred_uniform_text_timing,ffmpeg_audio_sample_rate,video_frame_index_and_fps
'-mJ2ud6oKI8_2,'-mJ2ud6oKI8,2,30,3.4234199999999997,3.537534,0,1,1,54774,56600,1826,102,107,4,inferred_uniform_text_timing,ffmpeg_audio_sample_rate,video_frame_index_and_fps
'-mJ2ud6oKI8_2,'-mJ2ud6oKI8,2,31,3.537534,3.6516480000000002,0,1,1,56600,58426,1826,106,110,3,inferred_uniform_text_timing,ffmpeg_audio_sample_rate,video_frame_index_and_fps
'-mJ2ud6oKI8_2,'-mJ2ud6oKI8,2,32,3.6516480000000002,3.7657620000000005,0,1,1,58426,60252,1826,109,113,3,inferred_uniform_text_timing,ffmpeg_audio_sample_rate,video_frame_index_and_fps
'-mJ2ud6oKI8_2,'-mJ2ud6oKI8,2,33,3.7657620000000005,3.8798760000000003,0,1,1,60252,62078,1826,112,117,4,inferred_uniform_text_timing,ffmpeg_audio_sample_rate,video_frame_index_and_fps
'-mJ2ud6oKI8_2,'-mJ2ud6oKI8,2,34,3.8798760000000003,3.99399,1,1,1,62078,63903,1825,116,120,3,inferred_uniform_text_timing,ffmpeg_audio_sample_rate,video_frame_index_and_fps
'-mJ2ud6oKI8_2,'-mJ2ud6oKI8,2,35,3.99399,4.108104,0,1,1,63903,65729,1826,119,124,4,inferred_uniform_text_timing,ffmpeg_audio_sample_rate,video_frame_index_and_fps
'-mJ2ud6oKI8_2,'-mJ2ud6oKI8,2,36,4.108104,4.222218000000001,0,1,1,65729,67555,1826,123,127,3,inferred_uniform_text_timing,ffmpeg_audio_sample_rate,video_frame_index_and_fps
'-mJ2ud6oKI8_2,'-mJ2ud6oKI8,2,37,4.222218000000001,4.336332,0,1,1,67555,69381,1826,126,130,3,inferred_uniform_text_timing,ffmpeg_audio_sample_rate,video_frame_index_and_fps
'-mJ2ud6oKI8_2,'-mJ2ud6oKI8,2,38,4.336332,4.450446,1,1,1,69381,71207,1826,129,134,4,inferred_uniform_text_timing,ffmpeg_audio_sample_rate,video_frame_index_and_fps
'-mJ2ud6oKI8_2,'-mJ2ud6oKI8,2,39,4.450446,4.56456,0,1,1,71207,73032,1825,133,137,3,inferred_uniform_text_timing,ffmpeg_audio_sample_rate,video_frame_index_and_fps
'-mJ2ud6oKI8_2,'-mJ2ud6oKI8,2,40,4.56456,4.678674,0,1,1,73032,74858,1826,136,141,4,inferred_uniform_text_timing,ffmpeg_audio_sample_rate,video_frame_index_and_fps
'-mJ2ud6oKI8_2,'-mJ2ud6oKI8,2,41,4.678674,4.792788000000001,0,1,1,74858,76684,1826,140,144,3,inferred_uniform_text_timing,ffmpeg_audio_sample_rate,video_frame_index_and_fps
'-mJ2ud6oKI8_2,'-mJ2ud6oKI8,2,42,4.792788000000001,4.906902,0,1,1,76684,78510,1826,143,148,4,inferred_uniform_text_timing,ffmpeg_audio_sample_rate,video_frame_index_and_fps
'-mJ2ud6oKI8_2,'-mJ2ud6oKI8,2,43,4.906902,5.021016,1,1,1,78510,80336,1826,147,151,3,inferred_uniform_text_timing,ffmpeg_audio_sample_rate,video_frame_index_and_fps
'-mJ2ud6oKI8_2,'-mJ2ud6oKI8,2,44,5.021016,5.13513,0,1,1,80336,82162,1826,150,154,3,inferred_uniform_text_timing,ffmpeg_audio_sample_rate,video_frame_index_and_fps
'-mJ2ud6oKI8_2,'-mJ2ud6oKI8,2,45,5.13513,5.249244,0,1,1,82162,83987,1825,153,158,4,inferred_uniform_text_timing,ffmpeg_audio_sample_rate,video_frame_index_and_fps
'-mJ2ud6oKI8_2,'-mJ2ud6oKI8,2,46,5.249244,5.363358000000001,0,1,1,83987,85813,1826,157,161,3,inferred_uniform_text_timing,ffmpeg_audio_sample_rate,video_frame_index_and_fps
'-mJ2ud6oKI8_2,'-mJ2ud6oKI8,2,47,5.363358000000001,5.477472000000001,1,1,1,85813,87639,1826,160,165,4,inferred_uniform_text_timing,ffmpeg_audio_sample_rate,video_frame_index_and_fps
'-mJ2ud6oKI8_2,'-mJ2ud6oKI8,2,48,5.477472000000001,5.5915859999999995,0,1,1,87639,89465,1826,164,168,3,inferred_uniform_text_timing,ffmpeg_audio_sample_rate,video_frame_index_and_fps
'-mJ2ud6oKI8_2,'-mJ2ud6oKI8,2,49,5.5915859999999995,5.7057,0,1,1,89465,91291,1762,167,171,3,inferred_uniform_text_timing,ffmpeg_audio_sample_rate,video_frame_index_and_fps
'-mJ2ud6oKI8_6,'-mJ2ud6oKI8,6,0,0.0,0.04471133333333333,0,1,1,0,715,715,0,2,2,inferred_uniform_text_timing,ffmpeg_audio_sample_rate,video_frame_index_and_fps
'-mJ2ud6oKI8_6,'-mJ2ud6oKI8,6,1,0.04471133333333333,0.08942266666666666,0,1,1,715,1430,715,1,3,1,inferred_uniform_text_timing,ffmpeg_audio_sample_rate,video_frame_index_and_fps
'-mJ2ud6oKI8_6,'-mJ2ud6oKI8,6,2,0.08942266666666666,0.134134,0,1,1,1430,2146,716,2,5,2,inferred_uniform_text_timing,ffmpeg_audio_sample_rate,video_frame_index_and_fps
'-mJ2ud6oKI8_6,'-mJ2ud6oKI8,6,3,0.134134,0.17884533333333333,0,1,1,2146,2861,715,4,6,1,inferred_uniform_text_timing,ffmpeg_audio_sample_rate,video_frame_index_and_fps
'-mJ2ud6oKI8_6,'-mJ2ud6oKI8,6,4,0.17884533333333333,0.22355666666666668,0,1,1,2861,3576,715,5,7,1,inferred_uniform_text_timing,ffmpeg_audio_sample_rate,video_frame_index_and_fps
'-mJ2ud6oKI8_6,'-mJ2ud6oKI8,6,5,0.22355666666666668,0.268268,1,1,1,3576,4292,716,6,9,2,inferred_uniform_text_timing,ffmpeg_audio_sample_rate,video_frame_index_and_fps
'-mJ2ud6oKI8_6,'-mJ2ud6oKI8,6,6,0.268268,0.31297933333333333,0,1,1,4292,5007,715,8,10,1,inferred_uniform_text_timing,ffmpeg_audio_sample_rate,video_frame_index_and_fps
'-mJ2ud6oKI8_6,'-mJ2ud6oKI8,6,7,0.31297933333333333,0.35769066666666666,0,1,1,5007,5723,716,9,11,1,inferred_uniform_text_timing,ffmpeg_audio_sample_rate,video_frame_index_and_fps
'-mJ2ud6oKI8_6,'-mJ2ud6oKI8,6,8,0.35769066666666666,0.40240200000000004,0,1,1,5723,6438,715,10,13,2,inferred_uniform_text_timing,ffmpeg_audio_sample_rate,video_frame_index_and_fps
'-mJ2ud6oKI8_6,'-mJ2ud6oKI8,6,9,0.40240200000000004,0.44711333333333336,0,1,1,6438,7153,715,12,14,1,inferred_uniform_text_timing,ffmpeg_audio_sample_rate,video_frame_index_and_fps
'-mJ2ud6oKI8_6,'-mJ2ud6oKI8,6,10,0.44711333333333336,0.4918246666666667,0,1,1,7153,7869,716,13,15,1,inferred_uniform_text_timing,ffmpeg_audio_sample_rate,video_frame_index_and_fps
'-mJ2ud6oKI8_6,'-mJ2ud6oKI8,6,11,0.4918246666666667,0.536536,0,1,1,7869,8584,715,14,17,2,inferred_uniform_text_timing,ffmpeg_audio_sample_rate,video_frame_index_and_fps
'-mJ2ud6oKI8_6,'-mJ2ud6oKI8,6,12,0.536536,0.5812473333333333,0,1,1,8584,9299,715,16,18,1,inferred_uniform_text_timing,ffmpeg_audio_sample_rate,video_frame_index_and_fps
'-mJ2ud6oKI8_6,'-mJ2ud6oKI8,6,13,0.5812473333333333,0.6259586666666667,0,1,1,9299,10015,716,17,19,1,inferred_uniform_text_timing,ffmpeg_audio_sample_rate,video_frame_index_and_fps
'-mJ2ud6oKI8_6,'-mJ2ud6oKI8,6,14,0.6259586666666667,0.6706700000000001,0,1,1,10015,10730,715,18,21,2,inferred_uniform_text_timing,ffmpeg_audio_sample_rate,video_frame_index_and_fps
'-mJ2ud6oKI8_6,'-mJ2ud6oKI8,6,15,0.6706700000000001,0.7153813333333333,1,1,1,10730,11446,716,20,22,1,inferred_uniform_text_timing,ffmpeg_audio_sample_rate,video_frame_index_and_fps
'-mJ2ud6oKI8_6,'-mJ2ud6oKI8,6,16,0.7153813333333333,0.7600926666666666,0,1,1,11446,12161,715,21,23,1,inferred_uniform_text_timing,ffmpeg_audio_sample_rate,video_frame_index_and_fps
'-mJ2ud6oKI8_6,'-mJ2ud6oKI8,6,17,0.7600926666666666,0.8048040000000001,0,1,1,12161,12876,715,22,25,2,inferred_uniform_text_timing,ffmpeg_audio_sample_rate,video_frame_index_and_fps
'-mJ2ud6oKI8_6,'-mJ2ud6oKI8,6,18,0.8048040000000001,0.8495153333333333,0,1,1,12876,13592,716,24,26,1,inferred_uniform_text_timing,ffmpeg_audio_sample_rate,video_frame_index_and_fps
'-mJ2ud6oKI8_6,'-mJ2ud6oKI8,6,19,0.8495153333333333,0.8942266666666667,0,1,1,13592,14307,715,25,27,1,inferred_uniform_text_timing,ffmpeg_audio_sample_rate,video_frame_index_and_fps
'-mJ2ud6oKI8_6,'-mJ2ud6oKI8,6,20,0.8942266666666667,0.9389379999999999,0,1,1,14307,15023,716,26,29,2,inferred_uniform_text_timing,ffmpeg_audio_sample_rate,video_frame_index_and_fps
'-mJ2ud6oKI8_6,'-mJ2ud6oKI8,6,21,0.9389379999999999,0.9836493333333334,0,1,1,15023,15738,715,28,30,1,inferred_uniform_text_timing,ffmpeg_audio_sample_rate,video_frame_index_and_fps
'-mJ2ud6oKI8_6,'-mJ2ud6oKI8,6,22,0.9836493333333334,1.0283606666666667,0,1,1,15738,16453,715,29,31,1,inferred_uniform_text_timing,ffmpeg_audio_sample_rate,video_frame_index_and_fps
'-mJ2ud6oKI8_6,'-mJ2ud6oKI8,6,23,1.0283606666666667,1.073072,0,1,1,16453,17169,716,30,33,2,inferred_uniform_text_timing,ffmpeg_audio_sample_rate,video_frame_index_and_fps
'-mJ2ud6oKI8_6,'-mJ2ud6oKI8,6,24,1.073072,1.1177833333333334,0,1,1,17169,17884,715,32,34,1,inferred_uniform_text_timing,ffmpeg_audio_sample_rate,video_frame_index_and_fps
'-mJ2ud6oKI8_6,'-mJ2ud6oKI8,6,25,1.1177833333333334,1.1624946666666667,1,1,1,17884,18599,715,33,35,1,inferred_uniform_text_timing,ffmpeg_audio_sample_rate,video_frame_index_and_fps
'-mJ2ud6oKI8_6,'-mJ2ud6oKI8,6,26,1.1624946666666667,1.207206,0,1,1,18599,19315,716,34,37,2,inferred_uniform_text_timing,ffmpeg_audio_sample_rate,video_frame_index_and_fps
'-mJ2ud6oKI8_6,'-mJ2ud6oKI8,6,27,1.207206,1.2519173333333333,0,1,1,19315,20030,715,36,38,1,inferred_uniform_text_timing,ffmpeg_audio_sample_rate,video_frame_index_and_fps
'-mJ2ud6oKI8_6,'-mJ2ud6oKI8,6,28,1.2519173333333333,1.2966286666666667,0,1,1,20030,20746,716,37,39,1,inferred_uniform_text_timing,ffmpeg_audio_sample_rate,video_frame_index_and_fps
'-mJ2ud6oKI8_6,'-mJ2ud6oKI8,6,29,1.2966286666666667,1.3413400000000002,0,1,1,20746,21461,715,38,41,2,inferred_uniform_text_timing,ffmpeg_audio_sample_rate,video_frame_index_and_fps
'-mJ2ud6oKI8_6,'-mJ2ud6oKI8,6,30,1.3413400000000002,1.3860513333333333,0,1,1,21461,22176,715,40,42,1,inferred_uniform_text_timing,ffmpeg_audio_sample_rate,video_frame_index_and_fps
'-mJ2ud6oKI8_6,'-mJ2ud6oKI8,6,31,1.3860513333333333,1.4307626666666666,0,1,1,22176,22892,716,41,43,1,inferred_uniform_text_timing,ffmpeg_audio_sample_rate,video_frame_index_and_fps
'-mJ2ud6oKI8_6,'-mJ2ud6oKI8,6,32,1.4307626666666666,1.4754740000000002,0,1,1,22892,23607,715,42,45,2,inferred_uniform_text_timing,ffmpeg_audio_sample_rate,video_frame_index_and_fps
'-mJ2ud6oKI8_6,'-mJ2ud6oKI8,6,33,1.4754740000000002,1.5201853333333333,0,1,1,23607,24322,715,44,46,1,inferred_uniform_text_timing,ffmpeg_audio_sample_rate,video_frame_index_and_fps
'-mJ2ud6oKI8_6,'-mJ2ud6oKI8,6,34,1.5201853333333333,1.5648966666666666,0,1,1,24322,25038,716,45,47,1,inferred_uniform_text_timing,ffmpeg_audio_sample_rate,video_frame_index_and_fps
'-mJ2ud6oKI8_6,'-mJ2ud6oKI8,6,35,1.5648966666666666,1.6096080000000001,1,1,1,25038,25753,715,46,49,2,inferred_uniform_text_timing,ffmpeg_audio_sample_rate,video_frame_index_and_fps
'-mJ2ud6oKI8_6,'-mJ2ud6oKI8,6,36,1.6096080000000001,1.6543193333333335,0,1,1,25753,26469,716,48,50,1,inferred_uniform_text_timing,ffmpeg_audio_sample_rate,video_frame_index_and_fps
'-mJ2ud6oKI8_6,'-mJ2ud6oKI8,6,37,1.6543193333333335,1.6990306666666666,0,1,1,26469,27184,715,49,51,1,inferred_uniform_text_timing,ffmpeg_audio_sample_rate,video_frame_index_and_fps
'-mJ2ud6oKI8_6,'-mJ2ud6oKI8,6,38,1.6990306666666666,1.7437420000000001,0,1,1,27184,27899,715,50,53,2,inferred_uniform_text_timing,ffmpeg_audio_sample_rate,video_frame_index_and_fps
'-mJ2ud6oKI8_6,'-mJ2ud6oKI8,6,39,1.7437420000000001,1.7884533333333335,0,1,1,27899,28615,716,52,54,1,inferred_uniform_text_timing,ffmpeg_audio_sample_rate,video_frame_index_and_fps
'-mJ2ud6oKI8_6,'-mJ2ud6oKI8,6,40,1.7884533333333335,1.8331646666666666,0,1,1,28615,29330,715,53,55,1,inferred_uniform_text_timing,ffmpeg_audio_sample_rate,video_frame_index_and_fps
'-mJ2ud6oKI8_6,'-mJ2ud6oKI8,6,41,1.8331646666666666,1.8778759999999999,0,1,1,29330,30046,716,54,57,2,inferred_uniform_text_timing,ffmpeg_audio_sample_rate,video_frame_index_and_fps
'-mJ2ud6oKI8_6,'-mJ2ud6oKI8,6,42,1.8778759999999999,1.9225873333333334,0,1,1,30046,30761,715,56,58,1,inferred_uniform_text_timing,ffmpeg_audio_sample_rate,video_frame_index_and_fps
'-mJ2ud6oKI8_6,'-mJ2ud6oKI8,6,43,1.9225873333333334,1.9672986666666668,0,1,1,30761,31476,715,57,59,1,inferred_uniform_text_timing,ffmpeg_audio_sample_rate,video_frame_index_and_fps
'-mJ2ud6oKI8_6,'-mJ2ud6oKI8,6,44,1.9672986666666668,2.01201,0,1,1,31476,32192,716,58,61,2,inferred_uniform_text_timing,ffmpeg_audio_sample_rate,video_frame_index_and_fps
'-mJ2ud6oKI8_6,'-mJ2ud6oKI8,6,45,2.01201,2.0567213333333334,1,1,1,32192,32907,715,60,62,1,inferred_uniform_text_timing,ffmpeg_audio_sample_rate,video_frame_index_and_fps
'-mJ2ud6oKI8_6,'-mJ2ud6oKI8,6,46,2.0567213333333334,2.1014326666666667,0,1,1,32907,33622,715,61,63,1,inferred_uniform_text_timing,ffmpeg_audio_sample_rate,video_frame_index_and_fps
'-mJ2ud6oKI8_6,'-mJ2ud6oKI8,6,47,2.1014326666666667,2.146144,0,1,1,33622,34338,716,62,65,2,inferred_uniform_text_timing,ffmpeg_audio_sample_rate,video_frame_index_and_fps
'-mJ2ud6oKI8_6,'-mJ2ud6oKI8,6,48,2.146144,2.1908553333333334,0,1,1,34338,35053,715,64,66,1,inferred_uniform_text_timing,ffmpeg_audio_sample_rate,video_frame_index_and_fps
'-mJ2ud6oKI8_6,'-mJ2ud6oKI8,6,49,2.1908553333333334,2.2355666666666667,0,1,1,35053,35769,597,65,67,1,inferred_uniform_text_timing,ffmpeg_audio_sample_rate,video_frame_index_and_fps
'-mJ2ud6oKI8_9,'-mJ2ud6oKI8,9,0,0.0,0.13880533333333334,0,1,1,0,2220,2220,0,5,5,inferred_uniform_text_timing,ffmpeg_audio_sample_rate,video_frame_index_and_fps
'-mJ2ud6oKI8_9,'-mJ2ud6oKI8,9,1,0.13880533333333334,0.27761066666666667,1,1,1,2220,4441,2221,4,9,4,inferred_uniform_text_timing,ffmpeg_audio_sample_rate,video_frame_index_and_fps
'-mJ2ud6oKI8_9,'-mJ2ud6oKI8,9,2,0.27761066666666667,0.41641600000000006,0,1,1,4441,6662,2221,8,13,4,inferred_uniform_text_timing,ffmpeg_audio_sample_rate,video_frame_index_and_fps
'-mJ2ud6oKI8_9,'-mJ2ud6oKI8,9,3,0.41641600000000006,0.5552213333333333,1,1,1,6662,8883,2221,12,17,4,inferred_uniform_text_timing,ffmpeg_audio_sample_rate,video_frame_index_and_fps
'-mJ2ud6oKI8_9,'-mJ2ud6oKI8,9,4,0.5552213333333333,0.6940266666666668,0,1,1,8883,11104,2221,16,21,4,inferred_uniform_text_timing,ffmpeg_audio_sample_rate,video_frame_index_and_fps
'-mJ2ud6oKI8_9,'-mJ2ud6oKI8,9,5,0.6940266666666668,0.8328320000000001,1,1,1,11104,13325,2221,20,25,4,inferred_uniform_text_timing,ffmpeg_audio_sample_rate,video_frame_index_and_fps
'-mJ2ud6oKI8_9,'-mJ2ud6oKI8,9,6,0.8328320000000001,0.9716373333333334,0,1,1,13325,15546,2221,24,30,5,inferred_uniform_text_timing,ffmpeg_audio_sample_rate,video_frame_index_and_fps
'-mJ2ud6oKI8_9,'-mJ2ud6oKI8,9,7,0.9716373333333334,1.1104426666666667,1,1,1,15546,17767,2221,29,34,4,inferred_uniform_text_timing,ffmpeg_audio_sample_rate,video_frame_index_and_fps
'-mJ2ud6oKI8_9,'-mJ2ud6oKI8,9,8,1.1104426666666667,1.2492480000000001,0,1,1,17767,19987,2220,33,38,4,inferred_uniform_text_timing,ffmpeg_audio_sample_rate,video_frame_index_and_fps
'-mJ2ud6oKI8_9,'-mJ2ud6oKI8,9,9,1.2492480000000001,1.3880533333333336,1,1,1,19987,22208,2221,37,42,4,inferred_uniform_text_timing,ffmpeg_audio_sample_rate,video_frame_index_and_fps
'-mJ2ud6oKI8_9,'-mJ2ud6oKI8,9,10,1.3880533333333336,1.5268586666666666,0,1,1,22208,24429,2221,41,46,4,inferred_uniform_text_timing,ffmpeg_audio_sample_rate,video_frame_index_and_fps
'-mJ2ud6oKI8_9,'-mJ2ud6oKI8,9,11,1.5268586666666666,1.6656640000000003,1,1,1,24429,26650,2221,45,50,4,inferred_uniform_text_timing,ffmpeg_audio_sample_rate,video_frame_index_and_fps
'-mJ2ud6oKI8_9,'-mJ2ud6oKI8,9,12,1.6656640000000003,1.8044693333333333,0,1,1,26650,28871,2221,49,55,5,inferred_uniform_text_timing,ffmpeg_audio_sample_rate,video_frame_index_and_fps
'-mJ2ud6oKI8_9,'-mJ2ud6oKI8,9,13,1.8044693333333333,1.9432746666666667,0,1,1,28871,31092,2221,54,59,4,inferred_uniform_text_timing,ffmpeg_audio_sample_rate,video_frame_index_and_fps
'-mJ2ud6oKI8_9,'-mJ2ud6oKI8,9,14,1.9432746666666667,2.08208,1,1,1,31092,33313,2221,58,63,4,inferred_uniform_text_timing,ffmpeg_audio_sample_rate,video_frame_index_and_fps
'-mJ2ud6oKI8_9,'-mJ2ud6oKI8,9,15,2.08208,2.2208853333333334,0,1,1,33313,35534,2221,62,67,4,inferred_uniform_text_timing,ffmpeg_audio_sample_rate,video_frame_index_and_fps
'-mJ2ud6oKI8_9,'-mJ2ud6oKI8,9,16,2.2208853333333334,2.359690666666667,1,1,1,35534,37755,2221,66,71,4,inferred_uniform_text_timing,ffmpeg_audio_sample_rate,video_frame_index_and_fps
'-mJ2ud6oKI8_9,'-mJ2ud6oKI8,9,17,2.359690666666667,2.4984960000000003,0,1,1,37755,39975,2220,70,75,4,inferred_uniform_text_timing,ffmpeg_audio_sample_rate,video_frame_index_and_fps
'-mJ2ud6oKI8_9,'-mJ2ud6oKI8,9,18,2.4984960000000003,2.6373013333333337,1,1,1,39975,42196,2221,74,80,5,inferred_uniform_text_timing,ffmpeg_audio_sample_rate,video_frame_index_and_fps
'-mJ2ud6oKI8_9,'-mJ2ud6oKI8,9,19,2.6373013333333337,2.776106666666667,0,1,1,42196,44417,2221,79,84,4,inferred_uniform_text_timing,ffmpeg_audio_sample_rate,video_frame_index_and_fps
'-mJ2ud6oKI8_9,'-mJ2ud6oKI8,9,20,2.776106666666667,2.9149119999999997,1,1,1,44417,46638,2221,83,88,4,inferred_uniform_text_timing,ffmpeg_audio_sample_rate,video_frame_index_and_fps
'-mJ2ud6oKI8_9,'-mJ2ud6oKI8,9,21,2.9149119999999997,3.053717333333333,0,1,1,46638,48859,2221,87,92,4,inferred_uniform_text_timing,ffmpeg_audio_sample_rate,video_frame_index_and_fps
'-mJ2ud6oKI8_9,'-mJ2ud6oKI8,9,22,3.053717333333333,3.192522666666667,1,1,1,48859,51080,2221,91,96,4,inferred_uniform_text_timing,ffmpeg_audio_sample_rate,video_frame_index_and_fps
'-mJ2ud6oKI8_9,'-mJ2ud6oKI8,9,23,3.192522666666667,3.3313280000000005,0,1,1,51080,53301,2221,95,100,4,inferred_uniform_text_timing,ffmpeg_audio_sample_rate,video_frame_index_and_fps
'-mJ2ud6oKI8_9,'-mJ2ud6oKI8,9,24,3.3313280000000005,3.470133333333334,0,1,1,53301,55522,2221,99,105,4,inferred_uniform_text_timing,ffmpeg_audio_sample_rate,video_frame_index_and_fps
'-mJ2ud6oKI8_9,'-mJ2ud6oKI8,9,25,3.470133333333334,3.6089386666666665,1,1,1,55522,57743,2221,104,109,5,inferred_uniform_text_timing,ffmpeg_audio_sample_rate,video_frame_index_and_fps
'-mJ2ud6oKI8_9,'-mJ2ud6oKI8,9,26,3.6089386666666665,3.747744,0,1,1,57743,59963,2220,108,113,4,inferred_uniform_text_timing,ffmpeg_audio_sample_rate,video_frame_index_and_fps
'-mJ2ud6oKI8_9,'-mJ2ud6oKI8,9,27,3.747744,3.8865493333333334,1,1,1,59963,62184,2221,112,117,4,inferred_uniform_text_timing,ffmpeg_audio_sample_rate,video_frame_index_and_fps
'-mJ2ud6oKI8_9,'-mJ2ud6oKI8,9,28,3.8865493333333334,4.025354666666667,0,1,1,62184,64405,2221,116,121,4,inferred_uniform_text_timing,ffmpeg_audio_sample_rate,video_frame_index_and_fps
'-mJ2ud6oKI8_9,'-mJ2ud6oKI8,9,29,4.025354666666667,4.16416,1,1,1,64405,66626,2221,120,125,4,inferred_uniform_text_timing,ffmpeg_audio_sample_rate,video_frame_index_and_fps
'-mJ2ud6oKI8_9,'-mJ2ud6oKI8,9,30,4.16416,4.302965333333334,0,1,1,66626,68847,2221,124,129,4,inferred_uniform_text_timing,ffmpeg_audio_sample_rate,video_frame_index_and_fps
'-mJ2ud6oKI8_9,'-mJ2ud6oKI8,9,31,4.302965333333334,4.441770666666667,1,1,1,68847,71068,2221,128,134,5,inferred_uniform_text_timing,ffmpeg_audio_sample_rate,video_frame_index_and_fps
'-mJ2ud6oKI8_9,'-mJ2ud6oKI8,9,32,4.441770666666667,4.580576000000001,0,1,1,71068,73289,2221,133,138,4,inferred_uniform_text_timing,ffmpeg_audio_sample_rate,video_frame_index_and_fps
'-mJ2ud6oKI8_9,'-mJ2ud6oKI8,9,33,4.580576000000001,4.719381333333334,1,1,1,73289,75510,2221,137,142,4,inferred_uniform_text_timing,ffmpeg_audio_sample_rate,video_frame_index_and_fps
'-mJ2ud6oKI8_9,'-mJ2ud6oKI8,9,34,4.719381333333334,4.858186666666667,0,1,1,75510,77730,2220,141,146,4,inferred_uniform_text_timing,ffmpeg_audio_sample_rate,video_frame_index_and_fps
'-mJ2ud6oKI8_9,'-mJ2ud6oKI8,9,35,4.858186666666667,4.9969920000000005,1,1,1,77730,79951,2221,145,150,4,inferred_uniform_text_timing,ffmpeg_audio_sample_rate,video_frame_index_and_fps
'-mJ2ud6oKI8_9,'-mJ2ud6oKI8,9,36,4.9969920000000005,5.1357973333333335,0,1,1,79951,82172,2221,149,154,4,inferred_uniform_text_timing,ffmpeg_audio_sample_rate,video_frame_index_and_fps
'-mJ2ud6oKI8_9,'-mJ2ud6oKI8,9,37,5.1357973333333335,5.274602666666667,0,1,1,82172,84393,2221,153,159,5,inferred_uniform_text_timing,ffmpeg_audio_sample_rate,video_frame_index_and_fps
'-mJ2ud6oKI8_9,'-mJ2ud6oKI8,9,38,5.274602666666667,5.413408,1,1,1,84393,86614,2221,158,163,4,inferred_uniform_text_timing,ffmpeg_audio_sample_rate,video_frame_index_and_fps
'-mJ2ud6oKI8_9,'-mJ2ud6oKI8,9,39,5.413408,5.552213333333334,0,1,1,86614,88835,2221,162,167,4,inferred_uniform_text_timing,ffmpeg_audio_sample_rate,video_frame_index_and_fps
'-mJ2ud6oKI8_9,'-mJ2ud6oKI8,9,40,5.552213333333334,5.691018666666667,1,1,1,88835,91056,2221,166,171,4,inferred_uniform_text_timing,ffmpeg_audio_sample_rate,video_frame_index_and_fps
'-mJ2ud6oKI8_9,'-mJ2ud6oKI8,9,41,5.691018666666667,5.8298239999999995,0,1,1,91056,93277,2221,170,175,4,inferred_uniform_text_timing,ffmpeg_audio_sample_rate,video_frame_index_and_fps
'-mJ2ud6oKI8_9,'-mJ2ud6oKI8,9,42,5.8298239999999995,5.968629333333333,1,1,1,93277,95498,2221,174,179,4,inferred_uniform_text_timing,ffmpeg_audio_sample_rate,video_frame_index_and_fps
'-mJ2ud6oKI8_9,'-mJ2ud6oKI8,9,43,5.968629333333333,6.107434666666666,0,1,1,95498,97718,2220,178,184,5,inferred_uniform_text_timing,ffmpeg_audio_sample_rate,video_frame_index_and_fps
'-mJ2ud6oKI8_9,'-mJ2ud6oKI8,9,44,6.107434666666666,6.24624,1,1,1,97718,99939,2221,183,188,4,inferred_uniform_text_timing,ffmpeg_audio_sample_rate,video_frame_index_and_fps
'-mJ2ud6oKI8_9,'-mJ2ud6oKI8,9,45,6.24624,6.385045333333334,0,1,1,99939,102160,2221,187,192,4,inferred_uniform_text_timing,ffmpeg_audio_sample_rate,video_frame_index_and_fps
'-mJ2ud6oKI8_9,'-mJ2ud6oKI8,9,46,6.385045333333334,6.523850666666667,1,1,1,102160,104381,2221,191,196,4,inferred_uniform_text_timing,ffmpeg_audio_sample_rate,video_frame_index_and_fps
'-mJ2ud6oKI8_9,'-mJ2ud6oKI8,9,47,6.523850666666667,6.662656000000001,0,1,1,104381,106602,2221,195,200,4,inferred_uniform_text_timing,ffmpeg_audio_sample_rate,video_frame_index_and_fps
'-mJ2ud6oKI8_9,'-mJ2ud6oKI8,9,48,6.662656000000001,6.801461333333334,1,1,1,106602,108823,2221,199,204,4,inferred_uniform_text_timing,ffmpeg_audio_sample_rate,video_frame_index_and_fps
'-mJ2ud6oKI8_9,'-mJ2ud6oKI8,9,49,6.801461333333334,6.940266666666668,0,1,1,108823,111044,1717,203,209,4,inferred_uniform_text_timing,ffmpeg_audio_sample_rate,video_frame_index_and_fps
'-mJ2ud6oKI8_8,'-mJ2ud6oKI8,8,0,0.0,0.08341666666666667,0,1,1,0,1334,1334,0,3,3,inferred_uniform_text_timing,ffmpeg_audio_sample_rate,video_frame_index_and_fps
'-mJ2ud6oKI8_8,'-mJ2ud6oKI8,8,1,0.08341666666666667,0.16683333333333333,0,1,1,1334,2669,1335,2,5,2,inferred_uniform_text_timing,ffmpeg_audio_sample_rate,video_frame_index_and_fps
'-mJ2ud6oKI8_8,'-mJ2ud6oKI8,8,2,0.16683333333333333,0.25025,1,1,1,2669,4003,1334,5,8,3,inferred_uniform_text_timing,ffmpeg_audio_sample_rate,video_frame_index_and_fps
'-mJ2ud6oKI8_8,'-mJ2ud6oKI8,8,3,0.25025,0.33366666666666667,0,1,1,4003,5338,1335,7,10,2,inferred_uniform_text_timing,ffmpeg_audio_sample_rate,video_frame_index_and_fps
'-mJ2ud6oKI8_8,'-mJ2ud6oKI8,8,4,0.33366666666666667,0.41708333333333336,0,1,1,5338,6673,1335,10,13,3,inferred_uniform_text_timing,ffmpeg_audio_sample_rate,video_frame_index_and_fps
'-mJ2ud6oKI8_8,'-mJ2ud6oKI8,8,5,0.41708333333333336,0.5005,0,1,1,6673,8007,1334,12,15,2,inferred_uniform_text_timing,ffmpeg_audio_sample_rate,video_frame_index_and_fps
'-mJ2ud6oKI8_8,'-mJ2ud6oKI8,8,6,0.5005,0.5839166666666666,1,1,1,8007,9342,1335,14,18,3,inferred_uniform_text_timing,ffmpeg_audio_sample_rate,video_frame_index_and_fps
'-mJ2ud6oKI8_8,'-mJ2ud6oKI8,8,7,0.5839166666666666,0.6673333333333333,0,1,1,9342,10677,1335,17,20,2,inferred_uniform_text_timing,ffmpeg_audio_sample_rate,video_frame_index_and_fps
'-mJ2ud6oKI8_8,'-mJ2ud6oKI8,8,8,0.6673333333333333,0.75075,0,1,1,10677,12012,1335,20,23,3,inferred_uniform_text_timing,ffmpeg_audio_sample_rate,video_frame_index_and_fps
'-mJ2ud6oKI8_8,'-mJ2ud6oKI8,8,9,0.75075,0.8341666666666667,0,1,1,12012,13346,1334,22,25,2,inferred_uniform_text_timing,ffmpeg_audio_sample_rate,video_frame_index_and_fps
'-mJ2ud6oKI8_8,'-mJ2ud6oKI8,8,10,0.8341666666666667,0.9175833333333334,0,1,1,13346,14681,1335,25,28,3,inferred_uniform_text_timing,ffmpeg_audio_sample_rate,video_frame_index_and_fps
'-mJ2ud6oKI8_8,'-mJ2ud6oKI8,8,11,0.9175833333333334,1.001,1,1,1,14681,16015,1334,27,30,2,inferred_uniform_text_timing,ffmpeg_audio_sample_rate,video_frame_index_and_fps
'-mJ2ud6oKI8_8,'-mJ2ud6oKI8,8,12,1.001,1.0844166666666666,0,1,1,16015,17350,1335,29,33,3,inferred_uniform_text_timing,ffmpeg_audio_sample_rate,video_frame_index_and_fps
'-mJ2ud6oKI8_8,'-mJ2ud6oKI8,8,13,1.0844166666666666,1.1678333333333333,0,1,1,17350,18685,1335,32,35,2,inferred_uniform_text_timing,ffmpeg_audio_sample_rate,video_frame_index_and_fps
'-mJ2ud6oKI8_8,'-mJ2ud6oKI8,8,14,1.1678333333333333,1.25125,0,1,1,18685,20020,1335,35,38,3,inferred_uniform_text_timing,ffmpeg_audio_sample_rate,video_frame_index_and_fps
'-mJ2ud6oKI8_8,'-mJ2ud6oKI8,8,15,1.25125,1.3346666666666667,1,1,1,20020,21354,1334,37,40,2,inferred_uniform_text_timing,ffmpeg_audio_sample_rate,video_frame_index_and_fps
'-mJ2ud6oKI8_8,'-mJ2ud6oKI8,8,16,1.3346666666666667,1.4180833333333334,0,1,1,21354,22689,1335,40,43,3,inferred_uniform_text_timing,ffmpeg_audio_sample_rate,video_frame_index_and_fps
'-mJ2ud6oKI8_8,'-mJ2ud6oKI8,8,17,1.4180833333333334,1.5015,0,1,1,22689,24024,1335,42,45,2,inferred_uniform_text_timing,ffmpeg_audio_sample_rate,video_frame_index_and_fps
'-mJ2ud6oKI8_8,'-mJ2ud6oKI8,8,18,1.5015,1.5849166666666668,0,1,1,24024,25358,1334,45,48,3,inferred_uniform_text_timing,ffmpeg_audio_sample_rate,video_frame_index_and_fps
'-mJ2ud6oKI8_8,'-mJ2ud6oKI8,8,19,1.5849166666666668,1.6683333333333334,0,1,1,25358,26693,1335,47,50,2,inferred_uniform_text_timing,ffmpeg_audio_sample_rate,video_frame_index_and_fps
'-mJ2ud6oKI8_8,'-mJ2ud6oKI8,8,20,1.6683333333333334,1.7517500000000001,1,1,1,26693,28028,1335,50,53,3,inferred_uniform_text_timing,ffmpeg_audio_sample_rate,video_frame_index_and_fps
'-mJ2ud6oKI8_8,'-mJ2ud6oKI8,8,21,1.7517500000000001,1.8351666666666668,0,1,1,28028,29362,1334,52,56,2,inferred_uniform_text_timing,ffmpeg_audio_sample_rate,video_frame_index_and_fps
'-mJ2ud6oKI8_8,'-mJ2ud6oKI8,8,22,1.8351666666666668,1.9185833333333335,0,1,1,29362,30697,1335,55,58,3,inferred_uniform_text_timing,ffmpeg_audio_sample_rate,video_frame_index_and_fps
'-mJ2ud6oKI8_8,'-mJ2ud6oKI8,8,23,1.9185833333333335,2.002,0,1,1,30697,32031,1334,57,60,2,inferred_uniform_text_timing,ffmpeg_audio_sample_rate,video_frame_index_and_fps
'-mJ2ud6oKI8_8,'-mJ2ud6oKI8,8,24,2.002,2.0854166666666667,0,1,1,32031,33366,1335,59,63,3,inferred_uniform_text_timing,ffmpeg_audio_sample_rate,video_frame_index_and_fps
'-mJ2ud6oKI8_8,'-mJ2ud6oKI8,8,25,2.0854166666666667,2.168833333333333,1,1,1,33366,34701,1335,62,65,2,inferred_uniform_text_timing,ffmpeg_audio_sample_rate,video_frame_index_and_fps
'-mJ2ud6oKI8_8,'-mJ2ud6oKI8,8,26,2.168833333333333,2.25225,0,1,1,34701,36036,1335,65,68,3,inferred_uniform_text_timing,ffmpeg_audio_sample_rate,video_frame_index_and_fps
'-mJ2ud6oKI8_8,'-mJ2ud6oKI8,8,27,2.25225,2.3356666666666666,0,1,1,36036,37370,1334,67,70,2,inferred_uniform_text_timing,ffmpeg_audio_sample_rate,video_frame_index_and_fps
'-mJ2ud6oKI8_8,'-mJ2ud6oKI8,8,28,2.3356666666666666,2.4190833333333335,0,1,1,37370,38705,1335,70,73,3,inferred_uniform_text_timing,ffmpeg_audio_sample_rate,video_frame_index_and_fps
'-mJ2ud6oKI8_8,'-mJ2ud6oKI8,8,29,2.4190833333333335,2.5025,1,1,1,38705,40040,1335,72,75,2,inferred_uniform_text_timing,ffmpeg_audio_sample_rate,video_frame_index_and_fps
'-mJ2ud6oKI8_8,'-mJ2ud6oKI8,8,30,2.5025,2.585916666666667,0,1,1,40040,41374,1334,75,78,3,inferred_uniform_text_timing,ffmpeg_audio_sample_rate,video_frame_index_and_fps
'-mJ2ud6oKI8_8,'-mJ2ud6oKI8,8,31,2.585916666666667,2.6693333333333333,0,1,1,41374,42709,1335,77,80,2,inferred_uniform_text_timing,ffmpeg_audio_sample_rate,video_frame_index_and_fps
'-mJ2ud6oKI8_8,'-mJ2ud6oKI8,8,32,2.6693333333333333,2.75275,0,1,1,42709,44044,1335,80,83,3,inferred_uniform_text_timing,ffmpeg_audio_sample_rate,video_frame_index_and_fps
'-mJ2ud6oKI8_8,'-mJ2ud6oKI8,8,33,2.75275,2.8361666666666667,0,1,1,44044,45378,1334,82,85,2,inferred_uniform_text_timing,ffmpeg_audio_sample_rate,video_frame_index_and_fps
'-mJ2ud6oKI8_8,'-mJ2ud6oKI8,8,34,2.8361666666666667,2.919583333333333,1,1,1,45378,46713,1335,85,88,3,inferred_uniform_text_timing,ffmpeg_audio_sample_rate,video_frame_index_and_fps
'-mJ2ud6oKI8_8,'-mJ2ud6oKI8,8,35,2.919583333333333,3.003,0,1,1,46713,48048,1335,87,90,2,inferred_uniform_text_timing,ffmpeg_audio_sample_rate,video_frame_index_and_fps
'-mJ2ud6oKI8_8,'-mJ2ud6oKI8,8,36,3.003,3.0864166666666666,0,1,1,48048,49382,1334,90,93,3,inferred_uniform_text_timing,ffmpeg_audio_sample_rate,video_frame_index_and_fps
'-mJ2ud6oKI8_8,'-mJ2ud6oKI8,8,37,3.0864166666666666,3.1698333333333335,0,1,1,49382,50717,1335,92,95,2,inferred_uniform_text_timing,ffmpeg_audio_sample_rate,video_frame_index_and_fps
'-mJ2ud6oKI8_8,'-mJ2ud6oKI8,8,38,3.1698333333333335,3.25325,1,1,1,50717,52052,1335,95,98,3,inferred_uniform_text_timing,ffmpeg_audio_sample_rate,video_frame_index_and_fps
'-mJ2ud6oKI8_8,'-mJ2ud6oKI8,8,39,3.25325,3.336666666666667,0,1,1,52052,53386,1334,97,100,2,inferred_uniform_text_timing,ffmpeg_audio_sample_rate,video_frame_index_and_fps
'-mJ2ud6oKI8_8,'-mJ2ud6oKI8,8,40,3.336666666666667,3.4200833333333334,0,1,1,53386,54721,1335,100,103,3,inferred_uniform_text_timing,ffmpeg_audio_sample_rate,video_frame_index_and_fps
'-mJ2ud6oKI8_8,'-mJ2ud6oKI8,8,41,3.4200833333333334,3.5035000000000003,0,1,1,54721,56056,1335,102,105,2,inferred_uniform_text_timing,ffmpeg_audio_sample_rate,video_frame_index_and_fps
'-mJ2ud6oKI8_8,'-mJ2ud6oKI8,8,42,3.5035000000000003,3.5869166666666668,0,1,1,56056,57390,1334,105,108,3,inferred_uniform_text_timing,ffmpeg_audio_sample_rate,video_frame_index_and_fps
'-mJ2ud6oKI8_8,'-mJ2ud6oKI8,8,43,3.5869166666666668,3.6703333333333337,1,1,1,57390,58725,1335,107,111,2,inferred_uniform_text_timing,ffmpeg_audio_sample_rate,video_frame_index_and_fps
'-mJ2ud6oKI8_8,'-mJ2ud6oKI8,8,44,3.6703333333333337,3.75375,0,1,1,58725,60060,1335,110,113,3,inferred_uniform_text_timing,ffmpeg_audio_sample_rate,video_frame_index_and_fps
'-mJ2ud6oKI8_8,'-mJ2ud6oKI8,8,45,3.75375,3.837166666666667,0,1,1,60060,61394,1334,112,116,2,inferred_uniform_text_timing,ffmpeg_audio_sample_rate,video_frame_index_and_fps
'-mJ2ud6oKI8_8,'-mJ2ud6oKI8,8,46,3.837166666666667,3.9205833333333335,0,1,1,61394,62729,1335,115,118,3,inferred_uniform_text_timing,ffmpeg_audio_sample_rate,video_frame_index_and_fps
'-mJ2ud6oKI8_8,'-mJ2ud6oKI8,8,47,3.9205833333333335,4.004,1,1,1,62729,64063,1334,117,120,2,inferred_uniform_text_timing,ffmpeg_audio_sample_rate,video_frame_index_and_fps
'-mJ2ud6oKI8_8,'-mJ2ud6oKI8,8,48,4.004,4.087416666666667,0,1,1,64063,65398,1335,119,123,3,inferred_uniform_text_timing,ffmpeg_audio_sample_rate,video_frame_index_and_fps
'-mJ2ud6oKI8_8,'-mJ2ud6oKI8,8,49,4.087416666666667,4.170833333333333,0,1,1,65398,66733,1335,122,125,2,inferred_uniform_text_timing,ffmpeg_audio_sample_rate,video_frame_index_and_fps
'-mqbVkbCndg_0,'-mqbVkbCndg,0,0,0.0,0.12933333333333333,0,1,1,0,2069,2069,0,4,4,inferred_uniform_text_timing,ffmpeg_audio_sample_rate,video_frame_index_and_fps
'-mqbVkbCndg_0,'-mqbVkbCndg,0,1,0.12933333333333333,0.25866666666666666,1,1,1,2069,4138,2069,3,8,4,inferred_uniform_text_timing,ffmpeg_audio_sample_rate,video_frame_index_and_fps
'-mqbVkbCndg_0,'-mqbVkbCndg,0,2,0.25866666666666666,0.38799999999999996,0,1,1,4138,6207,2069,7,12,4,inferred_uniform_text_timing,ffmpeg_audio_sample_rate,video_frame_index_and_fps
'-mqbVkbCndg_0,'-mqbVkbCndg,0,3,0.38799999999999996,0.5173333333333333,0,1,1,6207,8277,2070,11,16,4,inferred_uniform_text_timing,ffmpeg_audio_sample_rate,video_frame_index_and_fps
'-mqbVkbCndg_0,'-mqbVkbCndg,0,4,0.5173333333333333,0.6466666666666667,1,1,1,8277,10346,2069,15,20,4,inferred_uniform_text_timing,ffmpeg_audio_sample_rate,video_frame_index_and_fps
'-mqbVkbCndg_0,'-mqbVkbCndg,0,5,0.6466666666666667,0.7759999999999999,0,1,1,10346,12415,2069,19,24,4,inferred_uniform_text_timing,ffmpeg_audio_sample_rate,video_frame_index_and_fps
'-mqbVkbCndg_0,'-mqbVkbCndg,0,6,0.7759999999999999,0.9053333333333333,0,1,1,12415,14485,2070,23,28,4,inferred_uniform_text_timing,ffmpeg_audio_sample_rate,video_frame_index_and_fps
'-mqbVkbCndg_0,'-mqbVkbCndg,0,7,0.9053333333333333,1.0346666666666666,1,1,1,14485,16554,2069,27,32,4,inferred_uniform_text_timing,ffmpeg_audio_sample_rate,video_frame_index_and_fps
'-mqbVkbCndg_0,'-mqbVkbCndg,0,8,1.0346666666666666,1.1640000000000001,0,1,1,16554,18624,2070,31,35,3,inferred_uniform_text_timing,ffmpeg_audio_sample_rate,video_frame_index_and_fps
'-mqbVkbCndg_0,'-mqbVkbCndg,0,9,1.1640000000000001,1.2933333333333334,0,1,1,18624,20693,2069,34,39,4,inferred_uniform_text_timing,ffmpeg_audio_sample_rate,video_frame_index_and_fps
'-mqbVkbCndg_0,'-mqbVkbCndg,0,10,1.2933333333333334,1.4226666666666667,1,1,1,20693,22762,2069,38,43,4,inferred_uniform_text_timing,ffmpeg_audio_sample_rate,video_frame_index_and_fps
'-mqbVkbCndg_0,'-mqbVkbCndg,0,11,1.4226666666666667,1.5519999999999998,0,1,1,22762,24831,2069,42,47,4,inferred_uniform_text_timing,ffmpeg_audio_sample_rate,video_frame_index_and_fps
'-mqbVkbCndg_0,'-mqbVkbCndg,0,12,1.5519999999999998,1.6813333333333333,0,1,1,24831,26901,2070,46,51,4,inferred_uniform_text_timing,ffmpeg_audio_sample_rate,video_frame_index_and_fps
'-mqbVkbCndg_0,'-mqbVkbCndg,0,13,1.6813333333333333,1.8106666666666666,1,1,1,26901,28970,2069,50,55,4,inferred_uniform_text_timing,ffmpeg_audio_sample_rate,video_frame_index_and_fps
'-mqbVkbCndg_0,'-mqbVkbCndg,0,14,1.8106666666666666,1.94,0,1,1,28970,31040,2070,54,59,4,inferred_uniform_text_timing,ffmpeg_audio_sample_rate,video_frame_index_and_fps
'-mqbVkbCndg_0,'-mqbVkbCndg,0,15,1.94,2.0693333333333332,0,1,1,31040,33109,2069,58,63,4,inferred_uniform_text_timing,ffmpeg_audio_sample_rate,video_frame_index_and_fps
'-mqbVkbCndg_0,'-mqbVkbCndg,0,16,2.0693333333333332,2.1986666666666665,1,1,1,33109,35178,2069,62,66,3,inferred_uniform_text_timing,ffmpeg_audio_sample_rate,video_frame_index_and_fps
'-mqbVkbCndg_0,'-mqbVkbCndg,0,17,2.1986666666666665,2.3280000000000003,0,1,1,35178,37248,2070,65,70,4,inferred_uniform_text_timing,ffmpeg_audio_sample_rate,video_frame_index_and_fps
'-mqbVkbCndg_0,'-mqbVkbCndg,0,18,2.3280000000000003,2.4573333333333336,0,1,1,37248,39317,2069,69,74,4,inferred_uniform_text_timing,ffmpeg_audio_sample_rate,video_frame_index_and_fps
'-mqbVkbCndg_0,'-mqbVkbCndg,0,19,2.4573333333333336,2.586666666666667,1,1,1,39317,41386,2069,73,78,4,inferred_uniform_text_timing,ffmpeg_audio_sample_rate,video_frame_index_and_fps
'-mqbVkbCndg_0,'-mqbVkbCndg,0,20,2.586666666666667,2.716,0,1,1,41386,43456,2070,77,82,4,inferred_uniform_text_timing,ffmpeg_audio_sample_rate,video_frame_index_and_fps
'-mqbVkbCndg_0,'-mqbVkbCndg,0,21,2.716,2.8453333333333335,0,1,1,43456,45525,2069,81,86,4,inferred_uniform_text_timing,ffmpeg_audio_sample_rate,video_frame_index_and_fps
'-mqbVkbCndg_0,'-mqbVkbCndg,0,22,2.8453333333333335,2.974666666666667,1,1,1,45525,47594,2069,85,90,4,inferred_uniform_text_timing,ffmpeg_audio_sample_rate,video_frame_index_and_fps
'-mqbVkbCndg_0,'-mqbVkbCndg,0,23,2.974666666666667,3.1039999999999996,0,1,1,47594,49663,2069,89,94,4,inferred_uniform_text_timing,ffmpeg_audio_sample_rate,video_frame_index_and_fps
'-mqbVkbCndg_0,'-mqbVkbCndg,0,24,3.1039999999999996,3.233333333333333,0,1,1,49663,51733,2070,93,97,3,inferred_uniform_text_timing,ffmpeg_audio_sample_rate,video_frame_index_and_fps
'-mqbVkbCndg_0,'-mqbVkbCndg,0,25,3.233333333333333,3.3626666666666667,1,1,1,51733,53802,2069,96,101,4,inferred_uniform_text_timing,ffmpeg_audio_sample_rate,video_frame_index_and_fps
'-mqbVkbCndg_0,'-mqbVkbCndg,0,26,3.3626666666666667,3.492,0,1,1,53802,55872,2070,100,105,4,inferred_uniform_text_timing,ffmpeg_audio_sample_rate,video_frame_index_and_fps
'-mqbVkbCndg_0,'-mqbVkbCndg,0,27,3.492,3.6213333333333333,1,1,1,55872,57941,2069,104,109,4,inferred_uniform_text_timing,ffmpeg_audio_sample_rate,video_frame_index_and_fps
'-mqbVkbCndg_0,'-mqbVkbCndg,0,28,3.6213333333333333,3.7506666666666666,0,1,1,57941,60010,2069,108,113,4,inferred_uniform_text_timing,ffmpeg_audio_sample_rate,video_frame_index_and_fps
'-mqbVkbCndg_0,'-mqbVkbCndg,0,29,3.7506666666666666,3.88,0,1,1,60010,62080,2070,112,117,4,inferred_uniform_text_timing,ffmpeg_audio_sample_rate,video_frame_index_and_fps
'-mqbVkbCndg_0,'-mqbVkbCndg,0,30,3.88,4.009333333333333,1,1,1,62080,64149,2069,116,121,4,inferred_uniform_text_timing,ffmpeg_audio_sample_rate,video_frame_index_and_fps
'-mqbVkbCndg_0,'-mqbVkbCndg,0,31,4.009333333333333,4.1386666666666665,0,1,1,64149,66218,2069,120,125,4,inferred_uniform_text_timing,ffmpeg_audio_sample_rate,video_frame_index_and_fps
'-mqbVkbCndg_0,'-mqbVkbCndg,0,32,4.1386666666666665,4.268,0,1,1,66218,68288,2070,124,129,4,inferred_uniform_text_timing,ffmpeg_audio_sample_rate,video_frame_index_and_fps
'-mqbVkbCndg_0,'-mqbVkbCndg,0,33,4.268,4.397333333333333,1,1,1,68288,70357,2069,128,132,3,inferred_uniform_text_timing,ffmpeg_audio_sample_rate,video_frame_index_and_fps
'-mqbVkbCndg_0,'-mqbVkbCndg,0,34,4.397333333333333,4.526666666666667,0,1,1,70357,72426,2069,131,136,4,inferred_uniform_text_timing,ffmpeg_audio_sample_rate,video_frame_index_and_fps
'-mqbVkbCndg_0,'-mqbVkbCndg,0,35,4.526666666666667,4.656000000000001,0,1,1,72426,74496,2070,135,140,4,inferred_uniform_text_timing,ffmpeg_audio_sample_rate,video_frame_index_and_fps
'-mqbVkbCndg_0,'-mqbVkbCndg,0,36,4.656000000000001,4.785333333333334,1,1,1,74496,76565,2069,139,144,4,inferred_uniform_text_timing,ffmpeg_audio_sample_rate,video_frame_index_and_fps
'-mqbVkbCndg_0,'-mqbVkbCndg,0,37,4.785333333333334,4.914666666666667,0,1,1,76565,78634,2069,143,148,4,inferred_uniform_text_timing,ffmpeg_audio_sample_rate,video_frame_index_and_fps
'-mqbVkbCndg_0,'-mqbVkbCndg,0,38,4.914666666666667,5.0440000000000005,0,1,1,78634,80704,2070,147,152,4,inferred_uniform_text_timing,ffmpeg_audio_sample_rate,video_frame_index_and_fps
'-mqbVkbCndg_0,'-mqbVkbCndg,0,39,5.0440000000000005,5.173333333333334,1,1,1,80704,82773,2069,151,156,4,inferred_uniform_text_timing,ffmpeg_audio_sample_rate,video_frame_index_and_fps
'-mqbVkbCndg_0,'-mqbVkbCndg,0,40,5.173333333333334,5.302666666666666,0,1,1,82773,84842,2069,155,160,4,inferred_uniform_text_timing,ffmpeg_audio_sample_rate,video_frame_index_and_fps
'-mqbVkbCndg_0,'-mqbVkbCndg,0,41,5.302666666666666,5.432,0,1,1,84842,86912,2070,159,163,3,inferred_uniform_text_timing,ffmpeg_audio_sample_rate,video_frame_index_and_fps
'-mqbVkbCndg_0,'-mqbVkbCndg,0,42,5.432,5.561333333333334,1,1,1,86912,88981,2069,162,167,4,inferred_uniform_text_timing,ffmpeg_audio_sample_rate,video_frame_index_and_fps
'-mqbVkbCndg_0,'-mqbVkbCndg,0,43,5.561333333333334,5.690666666666667,0,1,1,88981,91050,2069,166,171,4,inferred_uniform_text_timing,ffmpeg_audio_sample_rate,video_frame_index_and_fps
'-mqbVkbCndg_0,'-mqbVkbCndg,0,44,5.690666666666667,5.82,0,1,1,91050,93120,2070,170,175,4,inferred_uniform_text_timing,ffmpeg_audio_sample_rate,video_frame_index_and_fps
'-mqbVkbCndg_0,'-mqbVkbCndg,0,45,5.82,5.949333333333334,1,1,1,93120,95189,2069,174,179,4,inferred_uniform_text_timing,ffmpeg_audio_sample_rate,video_frame_index_and_fps
'-mqbVkbCndg_0,'-mqbVkbCndg,0,46,5.949333333333334,6.078666666666667,0,1,1,95189,97258,2069,178,183,4,inferred_uniform_text_timing,ffmpeg_audio_sample_rate,video_frame_index_and_fps
'-mqbVkbCndg_0,'-mqbVkbCndg,0,47,6.078666666666667,6.207999999999999,0,1,1,97258,99327,2069,182,187,4,inferred_uniform_text_timing,ffmpeg_audio_sample_rate,video_frame_index_and_fps
'-mqbVkbCndg_0,'-mqbVkbCndg,0,48,6.207999999999999,6.3373333333333335,1,1,1,99327,101397,2070,186,191,4,inferred_uniform_text_timing,ffmpeg_audio_sample_rate,video_frame_index_and_fps
'-mqbVkbCndg_0,'-mqbVkbCndg,0,49,6.3373333333333335,6.466666666666666,0,1,1,101397,103466,771,190,194,3,inferred_uniform_text_timing,ffmpeg_audio_sample_rate,video_frame_index_and_fps
'-t217m2on-s_2,'-t217m2on-s,2,0,0.0,0.11333333333333334,0,1,1,0,1813,1813,0,4,4,inferred_uniform_text_timing,ffmpeg_audio_sample_rate,video_frame_index_and_fps
'-t217m2on-s_2,'-t217m2on-s,2,1,0.11333333333333334,0.22666666666666668,1,1,1,1813,3626,1813,3,7,3,inferred_uniform_text_timing,ffmpeg_audio_sample_rate,video_frame_index_and_fps
'-t217m2on-s_2,'-t217m2on-s,2,2,0.22666666666666668,0.34,0,1,1,3626,5440,1814,6,11,4,inferred_uniform_text_timing,ffmpeg_audio_sample_rate,video_frame_index_and_fps
'-t217m2on-s_2,'-t217m2on-s,2,3,0.34,0.45333333333333337,0,1,1,5440,7253,1813,10,14,3,inferred_uniform_text_timing,ffmpeg_audio_sample_rate,video_frame_index_and_fps
'-t217m2on-s_2,'-t217m2on-s,2,4,0.45333333333333337,0.5666666666666668,0,1,1,7253,9066,1813,13,18,3,inferred_uniform_text_timing,ffmpeg_audio_sample_rate,video_frame_index_and_fps
'-t217m2on-s_2,'-t217m2on-s,2,5,0.5666666666666668,0.68,1,1,1,9066,10880,1814,17,21,4,inferred_uniform_text_timing,ffmpeg_audio_sample_rate,video_frame_index_and_fps
'-t217m2on-s_2,'-t217m2on-s,2,6,0.68,0.7933333333333334,0,1,1,10880,12693,1813,20,24,3,inferred_uniform_text_timing,ffmpeg_audio_sample_rate,video_frame_index_and_fps
'-t217m2on-s_2,'-t217m2on-s,2,7,0.7933333333333334,0.9066666666666667,0,1,1,12693,14506,1813,23,28,4,inferred_uniform_text_timing,ffmpeg_audio_sample_rate,video_frame_index_and_fps
'-t217m2on-s_2,'-t217m2on-s,2,8,0.9066666666666667,1.02,1,1,1,14506,16320,1814,27,31,3,inferred_uniform_text_timing,ffmpeg_audio_sample_rate,video_frame_index_and_fps
'-t217m2on-s_2,'-t217m2on-s,2,9,1.02,1.1333333333333335,0,1,1,16320,18133,1813,30,35,3,inferred_uniform_text_timing,ffmpeg_audio_sample_rate,video_frame_index_and_fps
'-t217m2on-s_2,'-t217m2on-s,2,10,1.1333333333333335,1.2466666666666668,0,1,1,18133,19946,1813,34,38,4,inferred_uniform_text_timing,ffmpeg_audio_sample_rate,video_frame_index_and_fps
'-t217m2on-s_2,'-t217m2on-s,2,11,1.2466666666666668,1.36,0,1,1,19946,21760,1814,37,41,3,inferred_uniform_text_timing,ffmpeg_audio_sample_rate,video_frame_index_and_fps
'-t217m2on-s_2,'-t217m2on-s,2,12,1.36,1.4733333333333334,1,1,1,21760,23573,1813,40,45,4,inferred_uniform_text_timing,ffmpeg_audio_sample_rate,video_frame_index_and_fps
'-t217m2on-s_2,'-t217m2on-s,2,13,1.4733333333333334,1.586666666666667,0,1,1,23573,25386,1813,44,48,3,inferred_uniform_text_timing,ffmpeg_audio_sample_rate,video_frame_index_and_fps
'-t217m2on-s_2,'-t217m2on-s,2,14,1.586666666666667,1.7,0,1,1,25386,27200,1814,47,51,3,inferred_uniform_text_timing,ffmpeg_audio_sample_rate,video_frame_index_and_fps
'-t217m2on-s_2,'-t217m2on-s,2,15,1.7,1.8133333333333335,0,1,1,27200,29013,1813,51,55,4,inferred_uniform_text_timing,ffmpeg_audio_sample_rate,video_frame_index_and_fps
'-t217m2on-s_2,'-t217m2on-s,2,16,1.8133333333333335,1.9266666666666667,1,1,1,29013,30826,1813,54,58,3,inferred_uniform_text_timing,ffmpeg_audio_sample_rate,video_frame_index_and_fps
'-t217m2on-s_2,'-t217m2on-s,2,17,1.9266666666666667,2.04,0,1,1,30826,32640,1814,57,62,4,inferred_uniform_text_timing,ffmpeg_audio_sample_rate,video_frame_index_and_fps
'-t217m2on-s_2,'-t217m2on-s,2,18,2.04,2.1533333333333333,0,1,1,32640,34453,1813,61,65,3,inferred_uniform_text_timing,ffmpeg_audio_sample_rate,video_frame_index_and_fps
'-t217m2on-s_2,'-t217m2on-s,2,19,2.1533333333333333,2.266666666666667,1,1,1,34453,36266,1813,64,69,3,inferred_uniform_text_timing,ffmpeg_audio_sample_rate,video_frame_index_and_fps
'-t217m2on-s_2,'-t217m2on-s,2,20,2.266666666666667,2.38,0,1,1,36266,38080,1814,68,72,4,inferred_uniform_text_timing,ffmpeg_audio_sample_rate,video_frame_index_and_fps
'-t217m2on-s_2,'-t217m2on-s,2,21,2.38,2.4933333333333336,0,1,1,38080,39893,1813,71,75,3,inferred_uniform_text_timing,ffmpeg_audio_sample_rate,video_frame_index_and_fps
'-t217m2on-s_2,'-t217m2on-s,2,22,2.4933333333333336,2.606666666666667,0,1,1,39893,41706,1813,74,79,4,inferred_uniform_text_timing,ffmpeg_audio_sample_rate,video_frame_index_and_fps
'-t217m2on-s_2,'-t217m2on-s,2,23,2.606666666666667,2.72,1,1,1,41706,43520,1814,78,82,3,inferred_uniform_text_timing,ffmpeg_audio_sample_rate,video_frame_index_and_fps
'-t217m2on-s_2,'-t217m2on-s,2,24,2.72,2.833333333333334,0,1,1,43520,45333,1813,81,86,3,inferred_uniform_text_timing,ffmpeg_audio_sample_rate,video_frame_index_and_fps
'-t217m2on-s_2,'-t217m2on-s,2,25,2.833333333333334,2.9466666666666668,0,1,1,45333,47146,1813,85,89,4,inferred_uniform_text_timing,ffmpeg_audio_sample_rate,video_frame_index_and_fps
'-t217m2on-s_2,'-t217m2on-s,2,26,2.9466666666666668,3.06,1,1,1,47146,48960,1814,88,92,3,inferred_uniform_text_timing,ffmpeg_audio_sample_rate,video_frame_index_and_fps
'-t217m2on-s_2,'-t217m2on-s,2,27,3.06,3.173333333333334,0,1,1,48960,50773,1813,91,96,4,inferred_uniform_text_timing,ffmpeg_audio_sample_rate,video_frame_index_and_fps
'-t217m2on-s_2,'-t217m2on-s,2,28,3.173333333333334,3.286666666666667,0,1,1,50773,52586,1813,95,99,3,inferred_uniform_text_timing,ffmpeg_audio_sample_rate,video_frame_index_and_fps
'-t217m2on-s_2,'-t217m2on-s,2,29,3.286666666666667,3.4,0,1,1,52586,54400,1814,98,102,3,inferred_uniform_text_timing,ffmpeg_audio_sample_rate,video_frame_index_and_fps
'-t217m2on-s_2,'-t217m2on-s,2,30,3.4,3.5133333333333336,1,1,1,54400,56213,1813,102,106,4,inferred_uniform_text_timing,ffmpeg_audio_sample_rate,video_frame_index_and_fps
'-t217m2on-s_2,'-t217m2on-s,2,31,3.5133333333333336,3.626666666666667,0,1,1,56213,58026,1813,105,109,3,inferred_uniform_text_timing,ffmpeg_audio_sample_rate,video_frame_index_and_fps
'-t217m2on-s_2,'-t217m2on-s,2,32,3.626666666666667,3.74,0,1,1,58026,59840,1814,108,113,4,inferred_uniform_text_timing,ffmpeg_audio_sample_rate,video_frame_index_and_fps
'-t217m2on-s_2,'-t217m2on-s,2,33,3.74,3.8533333333333335,1,1,1,59840,61653,1813,112,116,3,inferred_uniform_text_timing,ffmpeg_audio_sample_rate,video_frame_index_and_fps
'-t217m2on-s_2,'-t217m2on-s,2,34,3.8533333333333335,3.966666666666667,0,1,1,61653,63466,1813,115,119,3,inferred_uniform_text_timing,ffmpeg_audio_sample_rate,video_frame_index_and_fps
'-t217m2on-s_2,'-t217m2on-s,2,35,3.966666666666667,4.08,0,1,1,63466,65280,1814,119,123,4,inferred_uniform_text_timing,ffmpeg_audio_sample_rate,video_frame_index_and_fps
'-t217m2on-s_2,'-t217m2on-s,2,36,4.08,4.193333333333333,0,1,1,65280,67093,1813,122,126,3,inferred_uniform_text_timing,ffmpeg_audio_sample_rate,video_frame_index_and_fps
'-t217m2on-s_2,'-t217m2on-s,2,37,4.193333333333333,4.306666666666667,1,1,1,67093,68906,1813,125,130,4,inferred_uniform_text_timing,ffmpeg_audio_sample_rate,video_frame_index_and_fps
'-t217m2on-s_2,'-t217m2on-s,2,38,4.306666666666667,4.42,0,1,1,68906,70720,1814,129,133,3,inferred_uniform_text_timing,ffmpeg_audio_sample_rate,video_frame_index_and_fps
'-t217m2on-s_2,'-t217m2on-s,2,39,4.42,4.533333333333334,0,1,1,70720,72533,1813,132,137,3,inferred_uniform_text_timing,ffmpeg_audio_sample_rate,video_frame_index_and_fps
'-t217m2on-s_2,'-t217m2on-s,2,40,4.533333333333334,4.6466666666666665,0,1,1,72533,74346,1813,136,140,4,inferred_uniform_text_timing,ffmpeg_audio_sample_rate,video_frame_index_and_fps
'-t217m2on-s_2,'-t217m2on-s,2,41,4.6466666666666665,4.76,1,1,1,74346,76160,1814,139,143,3,inferred_uniform_text_timing,ffmpeg_audio_sample_rate,video_frame_index_and_fps
'-t217m2on-s_2,'-t217m2on-s,2,42,4.76,4.873333333333334,0,1,1,76160,77973,1813,142,147,4,inferred_uniform_text_timing,ffmpeg_audio_sample_rate,video_frame_index_and_fps
'-t217m2on-s_2,'-t217m2on-s,2,43,4.873333333333334,4.986666666666667,0,1,1,77973,79786,1813,146,150,3,inferred_uniform_text_timing,ffmpeg_audio_sample_rate,video_frame_index_and_fps
'-t217m2on-s_2,'-t217m2on-s,2,44,4.986666666666667,5.1,1,1,1,79786,81600,1814,149,153,3,inferred_uniform_text_timing,ffmpeg_audio_sample_rate,video_frame_index_and_fps
'-t217m2on-s_2,'-t217m2on-s,2,45,5.1,5.213333333333334,0,1,1,81600,83413,1813,153,157,4,inferred_uniform_text_timing,ffmpeg_audio_sample_rate,video_frame_index_and_fps
'-t217m2on-s_2,'-t217m2on-s,2,46,5.213333333333334,5.326666666666667,0,1,1,83413,85226,1813,156,160,3,inferred_uniform_text_timing,ffmpeg_audio_sample_rate,video_frame_index_and_fps
'-t217m2on-s_2,'-t217m2on-s,2,47,5.326666666666667,5.44,0,1,1,85226,87040,1814,159,164,4,inferred_uniform_text_timing,ffmpeg_audio_sample_rate,video_frame_index_and_fps
'-t217m2on-s_2,'-t217m2on-s,2,48,5.44,5.553333333333334,1,1,1,87040,88853,1813,163,167,3,inferred_uniform_text_timing,ffmpeg_audio_sample_rate,video_frame_index_and_fps
'-t217m2on-s_2,'-t217m2on-s,2,49,5.553333333333334,5.666666666666668,0,1,1,88853,90666,1230,166,171,3,inferred_uniform_text_timing,ffmpeg_audio_sample_rate,video_frame_index_and_fps
'-t217m2on-s_7,'-t217m2on-s,7,0,0.0,0.3413333333333333,1,1,1,0,5461,5461,0,11,11,inferred_uniform_text_timing,ffmpeg_audio_sample_rate,video_frame_index_and_fps
'-t217m2on-s_7,'-t217m2on-s,7,1,0.3413333333333333,0.6826666666666666,1,1,1,5461,10922,5461,10,21,10,inferred_uniform_text_timing,ffmpeg_audio_sample_rate,video_frame_index_and_fps
'-t217m2on-s_7,'-t217m2on-s,7,2,0.6826666666666666,1.024,1,1,1,10922,16384,5462,20,31,10,inferred_uniform_text_timing,ffmpeg_audio_sample_rate,video_frame_index_and_fps
'-t217m2on-s_7,'-t217m2on-s,7,3,1.024,1.3653333333333333,1,1,1,16384,21845,5461,30,41,10,inferred_uniform_text_timing,ffmpeg_audio_sample_rate,video_frame_index_and_fps
'-t217m2on-s_7,'-t217m2on-s,7,4,1.3653333333333333,1.7066666666666666,1,1,1,21845,27306,5461,40,52,11,inferred_uniform_text_timing,ffmpeg_audio_sample_rate,video_frame_index_and_fps
'-t217m2on-s_7,'-t217m2on-s,7,5,1.7066666666666666,2.048,1,1,1,27306,32768,5462,51,62,10,inferred_uniform_text_timing,ffmpeg_audio_sample_rate,video_frame_index_and_fps
'-t217m2on-s_7,'-t217m2on-s,7,6,2.048,2.3893333333333335,1,1,1,32768,38229,5461,61,72,10,inferred_uniform_text_timing,ffmpeg_audio_sample_rate,video_frame_index_and_fps
'-t217m2on-s_7,'-t217m2on-s,7,7,2.3893333333333335,2.7306666666666666,1,1,1,38229,43690,5461,71,82,10,inferred_uniform_text_timing,ffmpeg_audio_sample_rate,video_frame_index_and_fps
'-t217m2on-s_7,'-t217m2on-s,7,8,2.7306666666666666,3.072,1,1,1,43690,49152,5462,81,93,11,inferred_uniform_text_timing,ffmpeg_audio_sample_rate,video_frame_index_and_fps
'-t217m2on-s_7,'-t217m2on-s,7,9,3.072,3.413333333333333,1,1,1,49152,54613,5461,92,103,10,inferred_uniform_text_timing,ffmpeg_audio_sample_rate,video_frame_index_and_fps
'-t217m2on-s_7,'-t217m2on-s,7,10,3.413333333333333,3.7546666666666666,1,1,1,54613,60074,5461,102,113,10,inferred_uniform_text_timing,ffmpeg_audio_sample_rate,video_frame_index_and_fps
'-t217m2on-s_7,'-t217m2on-s,7,11,3.7546666666666666,4.096,1,1,1,60074,65536,5462,112,123,10,inferred_uniform_text_timing,ffmpeg_audio_sample_rate,video_frame_index_and_fps
'-t217m2on-s_7,'-t217m2on-s,7,12,4.096,4.437333333333333,0,1,1,65536,70997,5461,122,134,11,inferred_uniform_text_timing,ffmpeg_audio_sample_rate,video_frame_index_and_fps
'-t217m2on-s_7,'-t217m2on-s,7,13,4.437333333333333,4.778666666666667,1,1,1,70997,76458,5461,133,144,10,inferred_uniform_text_timing,ffmpeg_audio_sample_rate,video_frame_index_and_fps
'-t217m2on-s_7,'-t217m2on-s,7,14,4.778666666666667,5.12,1,1,1,76458,81920,5462,143,154,10,inferred_uniform_text_timing,ffmpeg_audio_sample_rate,video_frame_index_and_fps
'-t217m2on-s_7,'-t217m2on-s,7,15,5.12,5.461333333333333,1,1,1,81920,87381,5461,153,164,10,inferred_uniform_text_timing,ffmpeg_audio_sample_rate,video_frame_index_and_fps
'-t217m2on-s_7,'-t217m2on-s,7,16,5.461333333333333,5.802666666666666,1,1,1,87381,92842,5461,163,175,11,inferred_uniform_text_timing,ffmpeg_audio_sample_rate,video_frame_index_and_fps
'-t217m2on-s_7,'-t217m2on-s,7,17,5.802666666666666,6.144,1,1,1,92842,98304,5462,174,185,10,inferred_uniform_text_timing,ffmpeg_audio_sample_rate,video_frame_index_and_fps
'-t217m2on-s_7,'-t217m2on-s,7,18,6.144,6.485333333333333,1,1,1,98304,103765,5461,184,195,10,inferred_uniform_text_timing,ffmpeg_audio_sample_rate,video_frame_index_and_fps
'-t217m2on-s_7,'-t217m2on-s,7,19,6.485333333333333,6.826666666666666,1,1,1,103765,109226,5461,194,205,10,inferred_uniform_text_timing,ffmpeg_audio_sample_rate,video_frame_index_and_fps
'-t217m2on-s_7,'-t217m2on-s,7,20,6.826666666666666,7.167999999999999,1,1,1,109226,114687,5461,204,216,11,inferred_uniform_text_timing,ffmpeg_audio_sample_rate,video_frame_index_and_fps
'-t217m2on-s_7,'-t217m2on-s,7,21,7.167999999999999,7.509333333333333,1,1,1,114687,120149,5462,215,226,10,inferred_uniform_text_timing,ffmpeg_audio_sample_rate,video_frame_index_and_fps
'-t217m2on-s_7,'-t217m2on-s,7,22,7.509333333333333,7.850666666666666,1,1,1,120149,125610,5461,225,236,10,inferred_uniform_text_timing,ffmpeg_audio_sample_rate,video_frame_index_and_fps
'-t217m2on-s_7,'-t217m2on-s,7,23,7.850666666666666,8.192,1,1,1,125610,131072,5462,235,246,10,inferred_uniform_text_timing,ffmpeg_audio_sample_rate,video_frame_index_and_fps
'-t217m2on-s_7,'-t217m2on-s,7,24,8.192,8.533333333333333,1,1,1,131072,136533,5461,245,256,10,inferred_uniform_text_timing,ffmpeg_audio_sample_rate,video_frame_index_and_fps
'-t217m2on-s_7,'-t217m2on-s,7,25,8.533333333333333,8.874666666666666,1,1,1,136533,141994,5461,256,267,11,inferred_uniform_text_timing,ffmpeg_audio_sample_rate,video_frame_index_and_fps
'-t217m2on-s_7,'-t217m2on-s,7,26,8.874666666666666,9.216000000000001,1,1,1,141994,147456,5462,266,277,10,inferred_uniform_text_timing,ffmpeg_audio_sample_rate,video_frame_index_and_fps
'-t217m2on-s_7,'-t217m2on-s,7,27,9.216000000000001,9.557333333333334,1,1,1,147456,152917,5461,276,287,10,inferred_uniform_text_timing,ffmpeg_audio_sample_rate,video_frame_index_and_fps
'-t217m2on-s_7,'-t217m2on-s,7,28,9.557333333333334,9.898666666666667,1,1,1,152917,158378,5461,286,297,10,inferred_uniform_text_timing,ffmpeg_audio_sample_rate,video_frame_index_and_fps
'-t217m2on-s_7,'-t217m2on-s,7,29,9.898666666666667,10.24,1,1,1,158378,163840,5462,296,308,11,inferred_uniform_text_timing,ffmpeg_audio_sample_rate,video_frame_index_and_fps
'-t217m2on-s_7,'-t217m2on-s,7,30,10.24,10.581333333333331,1,1,1,163840,169301,5461,307,318,10,inferred_uniform_text_timing,ffmpeg_audio_sample_rate,video_frame_index_and_fps
'-t217m2on-s_7,'-t217m2on-s,7,31,10.581333333333331,10.922666666666666,1,1,1,169301,174762,5461,317,328,10,inferred_uniform_text_timing,ffmpeg_audio_sample_rate,video_frame_index_and_fps
'-t217m2on-s_7,'-t217m2on-s,7,32,10.922666666666666,11.264000000000001,1,1,1,174762,180224,5462,327,338,10,inferred_uniform_text_timing,ffmpeg_audio_sample_rate,video_frame_index_and_fps
'-t217m2on-s_7,'-t217m2on-s,7,33,11.264000000000001,11.605333333333332,1,1,1,180224,185685,5461,337,349,11,inferred_uniform_text_timing,ffmpeg_audio_sample_rate,video_frame_index_and_fps
'-t217m2on-s_7,'-t217m2on-s,7,34,11.605333333333332,11.946666666666667,1,1,1,185685,191146,5461,348,359,10,inferred_uniform_text_timing,ffmpeg_audio_sample_rate,video_frame_index_and_fps
'-t217m2on-s_7,'-t217m2on-s,7,35,11.946666666666667,12.288,1,1,1,191146,196608,5462,358,369,10,inferred_uniform_text_timing,ffmpeg_audio_sample_rate,video_frame_index_and_fps
'-t217m2on-s_7,'-t217m2on-s,7,36,12.288,12.629333333333333,1,1,1,196608,202069,5461,368,379,10,inferred_uniform_text_timing,ffmpeg_audio_sample_rate,video_frame_index_and_fps
'-t217m2on-s_7,'-t217m2on-s,7,37,12.629333333333333,12.970666666666666,0,1,1,202069,207530,5461,378,390,11,inferred_uniform_text_timing,ffmpeg_audio_sample_rate,video_frame_index_and_fps
'-t217m2on-s_7,'-t217m2on-s,7,38,12.970666666666666,13.312000000000001,1,1,1,207530,212992,5462,389,400,10,inferred_uniform_text_timing,ffmpeg_audio_sample_rate,video_frame_index_and_fps
'-t217m2on-s_7,'-t217m2on-s,7,39,13.312000000000001,13.653333333333332,1,1,1,212992,218453,5461,399,410,10,inferred_uniform_text_timing,ffmpeg_audio_sample_rate,video_frame_index_and_fps
'-t217m2on-s_7,'-t217m2on-s,7,40,13.653333333333332,13.994666666666667,1,1,1,218453,223914,5461,409,420,10,inferred_uniform_text_timing,ffmpeg_audio_sample_rate,video_frame_index_and_fps
'-t217m2on-s_7,'-t217m2on-s,7,41,13.994666666666667,14.335999999999999,1,1,1,223914,229375,5461,419,431,11,inferred_uniform_text_timing,ffmpeg_audio_sample_rate,video_frame_index_and_fps
'-t217m2on-s_7,'-t217m2on-s,7,42,14.335999999999999,14.677333333333333,1,1,1,229375,234837,5462,430,441,10,inferred_uniform_text_timing,ffmpeg_audio_sample_rate,video_frame_index_and_fps
'-t217m2on-s_7,'-t217m2on-s,7,43,14.677333333333333,15.018666666666666,1,1,1,234837,240298,5461,440,451,10,inferred_uniform_text_timing,ffmpeg_audio_sample_rate,video_frame_index_and_fps
'-t217m2on-s_7,'-t217m2on-s,7,44,15.018666666666666,15.36,1,1,1,240298,245760,5462,450,461,10,inferred_uniform_text_timing,ffmpeg_audio_sample_rate,video_frame_index_and_fps
'-t217m2on-s_7,'-t217m2on-s,7,45,15.36,15.701333333333332,1,1,1,245760,251221,5461,460,472,11,inferred_uniform_text_timing,ffmpeg_audio_sample_rate,video_frame_index_and_fps
'-t217m2on-s_7,'-t217m2on-s,7,46,15.701333333333332,16.042666666666666,1,1,1,251221,256682,5461,471,482,10,inferred_uniform_text_timing,ffmpeg_audio_sample_rate,video_frame_index_and_fps
'-t217m2on-s_7,'-t217m2on-s,7,47,16.042666666666666,16.384,1,1,1,256682,262144,5462,481,492,10,inferred_uniform_text_timing,ffmpeg_audio_sample_rate,video_frame_index_and_fps
'-t217m2on-s_7,'-t217m2on-s,7,48,16.384,16.72533333333333,1,1,1,262144,267605,5461,491,502,10,inferred_uniform_text_timing,ffmpeg_audio_sample_rate,video_frame_index_and_fps
'-t217m2on-s_7,'-t217m2on-s,7,49,16.72533333333333,17.066666666666666,1,1,1,267605,273066,4817,501,512,10,inferred_uniform_text_timing,ffmpeg_audio_sample_rate,video_frame_index_and_fps
'-tANM6ETl_M_3,'-tANM6ETl_M,3,0,0.0,0.13333333333333333,0,1,1,0,2133,2133,0,4,4,inferred_uniform_text_timing,ffmpeg_audio_sample_rate,video_frame_index_and_fps
'-tANM6ETl_M_3,'-tANM6ETl_M,3,1,0.13333333333333333,0.26666666666666666,1,1,1,2133,4266,2133,4,8,4,inferred_uniform_text_timing,ffmpeg_audio_sample_rate,video_frame_index_and_fps
'-tANM6ETl_M_3,'-tANM6ETl_M,3,2,0.26666666666666666,0.4,0,1,1,4266,6400,2134,8,12,4,inferred_uniform_text_timing,ffmpeg_audio_sample_rate,video_frame_index_and_fps
'-tANM6ETl_M_3,'-tANM6ETl_M,3,3,0.4,0.5333333333333333,1,1,1,6400,8533,2133,12,16,4,inferred_uniform_text_timing,ffmpeg_audio_sample_rate,video_frame_index_and_fps
'-tANM6ETl_M_3,'-tANM6ETl_M,3,4,0.5333333333333333,0.6666666666666667,0,1,1,8533,10666,2133,16,21,4,inferred_uniform_text_timing,ffmpeg_audio_sample_rate,video_frame_index_and_fps
'-tANM6ETl_M_3,'-tANM6ETl_M,3,5,0.6666666666666667,0.8,1,1,1,10666,12800,2134,20,24,4,inferred_uniform_text_timing,ffmpeg_audio_sample_rate,video_frame_index_and_fps
'-tANM6ETl_M_3,'-tANM6ETl_M,3,6,0.8,0.9333333333333335,1,1,1,12800,14933,2133,24,29,4,inferred_uniform_text_timing,ffmpeg_audio_sample_rate,video_frame_index_and_fps
'-tANM6ETl_M_3,'-tANM6ETl_M,3,7,0.9333333333333335,1.0666666666666667,0,1,1,14933,17066,2133,28,32,4,inferred_uniform_text_timing,ffmpeg_audio_sample_rate,video_frame_index_and_fps
'-tANM6ETl_M_3,'-tANM6ETl_M,3,8,1.0666666666666667,1.2,0,1,1,17066,19200,2134,32,36,4,inferred_uniform_text_timing,ffmpeg_audio_sample_rate,video_frame_index_and_fps
'-tANM6ETl_M_3,'-tANM6ETl_M,3,9,1.2,1.3333333333333335,1,1,1,19200,21333,2133,36,41,4,inferred_uniform_text_timing,ffmpeg_audio_sample_rate,video_frame_index_and_fps
'-tANM6ETl_M_3,'-tANM6ETl_M,3,10,1.3333333333333335,1.4666666666666668,0,1,1,21333,23466,2133,40,44,4,inferred_uniform_text_timing,ffmpeg_audio_sample_rate,video_frame_index_and_fps
'-tANM6ETl_M_3,'-tANM6ETl_M,3,11,1.4666666666666668,1.6,1,1,1,23466,25600,2134,44,48,4,inferred_uniform_text_timing,ffmpeg_audio_sample_rate,video_frame_index_and_fps
'-tANM6ETl_M_3,'-tANM6ETl_M,3,12,1.6,1.7333333333333334,0,1,1,25600,27733,2133,48,52,4,inferred_uniform_text_timing,ffmpeg_audio_sample_rate,video_frame_index_and_fps
'-tANM6ETl_M_3,'-tANM6ETl_M,3,13,1.7333333333333334,1.866666666666667,1,1,1,27733,29866,2133,52,57,4,inferred_uniform_text_timing,ffmpeg_audio_sample_rate,video_frame_index_and_fps
'-tANM6ETl_M_3,'-tANM6ETl_M,3,14,1.866666666666667,2.0,0,1,1,29866,32000,2134,56,60,4,inferred_uniform_text_timing,ffmpeg_audio_sample_rate,video_frame_index_and_fps
'-tANM6ETl_M_3,'-tANM6ETl_M,3,15,2.0,2.1333333333333333,1,1,1,32000,34133,2133,60,64,4,inferred_uniform_text_timing,ffmpeg_audio_sample_rate,video_frame_index_and_fps
'-tANM6ETl_M_3,'-tANM6ETl_M,3,16,2.1333333333333333,2.266666666666667,0,1,1,34133,36266,2133,64,69,4,inferred_uniform_text_timing,ffmpeg_audio_sample_rate,video_frame_index_and_fps
'-tANM6ETl_M_3,'-tANM6ETl_M,3,17,2.266666666666667,2.4,1,1,1,36266,38400,2134,68,72,4,inferred_uniform_text_timing,ffmpeg_audio_sample_rate,video_frame_index_and_fps
'-tANM6ETl_M_3,'-tANM6ETl_M,3,18,2.4,2.533333333333333,1,1,1,38400,40533,2133,72,76,4,inferred_uniform_text_timing,ffmpeg_audio_sample_rate,video_frame_index_and_fps
'-tANM6ETl_M_3,'-tANM6ETl_M,3,19,2.533333333333333,2.666666666666667,0,1,1,40533,42666,2133,76,81,4,inferred_uniform_text_timing,ffmpeg_audio_sample_rate,video_frame_index_and_fps
'-tANM6ETl_M_3,'-tANM6ETl_M,3,20,2.666666666666667,2.8,0,1,1,42666,44800,2134,80,84,4,inferred_uniform_text_timing,ffmpeg_audio_sample_rate,video_frame_index_and_fps
'-tANM6ETl_M_3,'-tANM6ETl_M,3,21,2.8,2.9333333333333336,1,1,1,44800,46933,2133,84,88,4,inferred_uniform_text_timing,ffmpeg_audio_sample_rate,video_frame_index_and_fps
'-tANM6ETl_M_3,'-tANM6ETl_M,3,22,2.9333333333333336,3.066666666666667,0,1,1,46933,49066,2133,88,92,4,inferred_uniform_text_timing,ffmpeg_audio_sample_rate,video_frame_index_and_fps
'-tANM6ETl_M_3,'-tANM6ETl_M,3,23,3.066666666666667,3.2,1,1,1,49066,51200,2134,92,96,4,inferred_uniform_text_timing,ffmpeg_audio_sample_rate,video_frame_index_and_fps
'-tANM6ETl_M_3,'-tANM6ETl_M,3,24,3.2,3.333333333333334,0,1,1,51200,53333,2133,96,101,4,inferred_uniform_text_timing,ffmpeg_audio_sample_rate,video_frame_index_and_fps
'-tANM6ETl_M_3,'-tANM6ETl_M,3,25,3.333333333333334,3.466666666666667,1,1,1,53333,55466,2133,100,104,4,inferred_uniform_text_timing,ffmpeg_audio_sample_rate,video_frame_index_and_fps
'-tANM6ETl_M_3,'-tANM6ETl_M,3,26,3.466666666666667,3.6,0,1,1,55466,57600,2134,104,108,4,inferred_uniform_text_timing,ffmpeg_audio_sample_rate,video_frame_index_and_fps
'-tANM6ETl_M_3,'-tANM6ETl_M,3,27,3.6,3.733333333333334,1,1,1,57600,59733,2133,108,113,4,inferred_uniform_text_timing,ffmpeg_audio_sample_rate,video_frame_index_and_fps
'-tANM6ETl_M_3,'-tANM6ETl_M,3,28,3.733333333333334,3.8666666666666667,0,1,1,59733,61866,2133,112,116,5,inferred_uniform_text_timing,ffmpeg_audio_sample_rate,video_frame_index_and_fps
'-tANM6ETl_M_3,'-tANM6ETl_M,3,29,3.8666666666666667,4.0,1,1,1,61866,64000,2134,116,120,3,inferred_uniform_text_timing,ffmpeg_audio_sample_rate,video_frame_index_and_fps
'-tANM6ETl_M_3,'-tANM6ETl_M,3,30,4.0,4.133333333333334,1,1,1,64000,66133,2133,120,125,4,inferred_uniform_text_timing,ffmpeg_audio_sample_rate,video_frame_index_and_fps
'-tANM6ETl_M_3,'-tANM6ETl_M,3,31,4.133333333333334,4.266666666666667,0,1,1,66133,68266,2133,124,128,4,inferred_uniform_text_timing,ffmpeg_audio_sample_rate,video_frame_index_and_fps
'-tANM6ETl_M_3,'-tANM6ETl_M,3,32,4.266666666666667,4.4,0,1,1,68266,70400,2134,128,132,4,inferred_uniform_text_timing,ffmpeg_audio_sample_rate,video_frame_index_and_fps
'-tANM6ETl_M_3,'-tANM6ETl_M,3,33,4.4,4.533333333333334,1,1,1,70400,72533,2133,132,137,4,inferred_uniform_text_timing,ffmpeg_audio_sample_rate,video_frame_index_and_fps
'-tANM6ETl_M_3,'-tANM6ETl_M,3,34,4.533333333333334,4.666666666666667,0,1,1,72533,74666,2133,136,140,4,inferred_uniform_text_timing,ffmpeg_audio_sample_rate,video_frame_index_and_fps
'-tANM6ETl_M_3,'-tANM6ETl_M,3,35,4.666666666666667,4.8,1,1,1,74666,76800,2134,140,144,4,inferred_uniform_text_timing,ffmpeg_audio_sample_rate,video_frame_index_and_fps
'-tANM6ETl_M_3,'-tANM6ETl_M,3,36,4.8,4.933333333333334,0,1,1,76800,78933,2133,144,148,4,inferred_uniform_text_timing,ffmpeg_audio_sample_rate,video_frame_index_and_fps
'-tANM6ETl_M_3,'-tANM6ETl_M,3,37,4.933333333333334,5.066666666666666,1,1,1,78933,81066,2133,148,152,4,inferred_uniform_text_timing,ffmpeg_audio_sample_rate,video_frame_index_and_fps
'-tANM6ETl_M_3,'-tANM6ETl_M,3,38,5.066666666666666,5.2,0,1,1,81066,83200,2134,152,156,4,inferred_uniform_text_timing,ffmpeg_audio_sample_rate,video_frame_index_and_fps
'-tANM6ETl_M_3,'-tANM6ETl_M,3,39,5.2,5.333333333333334,1,1,1,83200,85333,2133,156,161,4,inferred_uniform_text_timing,ffmpeg_audio_sample_rate,video_frame_index_and_fps
'-tANM6ETl_M_3,'-tANM6ETl_M,3,40,5.333333333333334,5.466666666666668,0,1,1,85333,87466,2133,160,165,4,inferred_uniform_text_timing,ffmpeg_audio_sample_rate,video_frame_index_and_fps
'-tANM6ETl_M_3,'-tANM6ETl_M,3,41,5.466666666666668,5.6,1,1,1,87466,89600,2134,164,168,4,inferred_uniform_text_timing,ffmpeg_audio_sample_rate,video_frame_index_and_fps
'-tANM6ETl_M_3,'-tANM6ETl_M,3,42,5.6,5.733333333333333,0,1,1,89600,91733,2133,168,172,4,inferred_uniform_text_timing,ffmpeg_audio_sample_rate,video_frame_index_and_fps
'-tANM6ETl_M_3,'-tANM6ETl_M,3,43,5.733333333333333,5.866666666666667,1,1,1,91733,93866,2133,172,176,4,inferred_uniform_text_timing,ffmpeg_audio_sample_rate,video_frame_index_and_fps
'-tANM6ETl_M_3,'-tANM6ETl_M,3,44,5.866666666666667,6.0,1,1,1,93866,96000,2134,176,180,4,inferred_uniform_text_timing,ffmpeg_audio_sample_rate,video_frame_index_and_fps
'-tANM6ETl_M_3,'-tANM6ETl_M,3,45,6.0,6.133333333333334,0,1,1,96000,98133,2133,180,184,4,inferred_uniform_text_timing,ffmpeg_audio_sample_rate,video_frame_index_and_fps
'-tANM6ETl_M_3,'-tANM6ETl_M,3,46,6.133333333333334,6.2666666666666675,0,1,1,98133,100266,2133,184,189,4,inferred_uniform_text_timing,ffmpeg_audio_sample_rate,video_frame_index_and_fps
'-tANM6ETl_M_3,'-tANM6ETl_M,3,47,6.2666666666666675,6.4,1,1,1,100266,102400,2134,188,192,4,inferred_uniform_text_timing,ffmpeg_audio_sample_rate,video_frame_index_and_fps
'-tANM6ETl_M_3,'-tANM6ETl_M,3,48,6.4,6.533333333333334,0,1,1,102400,104533,2133,192,197,4,inferred_uniform_text_timing,ffmpeg_audio_sample_rate,video_frame_index_and_fps
'-tANM6ETl_M_3,'-tANM6ETl_M,3,49,6.533333333333334,6.666666666666668,1,1,1,104533,106666,1125,196,201,4,inferred_uniform_text_timing,ffmpeg_audio_sample_rate,video_frame_index_and_fps
'-tPCytz4rww_11,'-tPCytz4rww,11,0,0.0,0.10933333333333334,0,1,1,0,1749,1749,0,4,4,inferred_uniform_text_timing,ffmpeg_audio_sample_rate,video_frame_index_and_fps
'-tPCytz4rww_11,'-tPCytz4rww,11,1,0.10933333333333334,0.21866666666666668,1,1,1,1749,3498,1749,3,7,3,inferred_uniform_text_timing,ffmpeg_audio_sample_rate,video_frame_index_and_fps
'-tPCytz4rww_11,'-tPCytz4rww,11,2,0.21866666666666668,0.32799999999999996,0,1,1,3498,5247,1749,6,10,3,inferred_uniform_text_timing,ffmpeg_audio_sample_rate,video_frame_index_and_fps
'-tPCytz4rww_11,'-tPCytz4rww,11,3,0.32799999999999996,0.43733333333333335,1,1,1,5247,6997,1750,9,14,4,inferred_uniform_text_timing,ffmpeg_audio_sample_rate,video_frame_index_and_fps
'-tPCytz4rww_11,'-tPCytz4rww,11,4,0.43733333333333335,0.5466666666666667,0,1,1,6997,8746,1749,13,17,3,inferred_uniform_text_timing,ffmpeg_audio_sample_rate,video_frame_index_and_fps
'-tPCytz4rww_11,'-tPCytz4rww,11,5,0.5466666666666667,0.6559999999999999,0,1,1,8746,10495,1749,16,20,3,inferred_uniform_text_timing,ffmpeg_audio_sample_rate,video_frame_index_and_fps
'-tPCytz4rww_11,'-tPCytz4rww,11,6,0.6559999999999999,0.7653333333333333,1,1,1,10495,12245,1750,19,23,3,inferred_uniform_text_timing,ffmpeg_audio_sample_rate,video_frame_index_and_fps
'-tPCytz4rww_11,'-tPCytz4rww,11,7,0.7653333333333333,0.8746666666666667,0,1,1,12245,13994,1749,22,27,4,inferred_uniform_text_timing,ffmpeg_audio_sample_rate,video_frame_index_and_fps
'-tPCytz4rww_11,'-tPCytz4rww,11,8,0.8746666666666667,0.9840000000000001,0,1,1,13994,15744,1750,26,30,3,inferred_uniform_text_timing,ffmpeg_audio_sample_rate,video_frame_index_and_fps
'-tPCytz4rww_11,'-tPCytz4rww,11,9,0.9840000000000001,1.0933333333333335,1,1,1,15744,17493,1749,29,33,3,inferred_uniform_text_timing,ffmpeg_audio_sample_rate,video_frame_index_and_fps
'-tPCytz4rww_11,'-tPCytz4rww,11,10,1.0933333333333335,1.2026666666666666,0,1,1,17493,19242,1749,32,37,4,inferred_uniform_text_timing,ffmpeg_audio_sample_rate,video_frame_index_and_fps
'-tPCytz4rww_11,'-tPCytz4rww,11,11,1.2026666666666666,1.3119999999999998,1,1,1,19242,20991,1749,36,40,3,inferred_uniform_text_timing,ffmpeg_audio_sample_rate,video_frame_index_and_fps
'-tPCytz4rww_11,'-tPCytz4rww,11,12,1.3119999999999998,1.4213333333333333,0,1,1,20991,22741,1750,39,43,3,inferred_uniform_text_timing,ffmpeg_audio_sample_rate,video_frame_index_and_fps
'-tPCytz4rww_11,'-tPCytz4rww,11,13,1.4213333333333333,1.5306666666666666,0,1,1,22741,24490,1749,42,46,3,inferred_uniform_text_timing,ffmpeg_audio_sample_rate,video_frame_index_and_fps
'-tPCytz4rww_11,'-tPCytz4rww,11,14,1.5306666666666666,1.64,1,1,1,24490,26240,1750,45,50,4,inferred_uniform_text_timing,ffmpeg_audio_sample_rate,video_frame_index_and_fps
'-tPCytz4rww_11,'-tPCytz4rww,11,15,1.64,1.7493333333333334,0,1,1,26240,27989,1749,49,53,3,inferred_uniform_text_timing,ffmpeg_audio_sample_rate,video_frame_index_and_fps
'-tPCytz4rww_11,'-tPCytz4rww,11,16,1.7493333333333334,1.8586666666666667,0,1,1,27989,29738,1749,52,56,3,inferred_uniform_text_timing,ffmpeg_audio_sample_rate,video_frame_index_and_fps
'-tPCytz4rww_11,'-tPCytz4rww,11,17,1.8586666666666667,1.9680000000000002,1,1,1,29738,31488,1750,55,60,4,inferred_uniform_text_timing,ffmpeg_audio_sample_rate,video_frame_index_and_fps
'-tPCytz4rww_11,'-tPCytz4rww,11,18,1.9680000000000002,2.0773333333333337,0,1,1,31488,33237,1749,59,63,3,inferred_uniform_text_timing,ffmpeg_audio_sample_rate,video_frame_index_and_fps
'-tPCytz4rww_11,'-tPCytz4rww,11,19,2.0773333333333337,2.186666666666667,1,1,1,33237,34986,1749,62,66,3,inferred_uniform_text_timing,ffmpeg_audio_sample_rate,video_frame_index_and_fps
'-tPCytz4rww_11,'-tPCytz4rww,11,20,2.186666666666667,2.296,0,1,1,34986,36736,1750,65,69,3,inferred_uniform_text_timing,ffmpeg_audio_sample_rate,video_frame_index_and_fps
'-tPCytz4rww_11,'-tPCytz4rww,11,21,2.296,2.405333333333333,0,1,1,36736,38485,1749,68,73,4,inferred_uniform_text_timing,ffmpeg_audio_sample_rate,video_frame_index_and_fps
'-tPCytz4rww_11,'-tPCytz4rww,11,22,2.405333333333333,2.514666666666667,1,1,1,38485,40234,1749,72,76,3,inferred_uniform_text_timing,ffmpeg_audio_sample_rate,video_frame_index_and_fps
'-tPCytz4rww_11,'-tPCytz4rww,11,23,2.514666666666667,2.6239999999999997,0,1,1,40234,41983,1749,75,79,3,inferred_uniform_text_timing,ffmpeg_audio_sample_rate,video_frame_index_and_fps
'-tPCytz4rww_11,'-tPCytz4rww,11,24,2.6239999999999997,2.733333333333333,0,1,1,41983,43733,1750,78,82,3,inferred_uniform_text_timing,ffmpeg_audio_sample_rate,video_frame_index_and_fps
'-tPCytz4rww_11,'-tPCytz4rww,11,25,2.733333333333333,2.8426666666666667,1,1,1,43733,45482,1749,81,86,4,inferred_uniform_text_timing,ffmpeg_audio_sample_rate,video_frame_index_and_fps
'-tPCytz4rww_11,'-tPCytz4rww,11,26,2.8426666666666667,2.952,0,1,1,45482,47232,1750,85,89,3,inferred_uniform_text_timing,ffmpeg_audio_sample_rate,video_frame_index_and_fps
'-tPCytz4rww_11,'-tPCytz4rww,11,27,2.952,3.0613333333333332,1,1,1,47232,48981,1749,88,92,3,inferred_uniform_text_timing,ffmpeg_audio_sample_rate,video_frame_index_and_fps
'-tPCytz4rww_11,'-tPCytz4rww,11,28,3.0613333333333332,3.1706666666666665,0,1,1,48981,50730,1749,91,96,4,inferred_uniform_text_timing,ffmpeg_audio_sample_rate,video_frame_index_and_fps
'-tPCytz4rww_11,'-tPCytz4rww,11,29,3.1706666666666665,3.28,0,1,1,50730,52480,1750,95,99,3,inferred_uniform_text_timing,ffmpeg_audio_sample_rate,video_frame_index_and_fps
'-tPCytz4rww_11,'-tPCytz4rww,11,30,3.28,3.3893333333333335,1,1,1,52480,54229,1749,98,102,3,inferred_uniform_text_timing,ffmpeg_audio_sample_rate,video_frame_index_and_fps
'-tPCytz4rww_11,'-tPCytz4rww,11,31,3.3893333333333335,3.498666666666667,0,1,1,54229,55978,1749,101,105,3,inferred_uniform_text_timing,ffmpeg_audio_sample_rate,video_frame_index_and_fps
'-tPCytz4rww_11,'-tPCytz4rww,11,32,3.498666666666667,3.608,1,1,1,55978,57728,1750,104,109,4,inferred_uniform_text_timing,ffmpeg_audio_sample_rate,video_frame_index_and_fps
'-tPCytz4rww_11,'-tPCytz4rww,11,33,3.608,3.7173333333333334,0,1,1,57728,59477,1749,108,112,3,inferred_uniform_text_timing,ffmpeg_audio_sample_rate,video_frame_index_and_fps
'-tPCytz4rww_11,'-tPCytz4rww,11,34,3.7173333333333334,3.8266666666666667,0,1,1,59477,61226,1749,111,115,3,inferred_uniform_text_timing,ffmpeg_audio_sample_rate,video_frame_index_and_fps
'-tPCytz4rww_11,'-tPCytz4rww,11,35,3.8266666666666667,3.9360000000000004,1,1,1,61226,62976,1750,114,119,4,inferred_uniform_text_timing,ffmpeg_audio_sample_rate,video_frame_index_and_fps
'-tPCytz4rww_11,'-tPCytz4rww,11,36,3.9360000000000004,4.045333333333334,0,1,1,62976,64725,1749,118,122,3,inferred_uniform_text_timing,ffmpeg_audio_sample_rate,video_frame_index_and_fps
'-tPCytz4rww_11,'-tPCytz4rww,11,37,4.045333333333334,4.154666666666667,0,1,1,64725,66474,1749,121,125,3,inferred_uniform_text_timing,ffmpeg_audio_sample_rate,video_frame_index_and_fps
'-tPCytz4rww_11,'-tPCytz4rww,11,38,4.154666666666667,4.264,1,1,1,66474,68224,1750,124,128,3,inferred_uniform_text_timing,ffmpeg_audio_sample_rate,video_frame_index_and_fps
'-tPCytz4rww_11,'-tPCytz4rww,11,39,4.264,4.373333333333334,0,1,1,68224,69973,1749,127,132,4,inferred_uniform_text_timing,ffmpeg_audio_sample_rate,video_frame_index_and_fps
'-tPCytz4rww_11,'-tPCytz4rww,11,40,4.373333333333334,4.482666666666667,1,1,1,69973,71722,1749,131,135,3,inferred_uniform_text_timing,ffmpeg_audio_sample_rate,video_frame_index_and_fps
'-tPCytz4rww_11,'-tPCytz4rww,11,41,4.482666666666667,4.592,0,1,1,71722,73472,1750,134,138,3,inferred_uniform_text_timing,ffmpeg_audio_sample_rate,video_frame_index_and_fps
'-tPCytz4rww_11,'-tPCytz4rww,11,42,4.592,4.701333333333333,0,1,1,73472,75221,1749,137,142,4,inferred_uniform_text_timing,ffmpeg_audio_sample_rate,video_frame_index_and_fps
'-tPCytz4rww_11,'-tPCytz4rww,11,43,4.701333333333333,4.810666666666666,1,1,1,75221,76970,1749,141,145,3,inferred_uniform_text_timing,ffmpeg_audio_sample_rate,video_frame_index_and_fps
'-tPCytz4rww_11,'-tPCytz4rww,11,44,4.810666666666666,4.92,0,1,1,76970,78720,1750,144,148,3,inferred_uniform_text_timing,ffmpeg_audio_sample_rate,video_frame_index_and_fps
'-tPCytz4rww_11,'-tPCytz4rww,11,45,4.92,5.029333333333334,0,1,1,78720,80469,1749,147,151,3,inferred_uniform_text_timing,ffmpeg_audio_sample_rate,video_frame_index_and_fps
'-tPCytz4rww_11,'-tPCytz4rww,11,46,5.029333333333334,5.1386666666666665,1,1,1,80469,82218,1749,150,155,4,inferred_uniform_text_timing,ffmpeg_audio_sample_rate,video_frame_index_and_fps
'-tPCytz4rww_11,'-tPCytz4rww,11,47,5.1386666666666665,5.247999999999999,0,1,1,82218,83967,1749,154,158,3,inferred_uniform_text_timing,ffmpeg_audio_sample_rate,video_frame_index_and_fps
'-tPCytz4rww_11,'-tPCytz4rww,11,48,5.247999999999999,5.357333333333333,1,1,1,83967,85717,1750,157,161,3,inferred_uniform_text_timing,ffmpeg_audio_sample_rate,video_frame_index_and_fps
'-tPCytz4rww_11,'-tPCytz4rww,11,49,5.357333333333333,5.466666666666666,0,1,1,85717,87466,340,160,164,3,inferred_uniform_text_timing,ffmpeg_audio_sample_rate,video_frame_index_and_fps
'-tPCytz4rww_10,'-tPCytz4rww,10,0,0.0,0.09466666666666666,0,1,1,0,1514,1514,0,3,3,inferred_uniform_text_timing,ffmpeg_audio_sample_rate,video_frame_index_and_fps
'-tPCytz4rww_10,'-tPCytz4rww,10,1,0.09466666666666666,0.18933333333333333,1,1,1,1514,3029,1515,2,6,3,inferred_uniform_text_timing,ffmpeg_audio_sample_rate,video_frame_index_and_fps
'-tPCytz4rww_10,'-tPCytz4rww,10,2,0.18933333333333333,0.284,0,1,1,3029,4544,1515,5,9,3,inferred_uniform_text_timing,ffmpeg_audio_sample_rate,video_frame_index_and_fps
'-tPCytz4rww_10,'-tPCytz4rww,10,3,0.284,0.37866666666666665,0,1,1,4544,6058,1514,8,12,3,inferred_uniform_text_timing,ffmpeg_audio_sample_rate,video_frame_index_and_fps
'-tPCytz4rww_10,'-tPCytz4rww,10,4,0.37866666666666665,0.4733333333333334,0,1,1,6058,7573,1515,11,15,3,inferred_uniform_text_timing,ffmpeg_audio_sample_rate,video_frame_index_and_fps
'-tPCytz4rww_10,'-tPCytz4rww,10,5,0.4733333333333334,0.568,1,1,1,7573,9088,1515,14,18,3,inferred_uniform_text_timing,ffmpeg_audio_sample_rate,video_frame_index_and_fps
'-tPCytz4rww_10,'-tPCytz4rww,10,6,0.568,0.6626666666666666,0,1,1,9088,10602,1514,17,20,2,inferred_uniform_text_timing,ffmpeg_audio_sample_rate,video_frame_index_and_fps
'-tPCytz4rww_10,'-tPCytz4rww,10,7,0.6626666666666666,0.7573333333333333,0,1,1,10602,12117,1515,19,23,3,inferred_uniform_text_timing,ffmpeg_audio_sample_rate,video_frame_index_and_fps
'-tPCytz4rww_10,'-tPCytz4rww,10,8,0.7573333333333333,0.852,0,1,1,12117,13632,1515,22,26,3,inferred_uniform_text_timing,ffmpeg_audio_sample_rate,video_frame_index_and_fps
'-tPCytz4rww_10,'-tPCytz4rww,10,9,0.852,0.9466666666666668,1,1,1,13632,15146,1514,25,29,3,inferred_uniform_text_timing,ffmpeg_audio_sample_rate,video_frame_index_and_fps
'-tPCytz4rww_10,'-tPCytz4rww,10,10,0.9466666666666668,1.0413333333333334,0,1,1,15146,16661,1515,28,32,3,inferred_uniform_text_timing,ffmpeg_audio_sample_rate,video_frame_index_and_fps
'-tPCytz4rww_10,'-tPCytz4rww,10,11,1.0413333333333334,1.136,0,1,1,16661,18176,1515,31,35,3,inferred_uniform_text_timing,ffmpeg_audio_sample_rate,video_frame_index_and_fps
'-tPCytz4rww_10,'-tPCytz4rww,10,12,1.136,1.2306666666666666,0,1,1,18176,19690,1514,34,37,2,inferred_uniform_text_timing,ffmpeg_audio_sample_rate,video_frame_index_and_fps
'-tPCytz4rww_10,'-tPCytz4rww,10,13,1.2306666666666666,1.3253333333333333,1,1,1,19690,21205,1515,36,40,3,inferred_uniform_text_timing,ffmpeg_audio_sample_rate,video_frame_index_and_fps
'-tPCytz4rww_10,'-tPCytz4rww,10,14,1.3253333333333333,1.42,0,1,1,21205,22720,1515,39,43,3,inferred_uniform_text_timing,ffmpeg_audio_sample_rate,video_frame_index_and_fps
'-tPCytz4rww_10,'-tPCytz4rww,10,15,1.42,1.5146666666666666,0,1,1,22720,24234,1514,42,46,3,inferred_uniform_text_timing,ffmpeg_audio_sample_rate,video_frame_index_and_fps
'-tPCytz4rww_10,'-tPCytz4rww,10,16,1.5146666666666666,1.6093333333333333,0,1,1,24234,25749,1515,45,49,3,inferred_uniform_text_timing,ffmpeg_audio_sample_rate,video_frame_index_and_fps
'-tPCytz4rww_10,'-tPCytz4rww,10,17,1.6093333333333333,1.704,1,1,1,25749,27264,1515,48,52,3,inferred_uniform_text_timing,ffmpeg_audio_sample_rate,video_frame_index_and_fps
'-tPCytz4rww_10,'-tPCytz4rww,10,18,1.704,1.7986666666666666,0,1,1,27264,28778,1514,51,54,2,inferred_uniform_text_timing,ffmpeg_audio_sample_rate,video_frame_index_and_fps
'-tPCytz4rww_10,'-tPCytz4rww,10,19,1.7986666666666666,1.8933333333333335,0,1,1,28778,30293,1515,53,57,3,inferred_uniform_text_timing,ffmpeg_audio_sample_rate,video_frame_index_and_fps
'-tPCytz4rww_10,'-tPCytz4rww,10,20,1.8933333333333335,1.9880000000000002,0,1,1,30293,31808,1515,56,60,3,inferred_uniform_text_timing,ffmpeg_audio_sample_rate,video_frame_index_and_fps
'-tPCytz4rww_10,'-tPCytz4rww,10,21,1.9880000000000002,2.082666666666667,1,1,1,31808,33322,1514,59,63,3,inferred_uniform_text_timing,ffmpeg_audio_sample_rate,video_frame_index_and_fps
'-tPCytz4rww_10,'-tPCytz4rww,10,22,2.082666666666667,2.1773333333333333,0,1,1,33322,34837,1515,62,66,3,inferred_uniform_text_timing,ffmpeg_audio_sample_rate,video_frame_index_and_fps
'-tPCytz4rww_10,'-tPCytz4rww,10,23,2.1773333333333333,2.272,0,1,1,34837,36352,1515,65,69,3,inferred_uniform_text_timing,ffmpeg_audio_sample_rate,video_frame_index_and_fps
'-tPCytz4rww_10,'-tPCytz4rww,10,24,2.272,2.3666666666666667,1,1,1,36352,37866,1514,68,71,2,inferred_uniform_text_timing,ffmpeg_audio_sample_rate,video_frame_index_and_fps
'-tPCytz4rww_10,'-tPCytz4rww,10,25,2.3666666666666667,2.461333333333333,0,1,1,37866,39381,1515,71,74,3,inferred_uniform_text_timing,ffmpeg_audio_sample_rate,video_frame_index_and_fps
'-tPCytz4rww_10,'-tPCytz4rww,10,26,2.461333333333333,2.556,0,1,1,39381,40896,1515,73,77,3,inferred_uniform_text_timing,ffmpeg_audio_sample_rate,video_frame_index_and_fps
'-tPCytz4rww_10,'-tPCytz4rww,10,27,2.556,2.6506666666666665,0,1,1,40896,42410,1514,76,80,3,inferred_uniform_text_timing,ffmpeg_audio_sample_rate,video_frame_index_and_fps
'-tPCytz4rww_10,'-tPCytz4rww,10,28,2.6506666666666665,2.7453333333333334,1,1,1,42410,43925,1515,79,83,3,inferred_uniform_text_timing,ffmpeg_audio_sample_rate,video_frame_index_and_fps
'-tPCytz4rww_10,'-tPCytz4rww,10,29,2.7453333333333334,2.84,0,1,1,43925,45440,1515,82,86,3,inferred_uniform_text_timing,ffmpeg_audio_sample_rate,video_frame_index_and_fps
'-tPCytz4rww_10,'-tPCytz4rww,10,30,2.84,2.9346666666666668,0,1,1,45440,46954,1514,85,89,3,inferred_uniform_text_timing,ffmpeg_audio_sample_rate,video_frame_index_and_fps
'-tPCytz4rww_10,'-tPCytz4rww,10,31,2.9346666666666668,3.029333333333333,0,1,1,46954,48469,1515,88,91,2,inferred_uniform_text_timing,ffmpeg_audio_sample_rate,video_frame_index_and_fps
'-tPCytz4rww_10,'-tPCytz4rww,10,32,3.029333333333333,3.1239999999999997,1,1,1,48469,49983,1514,90,94,3,inferred_uniform_text_timing,ffmpeg_audio_sample_rate,video_frame_index_and_fps
'-tPCytz4rww_10,'-tPCytz4rww,10,33,3.1239999999999997,3.2186666666666666,0,1,1,49983,51498,1515,93,97,3,inferred_uniform_text_timing,ffmpeg_audio_sample_rate,video_frame_index_and_fps
'-tPCytz4rww_10,'-tPCytz4rww,10,34,3.2186666666666666,3.313333333333333,0,1,1,51498,53013,1515,96,100,3,inferred_uniform_text_timing,ffmpeg_audio_sample_rate,video_frame_index_and_fps
'-tPCytz4rww_10,'-tPCytz4rww,10,35,3.313333333333333,3.408,0,1,1,53013,54528,1515,99,103,3,inferred_uniform_text_timing,ffmpeg_audio_sample_rate,video_frame_index_and_fps
'-tPCytz4rww_10,'-tPCytz4rww,10,36,3.408,3.5026666666666664,1,1,1,54528,56042,1514,102,106,3,inferred_uniform_text_timing,ffmpeg_audio_sample_rate,video_frame_index_and_fps
'-tPCytz4rww_10,'-tPCytz4rww,10,37,3.5026666666666664,3.5973333333333333,0,1,1,56042,57557,1515,105,108,2,inferred_uniform_text_timing,ffmpeg_audio_sample_rate,video_frame_index_and_fps
'-tPCytz4rww_10,'-tPCytz4rww,10,38,3.5973333333333333,3.6919999999999997,0,1,1,57557,59071,1514,107,111,3,inferred_uniform_text_timing,ffmpeg_audio_sample_rate,video_frame_index_and_fps
'-tPCytz4rww_10,'-tPCytz4rww,10,39,3.6919999999999997,3.786666666666667,0,1,1,59071,60586,1515,110,114,3,inferred_uniform_text_timing,ffmpeg_audio_sample_rate,video_frame_index_and_fps
'-tPCytz4rww_10,'-tPCytz4rww,10,40,3.786666666666667,3.881333333333333,1,1,1,60586,62101,1515,113,117,3,inferred_uniform_text_timing,ffmpeg_audio_sample_rate,video_frame_index_and_fps
'-tPCytz4rww_10,'-tPCytz4rww,10,41,3.881333333333333,3.9760000000000004,0,1,1,62101,63616,1515,116,120,3,inferred_uniform_text_timing,ffmpeg_audio_sample_rate,video_frame_index_and_fps
'-tPCytz4rww_10,'-tPCytz4rww,10,42,3.9760000000000004,4.070666666666667,0,1,1,63616,65130,1514,119,123,3,inferred_uniform_text_timing,ffmpeg_audio_sample_rate,video_frame_index_and_fps
'-tPCytz4rww_10,'-tPCytz4rww,10,43,4.070666666666667,4.165333333333334,0,1,1,65130,66645,1515,122,125,2,inferred_uniform_text_timing,ffmpeg_audio_sample_rate,video_frame_index_and_fps
'-tPCytz4rww_10,'-tPCytz4rww,10,44,4.165333333333334,4.26,1,1,1,66645,68160,1515,124,128,3,inferred_uniform_text_timing,ffmpeg_audio_sample_rate,video_frame_index_and_fps
'-tPCytz4rww_10,'-tPCytz4rww,10,45,4.26,4.354666666666667,0,1,1,68160,69674,1514,127,131,3,inferred_uniform_text_timing,ffmpeg_audio_sample_rate,video_frame_index_and_fps
'-tPCytz4rww_10,'-tPCytz4rww,10,46,4.354666666666667,4.449333333333334,0,1,1,69674,71189,1515,130,134,3,inferred_uniform_text_timing,ffmpeg_audio_sample_rate,video_frame_index_and_fps
'-tPCytz4rww_10,'-tPCytz4rww,10,47,4.449333333333334,4.544,0,1,1,71189,72704,1515,133,137,3,inferred_uniform_text_timing,ffmpeg_audio_sample_rate,video_frame_index_and_fps
'-tPCytz4rww_10,'-tPCytz4rww,10,48,4.544,4.6386666666666665,1,1,1,72704,74218,1514,136,140,3,inferred_uniform_text_timing,ffmpeg_audio_sample_rate,video_frame_index_and_fps
'-tPCytz4rww_10,'-tPCytz4rww,10,49,4.6386666666666665,4.733333333333333,0,1,1,74218,75733,643,139,142,2,inferred_uniform_text_timing,ffmpeg_audio_sample_rate,video_frame_index_and_fps
'-tPCytz4rww_12,'-tPCytz4rww,12,0,0.0,0.23533333333333334,1,1,1,0,3765,3765,0,8,8,inferred_uniform_text_timing,ffmpeg_audio_sample_rate,video_frame_index_and_fps
'-tPCytz4rww_12,'-tPCytz4rww,12,1,0.23533333333333334,0.4706666666666667,0,1,1,3765,7530,3765,7,15,7,inferred_uniform_text_timing,ffmpeg_audio_sample_rate,video_frame_index_and_fps
'-tPCytz4rww_12,'-tPCytz4rww,12,2,0.4706666666666667,0.7060000000000001,1,1,1,7530,11296,3766,14,22,7,inferred_uniform_text_timing,ffmpeg_audio_sample_rate,video_frame_index_and_fps
'-tPCytz4rww_12,'-tPCytz4rww,12,3,0.7060000000000001,0.9413333333333334,0,1,1,11296,15061,3765,21,29,7,inferred_uniform_text_timing,ffmpeg_audio_sample_rate,video_frame_index_and_fps
'-tPCytz4rww_12,'-tPCytz4rww,12,4,0.9413333333333334,1.1766666666666667,1,1,1,15061,18826,3765,28,36,7,inferred_uniform_text_timing,ffmpeg_audio_sample_rate,video_frame_index_and_fps
'-tPCytz4rww_12,'-tPCytz4rww,12,5,1.1766666666666667,1.4120000000000001,0,1,1,18826,22592,3766,35,43,7,inferred_uniform_text_timing,ffmpeg_audio_sample_rate,video_frame_index_and_fps
'-tPCytz4rww_12,'-tPCytz4rww,12,6,1.4120000000000001,1.6473333333333335,1,1,1,22592,26357,3765,42,50,7,inferred_uniform_text_timing,ffmpeg_audio_sample_rate,video_frame_index_and_fps
'-tPCytz4rww_12,'-tPCytz4rww,12,7,1.6473333333333335,1.8826666666666667,0,1,1,26357,30122,3765,49,57,7,inferred_uniform_text_timing,ffmpeg_audio_sample_rate,video_frame_index_and_fps
'-tPCytz4rww_12,'-tPCytz4rww,12,8,1.8826666666666667,2.1180000000000003,1,1,1,30122,33888,3766,56,64,7,inferred_uniform_text_timing,ffmpeg_audio_sample_rate,video_frame_index_and_fps
'-tPCytz4rww_12,'-tPCytz4rww,12,9,2.1180000000000003,2.3533333333333335,1,1,1,33888,37653,3765,63,71,7,inferred_uniform_text_timing,ffmpeg_audio_sample_rate,video_frame_index_and_fps
'-tPCytz4rww_12,'-tPCytz4rww,12,10,2.3533333333333335,2.5886666666666667,0,1,1,37653,41418,3765,70,78,7,inferred_uniform_text_timing,ffmpeg_audio_sample_rate,video_frame_index_and_fps
'-tPCytz4rww_12,'-tPCytz4rww,12,11,2.5886666666666667,2.8240000000000003,1,1,1,41418,45184,3766,77,85,7,inferred_uniform_text_timing,ffmpeg_audio_sample_rate,video_frame_index_and_fps
'-tPCytz4rww_12,'-tPCytz4rww,12,12,2.8240000000000003,3.0593333333333335,0,1,1,45184,48949,3765,84,92,7,inferred_uniform_text_timing,ffmpeg_audio_sample_rate,video_frame_index_and_fps
'-tPCytz4rww_12,'-tPCytz4rww,12,13,3.0593333333333335,3.294666666666667,1,1,1,48949,52714,3765,91,99,7,inferred_uniform_text_timing,ffmpeg_audio_sample_rate,video_frame_index_and_fps
'-tPCytz4rww_12,'-tPCytz4rww,12,14,3.294666666666667,3.53,0,1,1,52714,56480,3766,98,106,7,inferred_uniform_text_timing,ffmpeg_audio_sample_rate,video_frame_index_and_fps
'-tPCytz4rww_12,'-tPCytz4rww,12,15,3.53,3.7653333333333334,1,1,1,56480,60245,3765,105,113,7,inferred_uniform_text_timing,ffmpeg_audio_sample_rate,video_frame_index_and_fps
'-tPCytz4rww_12,'-tPCytz4rww,12,16,3.7653333333333334,4.0006666666666675,1,1,1,60245,64010,3765,112,121,8,inferred_uniform_text_timing,ffmpeg_audio_sample_rate,video_frame_index_and_fps
'-tPCytz4rww_12,'-tPCytz4rww,12,17,4.0006666666666675,4.236000000000001,0,1,1,64010,67776,3766,120,128,7,inferred_uniform_text_timing,ffmpeg_audio_sample_rate,video_frame_index_and_fps
'-tPCytz4rww_12,'-tPCytz4rww,12,18,4.236000000000001,4.471333333333334,1,1,1,67776,71541,3765,127,135,7,inferred_uniform_text_timing,ffmpeg_audio_sample_rate,video_frame_index_and_fps
'-tPCytz4rww_12,'-tPCytz4rww,12,19,4.471333333333334,4.706666666666667,0,1,1,71541,75306,3765,134,142,7,inferred_uniform_text_timing,ffmpeg_audio_sample_rate,video_frame_index_and_fps
'-tPCytz4rww_12,'-tPCytz4rww,12,20,4.706666666666667,4.942,1,1,1,75306,79072,3766,141,149,7,inferred_uniform_text_timing,ffmpeg_audio_sample_rate,video_frame_index_and_fps
'-tPCytz4rww_12,'-tPCytz4rww,12,21,4.942,5.177333333333333,0,1,1,79072,82837,3765,148,156,7,inferred_uniform_text_timing,ffmpeg_audio_sample_rate,video_frame_index_and_fps
'-tPCytz4rww_12,'-tPCytz4rww,12,22,5.177333333333333,5.4126666666666665,1,1,1,82837,86602,3765,155,163,7,inferred_uniform_text_timing,ffmpeg_audio_sample_rate,video_frame_index_and_fps
'-tPCytz4rww_12,'-tPCytz4rww,12,23,5.4126666666666665,5.648000000000001,0,1,1,86602,90368,3766,162,170,7,inferred_uniform_text_timing,ffmpeg_audio_sample_rate,video_frame_index_and_fps
'-tPCytz4rww_12,'-tPCytz4rww,12,24,5.648000000000001,5.883333333333334,1,1,1,90368,94133,3765,169,177,7,inferred_uniform_text_timing,ffmpeg_audio_sample_rate,video_frame_index_and_fps
'-tPCytz4rww_12,'-tPCytz4rww,12,25,5.883333333333334,6.118666666666667,1,1,1,94133,97898,3765,176,184,7,inferred_uniform_text_timing,ffmpeg_audio_sample_rate,video_frame_index_and_fps
'-tPCytz4rww_12,'-tPCytz4rww,12,26,6.118666666666667,6.354000000000001,0,1,1,97898,101664,3766,183,191,7,inferred_uniform_text_timing,ffmpeg_audio_sample_rate,video_frame_index_and_fps
'-tPCytz4rww_12,'-tPCytz4rww,12,27,6.354000000000001,6.589333333333334,1,1,1,101664,105429,3765,190,198,7,inferred_uniform_text_timing,ffmpeg_audio_sample_rate,video_frame_index_and_fps
'-tPCytz4rww_12,'-tPCytz4rww,12,28,6.589333333333334,6.824666666666667,0,1,1,105429,109194,3765,197,205,7,inferred_uniform_text_timing,ffmpeg_audio_sample_rate,video_frame_index_and_fps
'-tPCytz4rww_12,'-tPCytz4rww,12,29,6.824666666666667,7.06,1,1,1,109194,112960,3766,204,212,7,inferred_uniform_text_timing,ffmpeg_audio_sample_rate,video_frame_index_and_fps
'-tPCytz4rww_12,'-tPCytz4rww,12,30,7.06,7.295333333333335,0,1,1,112960,116725,3765,211,219,7,inferred_uniform_text_timing,ffmpeg_audio_sample_rate,video_frame_index_and_fps
'-tPCytz4rww_12,'-tPCytz4rww,12,31,7.295333333333335,7.530666666666667,1,1,1,116725,120490,3765,218,226,7,inferred_uniform_text_timing,ffmpeg_audio_sample_rate,video_frame_index_and_fps
'-tPCytz4rww_12,'-tPCytz4rww,12,32,7.530666666666667,7.766,0,1,1,120490,124256,3766,225,233,7,inferred_uniform_text_timing,ffmpeg_audio_sample_rate,video_frame_index_and_fps
'-tPCytz4rww_12,'-tPCytz4rww,12,33,7.766,8.001333333333335,1,1,1,124256,128021,3765,232,241,8,inferred_uniform_text_timing,ffmpeg_audio_sample_rate,video_frame_index_and_fps
'-tPCytz4rww_12,'-tPCytz4rww,12,34,8.001333333333335,8.236666666666668,1,1,1,128021,131786,3765,240,248,7,inferred_uniform_text_timing,ffmpeg_audio_sample_rate,video_frame_index_and_fps
'-tPCytz4rww_12,'-tPCytz4rww,12,35,8.236666666666668,8.472000000000001,0,1,1,131786,135552,3766,247,255,7,inferred_uniform_text_timing,ffmpeg_audio_sample_rate,video_frame_index_and_fps
'-tPCytz4rww_12,'-tPCytz4rww,12,36,8.472000000000001,8.707333333333333,1,1,1,135552,139317,3765,254,262,7,inferred_uniform_text_timing,ffmpeg_audio_sample_rate,video_frame_index_and_fps
'-tPCytz4rww_12,'-tPCytz4rww,12,37,8.707333333333333,8.942666666666668,0,1,1,139317,143082,3765,261,269,7,inferred_uniform_text_timing,ffmpeg_audio_sample_rate,video_frame_index_and_fps
'-tPCytz4rww_12,'-tPCytz4rww,12,38,8.942666666666668,9.178,1,1,1,143082,146848,3766,268,276,7,inferred_uniform_text_timing,ffmpeg_audio_sample_rate,video_frame_index_and_fps
'-tPCytz4rww_12,'-tPCytz4rww,12,39,9.178,9.413333333333334,0,1,1,146848,150613,3765,275,283,7,inferred_uniform_text_timing,ffmpeg_audio_sample_rate,video_frame_index_and_fps
'-tPCytz4rww_12,'-tPCytz4rww,12,40,9.413333333333334,9.648666666666667,1,1,1,150613,154378,3765,282,290,7,inferred_uniform_text_timing,ffmpeg_audio_sample_rate,video_frame_index_and_fps
'-tPCytz4rww_12,'-tPCytz4rww,12,41,9.648666666666667,9.884,1,1,1,154378,158144,3766,289,297,7,inferred_uniform_text_timing,ffmpeg_audio_sample_rate,video_frame_index_and_fps
'-tPCytz4rww_12,'-tPCytz4rww,12,42,9.884,10.119333333333334,0,1,1,158144,161909,3765,296,304,7,inferred_uniform_text_timing,ffmpeg_audio_sample_rate,video_frame_index_and_fps
'-tPCytz4rww_12,'-tPCytz4rww,12,43,10.119333333333334,10.354666666666667,1,1,1,161909,165674,3765,303,311,7,inferred_uniform_text_timing,ffmpeg_audio_sample_rate,video_frame_index_and_fps
'-tPCytz4rww_12,'-tPCytz4rww,12,44,10.354666666666667,10.59,0,1,1,165674,169440,3766,310,318,7,inferred_uniform_text_timing,ffmpeg_audio_sample_rate,video_frame_index_and_fps
'-tPCytz4rww_12,'-tPCytz4rww,12,45,10.59,10.825333333333333,1,1,1,169440,173205,3765,317,325,7,inferred_uniform_text_timing,ffmpeg_audio_sample_rate,video_frame_index_and_fps
'-tPCytz4rww_12,'-tPCytz4rww,12,46,10.825333333333333,11.060666666666668,0,1,1,173205,176970,3765,324,332,7,inferred_uniform_text_timing,ffmpeg_audio_sample_rate,video_frame_index_and_fps
'-tPCytz4rww_12,'-tPCytz4rww,12,47,11.060666666666668,11.296000000000001,1,1,1,176970,180736,3766,331,339,7,inferred_uniform_text_timing,ffmpeg_audio_sample_rate,video_frame_index_and_fps
'-tPCytz4rww_12,'-tPCytz4rww,12,48,11.296000000000001,11.531333333333334,0,1,1,180736,184501,3765,338,346,7,inferred_uniform_text_timing,ffmpeg_audio_sample_rate,video_frame_index_and_fps
'-tPCytz4rww_12,'-tPCytz4rww,12,49,11.531333333333334,11.766666666666667,1,1,1,184501,188266,3278,345,353,7,inferred_uniform_text_timing,ffmpeg_audio_sample_rate,video_frame_index_and_fps
'-tPCytz4rww_16,'-tPCytz4rww,16,0,0.0,0.14400000000000002,0,1,1,0,2304,2304,0,5,5,inferred_uniform_text_timing,ffmpeg_audio_sample_rate,video_frame_index_and_fps
'-tPCytz4rww_16,'-tPCytz4rww,16,1,0.14400000000000002,0.28800000000000003,1,1,1,2304,4608,2304,4,9,4,inferred_uniform_text_timing,ffmpeg_audio_sample_rate,video_frame_index_and_fps
'-tPCytz4rww_16,'-tPCytz4rww,16,2,0.28800000000000003,0.43200000000000005,0,1,1,4608,6912,2304,8,13,4,inferred_uniform_text_timing,ffmpeg_audio_sample_rate,video_frame_index_and_fps
'-tPCytz4rww_16,'-tPCytz4rww,16,3,0.43200000000000005,0.5760000000000001,0,1,1,6912,9216,2304,12,18,5,inferred_uniform_text_timing,ffmpeg_audio_sample_rate,video_frame_index_and_fps
'-tPCytz4rww_16,'-tPCytz4rww,16,4,0.5760000000000001,0.72,1,1,1,9216,11520,2304,17,22,4,inferred_uniform_text_timing,ffmpeg_audio_sample_rate,video_frame_index_and_fps
'-tPCytz4rww_16,'-tPCytz4rww,16,5,0.72,0.8640000000000001,0,1,1,11520,13824,2304,21,26,4,inferred_uniform_text_timing,ffmpeg_audio_sample_rate,video_frame_index_and_fps
'-tPCytz4rww_16,'-tPCytz4rww,16,6,0.8640000000000001,1.008,0,1,1,13824,16128,2304,25,31,5,inferred_uniform_text_timing,ffmpeg_audio_sample_rate,video_frame_index_and_fps
'-tPCytz4rww_16,'-tPCytz4rww,16,7,1.008,1.1520000000000001,1,1,1,16128,18432,2304,30,35,4,inferred_uniform_text_timing,ffmpeg_audio_sample_rate,video_frame_index_and_fps
'-tPCytz4rww_16,'-tPCytz4rww,16,8,1.1520000000000001,1.296,0,1,1,18432,20736,2304,34,39,4,inferred_uniform_text_timing,ffmpeg_audio_sample_rate,video_frame_index_and_fps
'-tPCytz4rww_16,'-tPCytz4rww,16,9,1.296,1.44,0,1,1,20736,23040,2304,38,44,5,inferred_uniform_text_timing,ffmpeg_audio_sample_rate,video_frame_index_and_fps
'-tPCytz4rww_16,'-tPCytz4rww,16,10,1.44,1.584,1,1,1,23040,25344,2304,43,48,4,inferred_uniform_text_timing,ffmpeg_audio_sample_rate,video_frame_index_and_fps
'-tPCytz4rww_16,'-tPCytz4rww,16,11,1.584,1.7280000000000002,0,1,1,25344,27648,2304,47,52,4,inferred_uniform_text_timing,ffmpeg_audio_sample_rate,video_frame_index_and_fps
'-tPCytz4rww_16,'-tPCytz4rww,16,12,1.7280000000000002,1.872,0,1,1,27648,29952,2304,51,57,5,inferred_uniform_text_timing,ffmpeg_audio_sample_rate,video_frame_index_and_fps
'-tPCytz4rww_16,'-tPCytz4rww,16,13,1.872,2.016,1,1,1,29952,32256,2304,56,61,4,inferred_uniform_text_timing,ffmpeg_audio_sample_rate,video_frame_index_and_fps
'-tPCytz4rww_16,'-tPCytz4rww,16,14,2.016,2.16,0,1,1,32256,34560,2304,60,65,4,inferred_uniform_text_timing,ffmpeg_audio_sample_rate,video_frame_index_and_fps
'-tPCytz4rww_16,'-tPCytz4rww,16,15,2.16,2.3040000000000003,0,1,1,34560,36864,2304,64,70,5,inferred_uniform_text_timing,ffmpeg_audio_sample_rate,video_frame_index_and_fps
'-tPCytz4rww_16,'-tPCytz4rww,16,16,2.3040000000000003,2.448,1,1,1,36864,39168,2304,69,74,4,inferred_uniform_text_timing,ffmpeg_audio_sample_rate,video_frame_index_and_fps
'-tPCytz4rww_16,'-tPCytz4rww,16,17,2.448,2.592,0,1,1,39168,41472,2304,73,78,4,inferred_uniform_text_timing,ffmpeg_audio_sample_rate,video_frame_index_and_fps
'-tPCytz4rww_16,'-tPCytz4rww,16,18,2.592,2.736,0,1,1,41472,43776,2304,77,83,5,inferred_uniform_text_timing,ffmpeg_audio_sample_rate,video_frame_index_and_fps
'-tPCytz4rww_16,'-tPCytz4rww,16,19,2.736,2.88,1,1,1,43776,46080,2304,82,87,4,inferred_uniform_text_timing,ffmpeg_audio_sample_rate,video_frame_index_and_fps
'-tPCytz4rww_16,'-tPCytz4rww,16,20,2.88,3.0240000000000005,0,1,1,46080,48384,2304,86,91,4,inferred_uniform_text_timing,ffmpeg_audio_sample_rate,video_frame_index_and_fps
'-tPCytz4rww_16,'-tPCytz4rww,16,21,3.0240000000000005,3.168,0,1,1,48384,50688,2304,90,96,5,inferred_uniform_text_timing,ffmpeg_audio_sample_rate,video_frame_index_and_fps
'-tPCytz4rww_16,'-tPCytz4rww,16,22,3.168,3.312,1,1,1,50688,52992,2304,95,100,4,inferred_uniform_text_timing,ffmpeg_audio_sample_rate,video_frame_index_and_fps
'-tPCytz4rww_16,'-tPCytz4rww,16,23,3.312,3.4560000000000004,0,1,1,52992,55296,2304,99,104,4,inferred_uniform_text_timing,ffmpeg_audio_sample_rate,video_frame_index_and_fps
'-tPCytz4rww_16,'-tPCytz4rww,16,24,3.4560000000000004,3.6,1,1,1,55296,57600,2304,103,108,4,inferred_uniform_text_timing,ffmpeg_audio_sample_rate,video_frame_index_and_fps
'-tPCytz4rww_16,'-tPCytz4rww,16,25,3.6,3.744,0,1,1,57600,59904,2304,108,113,5,inferred_uniform_text_timing,ffmpeg_audio_sample_rate,video_frame_index_and_fps
'-tPCytz4rww_16,'-tPCytz4rww,16,26,3.744,3.888,0,1,1,59904,62208,2304,112,117,4,inferred_uniform_text_timing,ffmpeg_audio_sample_rate,video_frame_index_and_fps
'-tPCytz4rww_16,'-tPCytz4rww,16,27,3.888,4.032,1,1,1,62208,64512,2304,116,121,4,inferred_uniform_text_timing,ffmpeg_audio_sample_rate,video_frame_index_and_fps
'-tPCytz4rww_16,'-tPCytz4rww,16,28,4.032,4.176,0,1,1,64512,66816,2304,120,126,5,inferred_uniform_text_timing,ffmpeg_audio_sample_rate,video_frame_index_and_fps
'-tPCytz4rww_16,'-tPCytz4rww,16,29,4.176,4.32,0,1,1,66816,69120,2304,125,130,4,inferred_uniform_text_timing,ffmpeg_audio_sample_rate,video_frame_index_and_fps
'-tPCytz4rww_16,'-tPCytz4rww,16,30,4.32,4.464,1,1,1,69120,71424,2304,129,134,4,inferred_uniform_text_timing,ffmpeg_audio_sample_rate,video_frame_index_and_fps
'-tPCytz4rww_16,'-tPCytz4rww,16,31,4.464,4.6080000000000005,0,1,1,71424,73728,2304,133,139,5,inferred_uniform_text_timing,ffmpeg_audio_sample_rate,video_frame_index_and_fps
'-tPCytz4rww_16,'-tPCytz4rww,16,32,4.6080000000000005,4.752,0,1,1,73728,76032,2304,138,143,4,inferred_uniform_text_timing,ffmpeg_audio_sample_rate,video_frame_index_and_fps
'-tPCytz4rww_16,'-tPCytz4rww,16,33,4.752,4.896,1,1,1,76032,78336,2304,142,147,4,inferred_uniform_text_timing,ffmpeg_audio_sample_rate,video_frame_index_and_fps
'-tPCytz4rww_16,'-tPCytz4rww,16,34,4.896,5.04,0,1,1,78336,80640,2304,146,152,5,inferred_uniform_text_timing,ffmpeg_audio_sample_rate,video_frame_index_and_fps
'-tPCytz4rww_16,'-tPCytz4rww,16,35,5.04,5.184,0,1,1,80640,82944,2304,151,156,4,inferred_uniform_text_timing,ffmpeg_audio_sample_rate,video_frame_index_and_fps
'-tPCytz4rww_16,'-tPCytz4rww,16,36,5.184,5.328,1,1,1,82944,85248,2304,155,160,4,inferred_uniform_text_timing,ffmpeg_audio_sample_rate,video_frame_index_and_fps
'-tPCytz4rww_16,'-tPCytz4rww,16,37,5.328,5.472,0,1,1,85248,87552,2304,159,165,5,inferred_uniform_text_timing,ffmpeg_audio_sample_rate,video_frame_index_and_fps
'-tPCytz4rww_16,'-tPCytz4rww,16,38,5.472,5.6160000000000005,0,1,1,87552,89856,2304,164,169,4,inferred_uniform_text_timing,ffmpeg_audio_sample_rate,video_frame_index_and_fps
'-tPCytz4rww_16,'-tPCytz4rww,16,39,5.6160000000000005,5.76,1,1,1,89856,92160,2304,168,173,4,inferred_uniform_text_timing,ffmpeg_audio_sample_rate,video_frame_index_and_fps
'-tPCytz4rww_16,'-tPCytz4rww,16,40,5.76,5.904,0,1,1,92160,94464,2304,172,178,5,inferred_uniform_text_timing,ffmpeg_audio_sample_rate,video_frame_index_and_fps
'-tPCytz4rww_16,'-tPCytz4rww,16,41,5.904,6.048000000000001,0,1,1,94464,96768,2304,177,182,4,inferred_uniform_text_timing,ffmpeg_audio_sample_rate,video_frame_index_and_fps
'-tPCytz4rww_16,'-tPCytz4rww,16,42,6.048000000000001,6.192,1,1,1,96768,99072,2304,181,186,4,inferred_uniform_text_timing,ffmpeg_audio_sample_rate,video_frame_index_and_fps
'-tPCytz4rww_16,'-tPCytz4rww,16,43,6.192,6.336,0,1,1,99072,101376,2304,185,191,5,inferred_uniform_text_timing,ffmpeg_audio_sample_rate,video_frame_index_and_fps
'-tPCytz4rww_16,'-tPCytz4rww,16,44,6.336,6.48,0,1,1,101376,103680,2304,190,195,4,inferred_uniform_text_timing,ffmpeg_audio_sample_rate,video_frame_index_and_fps
'-tPCytz4rww_16,'-tPCytz4rww,16,45,6.48,6.624,1,1,1,103680,105984,2304,194,199,4,inferred_uniform_text_timing,ffmpeg_audio_sample_rate,video_frame_index_and_fps
'-tPCytz4rww_16,'-tPCytz4rww,16,46,6.624,6.768000000000001,0,1,1,105984,108288,2304,198,204,5,inferred_uniform_text_timing,ffmpeg_audio_sample_rate,video_frame_index_and_fps
'-tPCytz4rww_16,'-tPCytz4rww,16,47,6.768000000000001,6.912000000000001,0,1,1,108288,110592,2304,203,208,4,inferred_uniform_text_timing,ffmpeg_audio_sample_rate,video_frame_index_and_fps
'-tPCytz4rww_16,'-tPCytz4rww,16,48,6.912000000000001,7.056,1,1,1,110592,112896,2304,207,212,4,inferred_uniform_text_timing,ffmpeg_audio_sample_rate,video_frame_index_and_fps
'-tPCytz4rww_16,'-tPCytz4rww,16,49,7.056,7.2,0,1,1,112896,115200,1331,211,216,4,inferred_uniform_text_timing,ffmpeg_audio_sample_rate,video_frame_index_and_fps
'-tPCytz4rww_18,'-tPCytz4rww,18,0,0.0,0.13266666666666668,0,1,1,0,2122,2122,0,4,4,inferred_uniform_text_timing,ffmpeg_audio_sample_rate,video_frame_index_and_fps
'-tPCytz4rww_18,'-tPCytz4rww,18,1,0.13266666666666668,0.26533333333333337,1,1,1,2122,4245,2123,3,8,4,inferred_uniform_text_timing,ffmpeg_audio_sample_rate,video_frame_index_and_fps
'-tPCytz4rww_18,'-tPCytz4rww,18,2,0.26533333333333337,0.398,0,1,1,4245,6368,2123,7,12,4,inferred_uniform_text_timing,ffmpeg_audio_sample_rate,video_frame_index_and_fps
'-tPCytz4rww_18,'-tPCytz4rww,18,3,0.398,0.5306666666666667,0,1,1,6368,8490,2122,11,16,4,inferred_uniform_text_timing,ffmpeg_audio_sample_rate,video_frame_index_and_fps
'-tPCytz4rww_18,'-tPCytz4rww,18,4,0.5306666666666667,0.6633333333333334,1,1,1,8490,10613,2123,15,20,4,inferred_uniform_text_timing,ffmpeg_audio_sample_rate,video_frame_index_and_fps
'-tPCytz4rww_18,'-tPCytz4rww,18,5,0.6633333333333334,0.796,0,1,1,10613,12736,2123,19,24,4,inferred_uniform_text_timing,ffmpeg_audio_sample_rate,video_frame_index_and_fps
'-tPCytz4rww_18,'-tPCytz4rww,18,6,0.796,0.9286666666666668,0,1,1,12736,14858,2122,23,28,4,inferred_uniform_text_timing,ffmpeg_audio_sample_rate,video_frame_index_and_fps
'-tPCytz4rww_18,'-tPCytz4rww,18,7,0.9286666666666668,1.0613333333333335,1,1,1,14858,16981,2123,27,32,4,inferred_uniform_text_timing,ffmpeg_audio_sample_rate,video_frame_index_and_fps
'-tPCytz4rww_18,'-tPCytz4rww,18,8,1.0613333333333335,1.194,0,1,1,16981,19104,2123,31,36,4,inferred_uniform_text_timing,ffmpeg_audio_sample_rate,video_frame_index_and_fps
'-tPCytz4rww_18,'-tPCytz4rww,18,9,1.194,1.3266666666666669,0,1,1,19104,21226,2122,35,40,4,inferred_uniform_text_timing,ffmpeg_audio_sample_rate,video_frame_index_and_fps
'-tPCytz4rww_18,'-tPCytz4rww,18,10,1.3266666666666669,1.4593333333333334,1,1,1,21226,23349,2123,39,44,4,inferred_uniform_text_timing,ffmpeg_audio_sample_rate,video_frame_index_and_fps
'-tPCytz4rww_18,'-tPCytz4rww,18,11,1.4593333333333334,1.592,0,1,1,23349,25472,2123,43,48,4,inferred_uniform_text_timing,ffmpeg_audio_sample_rate,video_frame_index_and_fps
'-tPCytz4rww_18,'-tPCytz4rww,18,12,1.592,1.7246666666666668,0,1,1,25472,27594,2122,47,52,4,inferred_uniform_text_timing,ffmpeg_audio_sample_rate,video_frame_index_and_fps
'-tPCytz4rww_18,'-tPCytz4rww,18,13,1.7246666666666668,1.8573333333333335,1,1,1,27594,29717,2123,51,56,4,inferred_uniform_text_timing,ffmpeg_audio_sample_rate,video_frame_index_and_fps
'-tPCytz4rww_18,'-tPCytz4rww,18,14,1.8573333333333335,1.99,0,1,1,29717,31840,2123,55,60,4,inferred_uniform_text_timing,ffmpeg_audio_sample_rate,video_frame_index_and_fps
'-tPCytz4rww_18,'-tPCytz4rww,18,15,1.99,2.122666666666667,0,1,1,31840,33962,2122,59,64,4,inferred_uniform_text_timing,ffmpeg_audio_sample_rate,video_frame_index_and_fps
'-tPCytz4rww_18,'-tPCytz4rww,18,16,2.122666666666667,2.2553333333333336,1,1,1,33962,36085,2123,63,68,4,inferred_uniform_text_timing,ffmpeg_audio_sample_rate,video_frame_index_and_fps
'-tPCytz4rww_18,'-tPCytz4rww,18,17,2.2553333333333336,2.388,0,1,1,36085,38208,2123,67,72,4,inferred_uniform_text_timing,ffmpeg_audio_sample_rate,video_frame_index_and_fps
'-tPCytz4rww_18,'-tPCytz4rww,18,18,2.388,2.520666666666667,0,1,1,38208,40330,2122,71,76,4,inferred_uniform_text_timing,ffmpeg_audio_sample_rate,video_frame_index_and_fps
'-tPCytz4rww_18,'-tPCytz4rww,18,19,2.520666666666667,2.6533333333333338,1,1,1,40330,42453,2123,75,80,4,inferred_uniform_text_timing,ffmpeg_audio_sample_rate,video_frame_index_and_fps
'-tPCytz4rww_18,'-tPCytz4rww,18,20,2.6533333333333338,2.786,0,1,1,42453,44576,2123,79,84,4,inferred_uniform_text_timing,ffmpeg_audio_sample_rate,video_frame_index_and_fps
'-tPCytz4rww_18,'-tPCytz4rww,18,21,2.786,2.9186666666666667,0,1,1,44576,46698,2122,83,88,4,inferred_uniform_text_timing,ffmpeg_audio_sample_rate,video_frame_index_and_fps
'-tPCytz4rww_18,'-tPCytz4rww,18,22,2.9186666666666667,3.0513333333333335,1,1,1,46698,48821,2123,87,92,4,inferred_uniform_text_timing,ffmpeg_audio_sample_rate,video_frame_index_and_fps
'-tPCytz4rww_18,'-tPCytz4rww,18,23,3.0513333333333335,3.184,0,1,1,48821,50944,2123,91,96,4,inferred_uniform_text_timing,ffmpeg_audio_sample_rate,video_frame_index_and_fps
'-tPCytz4rww_18,'-tPCytz4rww,18,24,3.184,3.316666666666667,1,1,1,50944,53066,2122,95,100,4,inferred_uniform_text_timing,ffmpeg_audio_sample_rate,video_frame_index_and_fps
'-tPCytz4rww_18,'-tPCytz4rww,18,25,3.316666666666667,3.4493333333333336,0,1,1,53066,55189,2123,99,104,4,inferred_uniform_text_timing,ffmpeg_audio_sample_rate,video_frame_index_and_fps
'-tPCytz4rww_18,'-tPCytz4rww,18,26,3.4493333333333336,3.5820000000000003,0,1,1,55189,57312,2123,103,108,4,inferred_uniform_text_timing,ffmpeg_audio_sample_rate,video_frame_index_and_fps
'-tPCytz4rww_18,'-tPCytz4rww,18,27,3.5820000000000003,3.714666666666667,1,1,1,57312,59434,2122,107,112,4,inferred_uniform_text_timing,ffmpeg_audio_sample_rate,video_frame_index_and_fps
'-tPCytz4rww_18,'-tPCytz4rww,18,28,3.714666666666667,3.8473333333333333,0,1,1,59434,61557,2123,111,116,4,inferred_uniform_text_timing,ffmpeg_audio_sample_rate,video_frame_index_and_fps
'-tPCytz4rww_18,'-tPCytz4rww,18,29,3.8473333333333333,3.98,0,1,1,61557,63680,2123,115,120,4,inferred_uniform_text_timing,ffmpeg_audio_sample_rate,video_frame_index_and_fps
'-tPCytz4rww_18,'-tPCytz4rww,18,30,3.98,4.112666666666667,1,1,1,63680,65802,2122,119,124,4,inferred_uniform_text_timing,ffmpeg_audio_sample_rate,video_frame_index_and_fps
'-tPCytz4rww_18,'-tPCytz4rww,18,31,4.112666666666667,4.245333333333334,0,1,1,65802,67925,2123,123,128,4,inferred_uniform_text_timing,ffmpeg_audio_sample_rate,video_frame_index_and_fps
'-tPCytz4rww_18,'-tPCytz4rww,18,32,4.245333333333334,4.378,0,1,1,67925,70048,2123,127,132,4,inferred_uniform_text_timing,ffmpeg_audio_sample_rate,video_frame_index_and_fps
'-tPCytz4rww_18,'-tPCytz4rww,18,33,4.378,4.510666666666667,1,1,1,70048,72170,2122,131,136,4,inferred_uniform_text_timing,ffmpeg_audio_sample_rate,video_frame_index_and_fps
'-tPCytz4rww_18,'-tPCytz4rww,18,34,4.510666666666667,4.6433333333333335,0,1,1,72170,74293,2123,135,140,4,inferred_uniform_text_timing,ffmpeg_audio_sample_rate,video_frame_index_and_fps
'-tPCytz4rww_18,'-tPCytz4rww,18,35,4.6433333333333335,4.776,0,1,1,74293,76416,2123,139,144,4,inferred_uniform_text_timing,ffmpeg_audio_sample_rate,video_frame_index_and_fps
'-tPCytz4rww_18,'-tPCytz4rww,18,36,4.776,4.908666666666667,1,1,1,76416,78538,2122,143,148,4,inferred_uniform_text_timing,ffmpeg_audio_sample_rate,video_frame_index_and_fps
'-tPCytz4rww_18,'-tPCytz4rww,18,37,4.908666666666667,5.041333333333334,0,1,1,78538,80661,2123,147,152,4,inferred_uniform_text_timing,ffmpeg_audio_sample_rate,video_frame_index_and_fps
'-tPCytz4rww_18,'-tPCytz4rww,18,38,5.041333333333334,5.1739999999999995,0,1,1,80661,82783,2122,151,156,4,inferred_uniform_text_timing,ffmpeg_audio_sample_rate,video_frame_index_and_fps
'-tPCytz4rww_18,'-tPCytz4rww,18,39,5.1739999999999995,5.3066666666666675,1,1,1,82783,84906,2123,155,160,4,inferred_uniform_text_timing,ffmpeg_audio_sample_rate,video_frame_index_and_fps
'-tPCytz4rww_18,'-tPCytz4rww,18,40,5.3066666666666675,5.439333333333334,0,1,1,84906,87029,2123,159,164,4,inferred_uniform_text_timing,ffmpeg_audio_sample_rate,video_frame_index_and_fps
'-tPCytz4rww_18,'-tPCytz4rww,18,41,5.439333333333334,5.572,0,1,1,87029,89152,2123,163,168,4,inferred_uniform_text_timing,ffmpeg_audio_sample_rate,video_frame_index_and_fps
'-tPCytz4rww_18,'-tPCytz4rww,18,42,5.572,5.704666666666667,1,1,1,89152,91274,2122,167,172,4,inferred_uniform_text_timing,ffmpeg_audio_sample_rate,video_frame_index_and_fps
'-tPCytz4rww_18,'-tPCytz4rww,18,43,5.704666666666667,5.8373333333333335,0,1,1,91274,93397,2123,171,176,4,inferred_uniform_text_timing,ffmpeg_audio_sample_rate,video_frame_index_and_fps
'-tPCytz4rww_18,'-tPCytz4rww,18,44,5.8373333333333335,5.97,0,1,1,93397,95520,2123,175,180,4,inferred_uniform_text_timing,ffmpeg_audio_sample_rate,video_frame_index_and_fps
'-tPCytz4rww_18,'-tPCytz4rww,18,45,5.97,6.102666666666667,1,1,1,95520,97642,2122,179,184,4,inferred_uniform_text_timing,ffmpeg_audio_sample_rate,video_frame_index_and_fps
'-tPCytz4rww_18,'-tPCytz4rww,18,46,6.102666666666667,6.235333333333334,0,1,1,97642,99765,2123,183,188,4,inferred_uniform_text_timing,ffmpeg_audio_sample_rate,video_frame_index_and_fps
'-tPCytz4rww_18,'-tPCytz4rww,18,47,6.235333333333334,6.368,0,1,1,99765,101888,2123,187,192,4,inferred_uniform_text_timing,ffmpeg_audio_sample_rate,video_frame_index_and_fps
'-tPCytz4rww_18,'-tPCytz4rww,18,48,6.368,6.5006666666666675,1,1,1,101888,104010,2122,191,196,4,inferred_uniform_text_timing,ffmpeg_audio_sample_rate,video_frame_index_and_fps
'-tPCytz4rww_18,'-tPCytz4rww,18,49,6.5006666666666675,6.633333333333334,0,1,1,104010,106133,1091,195,199,3,inferred_uniform_text_timing,ffmpeg_audio_sample_rate,video_frame_index_and_fps
'-vxjVxOeScU_4,'-vxjVxOeScU,4,0,0.0,0.18133333333333332,0,1,1,0,2901,2901,0,6,6,inferred_uniform_text_timing,ffmpeg_audio_sample_rate,video_frame_index_and_fps
'-vxjVxOeScU_4,'-vxjVxOeScU,4,1,0.18133333333333332,0.36266666666666664,1,1,1,2901,5802,2901,5,11,5,inferred_uniform_text_timing,ffmpeg_audio_sample_rate,video_frame_index_and_fps
'-vxjVxOeScU_4,'-vxjVxOeScU,4,2,0.36266666666666664,0.544,0,1,1,5802,8704,2902,10,17,6,inferred_uniform_text_timing,ffmpeg_audio_sample_rate,video_frame_index_and_fps
'-vxjVxOeScU_4,'-vxjVxOeScU,4,3,0.544,0.7253333333333333,1,1,1,8704,11605,2901,16,22,5,inferred_uniform_text_timing,ffmpeg_audio_sample_rate,video_frame_index_and_fps
'-vxjVxOeScU_4,'-vxjVxOeScU,4,4,0.7253333333333333,0.9066666666666666,0,1,1,11605,14506,2901,21,28,6,inferred_uniform_text_timing,ffmpeg_audio_sample_rate,video_frame_index_and_fps
'-vxjVxOeScU_4,'-vxjVxOeScU,4,5,0.9066666666666666,1.088,1,1,1,14506,17408,2902,27,33,5,inferred_uniform_text_timing,ffmpeg_audio_sample_rate,video_frame_index_and_fps
'-vxjVxOeScU_4,'-vxjVxOeScU,4,6,1.088,1.2693333333333334,0,1,1,17408,20309,2901,32,39,6,inferred_uniform_text_timing,ffmpeg_audio_sample_rate,video_frame_index_and_fps
'-vxjVxOeScU_4,'-vxjVxOeScU,4,7,1.2693333333333334,1.4506666666666665,1,1,1,20309,23210,2901,38,44,5,inferred_uniform_text_timing,ffmpeg_audio_sample_rate,video_frame_index_and_fps
'-vxjVxOeScU_4,'-vxjVxOeScU,4,8,1.4506666666666665,1.632,0,1,1,23210,26112,2902,43,49,5,inferred_uniform_text_timing,ffmpeg_audio_sample_rate,video_frame_index_and_fps
'-vxjVxOeScU_4,'-vxjVxOeScU,4,9,1.632,1.8133333333333332,1,1,1,26112,29013,2901,48,55,6,inferred_uniform_text_timing,ffmpeg_audio_sample_rate,video_frame_index_and_fps
'-vxjVxOeScU_4,'-vxjVxOeScU,4,10,1.8133333333333332,1.9946666666666666,0,1,1,29013,31914,2901,54,60,5,inferred_uniform_text_timing,ffmpeg_audio_sample_rate,video_frame_index_and_fps
'-vxjVxOeScU_4,'-vxjVxOeScU,4,11,1.9946666666666666,2.176,1,1,1,31914,34816,2902,59,66,6,inferred_uniform_text_timing,ffmpeg_audio_sample_rate,video_frame_index_and_fps
'-vxjVxOeScU_4,'-vxjVxOeScU,4,12,2.176,2.357333333333333,0,1,1,34816,37717,2901,65,71,5,inferred_uniform_text_timing,ffmpeg_audio_sample_rate,video_frame_index_and_fps
'-vxjVxOeScU_4,'-vxjVxOeScU,4,13,2.357333333333333,2.538666666666667,0,1,1,37717,40618,2901,70,77,6,inferred_uniform_text_timing,ffmpeg_audio_sample_rate,video_frame_index_and_fps
'-vxjVxOeScU_4,'-vxjVxOeScU,4,14,2.538666666666667,2.72,1,1,1,40618,43520,2902,76,82,5,inferred_uniform_text_timing,ffmpeg_audio_sample_rate,video_frame_index_and_fps
'-vxjVxOeScU_4,'-vxjVxOeScU,4,15,2.72,2.901333333333333,0,1,1,43520,46421,2901,81,88,6,inferred_uniform_text_timing,ffmpeg_audio_sample_rate,video_frame_index_and_fps
'-vxjVxOeScU_4,'-vxjVxOeScU,4,16,2.901333333333333,3.0826666666666664,1,1,1,46421,49322,2901,87,93,5,inferred_uniform_text_timing,ffmpeg_audio_sample_rate,video_frame_index_and_fps
'-vxjVxOeScU_4,'-vxjVxOeScU,4,17,3.0826666666666664,3.264,0,1,1,49322,52224,2902,92,98,5,inferred_uniform_text_timing,ffmpeg_audio_sample_rate,video_frame_index_and_fps
'-vxjVxOeScU_4,'-vxjVxOeScU,4,18,3.264,3.445333333333333,1,1,1,52224,55125,2901,97,104,6,inferred_uniform_text_timing,ffmpeg_audio_sample_rate,video_frame_index_and_fps
'-vxjVxOeScU_4,'-vxjVxOeScU,4,19,3.445333333333333,3.6266666666666665,0,1,1,55125,58026,2901,103,109,5,inferred_uniform_text_timing,ffmpeg_audio_sample_rate,video_frame_index_and_fps
'-vxjVxOeScU_4,'-vxjVxOeScU,4,20,3.6266666666666665,3.8080000000000003,1,1,1,58026,60928,2902,108,115,6,inferred_uniform_text_timing,ffmpeg_audio_sample_rate,video_frame_index_and_fps
'-vxjVxOeScU_4,'-vxjVxOeScU,4,21,3.8080000000000003,3.989333333333333,0,1,1,60928,63829,2901,114,120,5,inferred_uniform_text_timing,ffmpeg_audio_sample_rate,video_frame_index_and_fps
'-vxjVxOeScU_4,'-vxjVxOeScU,4,22,3.989333333333333,4.1706666666666665,1,1,1,63829,66730,2901,119,126,6,inferred_uniform_text_timing,ffmpeg_audio_sample_rate,video_frame_index_and_fps
'-vxjVxOeScU_4,'-vxjVxOeScU,4,23,4.1706666666666665,4.352,0,1,1,66730,69632,2902,125,131,5,inferred_uniform_text_timing,ffmpeg_audio_sample_rate,video_frame_index_and_fps
'-vxjVxOeScU_4,'-vxjVxOeScU,4,24,4.352,4.533333333333333,0,1,1,69632,72533,2901,130,136,5,inferred_uniform_text_timing,ffmpeg_audio_sample_rate,video_frame_index_and_fps
'-vxjVxOeScU_4,'-vxjVxOeScU,4,25,4.533333333333333,4.714666666666666,1,1,1,72533,75434,2901,136,142,6,inferred_uniform_text_timing,ffmpeg_audio_sample_rate,video_frame_index_and_fps
'-vxjVxOeScU_4,'-vxjVxOeScU,4,26,4.714666666666666,4.896,0,1,1,75434,78336,2902,141,147,5,inferred_uniform_text_timing,ffmpeg_audio_sample_rate,video_frame_index_and_fps
'-vxjVxOeScU_4,'-vxjVxOeScU,4,27,4.896,5.077333333333334,1,1,1,78336,81237,2901,146,153,6,inferred_uniform_text_timing,ffmpeg_audio_sample_rate,video_frame_index_and_fps
'-vxjVxOeScU_4,'-vxjVxOeScU,4,28,5.077333333333334,5.258666666666667,0,1,1,81237,84138,2901,152,158,5,inferred_uniform_text_timing,ffmpeg_audio_sample_rate,video_frame_index_and_fps
'-vxjVxOeScU_4,'-vxjVxOeScU,4,29,5.258666666666667,5.44,1,1,1,84138,87040,2902,157,164,6,inferred_uniform_text_timing,ffmpeg_audio_sample_rate,video_frame_index_and_fps
'-vxjVxOeScU_4,'-vxjVxOeScU,4,30,5.44,5.621333333333333,0,1,1,87040,89941,2901,163,169,5,inferred_uniform_text_timing,ffmpeg_audio_sample_rate,video_frame_index_and_fps
'-vxjVxOeScU_4,'-vxjVxOeScU,4,31,5.621333333333333,5.802666666666666,1,1,1,89941,92842,2901,168,175,6,inferred_uniform_text_timing,ffmpeg_audio_sample_rate,video_frame_index_and_fps
'-vxjVxOeScU_4,'-vxjVxOeScU,4,32,5.802666666666666,5.984,0,1,1,92842,95744,2902,174,180,5,inferred_uniform_text_timing,ffmpeg_audio_sample_rate,video_frame_index_and_fps
'-vxjVxOeScU_4,'-vxjVxOeScU,4,33,5.984,6.165333333333333,1,1,1,95744,98645,2901,179,185,5,inferred_uniform_text_timing,ffmpeg_audio_sample_rate,video_frame_index_and_fps
'-vxjVxOeScU_4,'-vxjVxOeScU,4,34,6.165333333333333,6.346666666666667,0,1,1,98645,101546,2901,184,191,6,inferred_uniform_text_timing,ffmpeg_audio_sample_rate,video_frame_index_and_fps
'-vxjVxOeScU_4,'-vxjVxOeScU,4,35,6.346666666666667,6.528,1,1,1,101546,104448,2902,190,196,5,inferred_uniform_text_timing,ffmpeg_audio_sample_rate,video_frame_index_and_fps
'-vxjVxOeScU_4,'-vxjVxOeScU,4,36,6.528,6.7093333333333325,0,1,1,104448,107349,2901,195,202,6,inferred_uniform_text_timing,ffmpeg_audio_sample_rate,video_frame_index_and_fps
'-vxjVxOeScU_4,'-vxjVxOeScU,4,37,6.7093333333333325,6.890666666666666,0,1,1,107349,110250,2901,201,207,5,inferred_uniform_text_timing,ffmpeg_audio_sample_rate,video_frame_index_and_fps
'-vxjVxOeScU_4,'-vxjVxOeScU,4,38,6.890666666666666,7.071999999999999,1,1,1,110250,113151,2901,206,213,6,inferred_uniform_text_timing,ffmpeg_audio_sample_rate,video_frame_index_and_fps
'-vxjVxOeScU_4,'-vxjVxOeScU,4,39,7.071999999999999,7.253333333333333,0,1,1,113151,116053,2902,212,218,5,inferred_uniform_text_timing,ffmpeg_audio_sample_rate,video_frame_index_and_fps
'-vxjVxOeScU_4,'-vxjVxOeScU,4,40,7.253333333333333,7.434666666666667,1,1,1,116053,118954,2901,217,224,6,inferred_uniform_text_timing,ffmpeg_audio_sample_rate,video_frame_index_and_fps
'-vxjVxOeScU_4,'-vxjVxOeScU,4,41,7.434666666666667,7.6160000000000005,0,1,1,118954,121856,2902,223,229,5,inferred_uniform_text_timing,ffmpeg_audio_sample_rate,video_frame_index_and_fps
'-vxjVxOeScU_4,'-vxjVxOeScU,4,42,7.6160000000000005,7.7973333333333334,1,1,1,121856,124757,2901,228,234,5,inferred_uniform_text_timing,ffmpeg_audio_sample_rate,video_frame_index_and_fps
'-vxjVxOeScU_4,'-vxjVxOeScU,4,43,7.7973333333333334,7.978666666666666,0,1,1,124757,127658,2901,233,240,6,inferred_uniform_text_timing,ffmpeg_audio_sample_rate,video_frame_index_and_fps
'-vxjVxOeScU_4,'-vxjVxOeScU,4,44,7.978666666666666,8.16,1,1,1,127658,130560,2902,239,245,5,inferred_uniform_text_timing,ffmpeg_audio_sample_rate,video_frame_index_and_fps
'-vxjVxOeScU_4,'-vxjVxOeScU,4,45,8.16,8.341333333333333,0,1,1,130560,133461,2901,244,251,6,inferred_uniform_text_timing,ffmpeg_audio_sample_rate,video_frame_index_and_fps
'-vxjVxOeScU_4,'-vxjVxOeScU,4,46,8.341333333333333,8.522666666666666,1,1,1,133461,136362,2901,250,256,5,inferred_uniform_text_timing,ffmpeg_audio_sample_rate,video_frame_index_and_fps
'-vxjVxOeScU_4,'-vxjVxOeScU,4,47,8.522666666666666,8.704,0,1,1,136362,139264,2902,255,262,6,inferred_uniform_text_timing,ffmpeg_audio_sample_rate,video_frame_index_and_fps
'-vxjVxOeScU_4,'-vxjVxOeScU,4,48,8.704,8.885333333333334,1,1,1,139264,142165,2901,261,267,5,inferred_uniform_text_timing,ffmpeg_audio_sample_rate,video_frame_index_and_fps
'-vxjVxOeScU_4,'-vxjVxOeScU,4,49,8.885333333333334,9.066666666666666,0,1,1,142165,145066,2428,266,272,5,inferred_uniform_text_timing,ffmpeg_audio_sample_rate,video_frame_index_and_fps
'-wMB_hJL-3o_7,'-wMB_hJL-3o,7,0,0.0,0.12066666666666666,0,1,1,0,1930,1930,0,4,4,inferred_uniform_text_timing,ffmpeg_audio_sample_rate,video_frame_index_and_fps
'-wMB_hJL-3o_7,'-wMB_hJL-3o,7,1,0.12066666666666666,0.24133333333333332,1,1,1,1930,3861,1931,3,8,4,inferred_uniform_text_timing,ffmpeg_audio_sample_rate,video_frame_index_and_fps
'-wMB_hJL-3o_7,'-wMB_hJL-3o,7,2,0.24133333333333332,0.36200000000000004,0,1,1,3861,5792,1931,7,11,3,inferred_uniform_text_timing,ffmpeg_audio_sample_rate,video_frame_index_and_fps
'-wMB_hJL-3o_7,'-wMB_hJL-3o,7,3,0.36200000000000004,0.48266666666666663,1,1,1,5792,7722,1930,10,15,4,inferred_uniform_text_timing,ffmpeg_audio_sample_rate,video_frame_index_and_fps
'-wMB_hJL-3o_7,'-wMB_hJL-3o,7,4,0.48266666666666663,0.6033333333333333,0,1,1,7722,9653,1931,14,19,4,inferred_uniform_text_timing,ffmpeg_audio_sample_rate,video_frame_index_and_fps
'-wMB_hJL-3o_7,'-wMB_hJL-3o,7,5,0.6033333333333333,0.7240000000000001,1,1,1,9653,11584,1931,18,22,3,inferred_uniform_text_timing,ffmpeg_audio_sample_rate,video_frame_index_and_fps
'-wMB_hJL-3o_7,'-wMB_hJL-3o,7,6,0.7240000000000001,0.8446666666666667,0,1,1,11584,13514,1930,21,26,4,inferred_uniform_text_timing,ffmpeg_audio_sample_rate,video_frame_index_and_fps
'-wMB_hJL-3o_7,'-wMB_hJL-3o,7,7,0.8446666666666667,0.9653333333333333,1,1,1,13514,15445,1931,25,29,3,inferred_uniform_text_timing,ffmpeg_audio_sample_rate,video_frame_index_and_fps
'-wMB_hJL-3o_7,'-wMB_hJL-3o,7,8,0.9653333333333333,1.0859999999999999,0,1,1,15445,17375,1930,28,33,4,inferred_uniform_text_timing,ffmpeg_audio_sample_rate,video_frame_index_and_fps
'-wMB_hJL-3o_7,'-wMB_hJL-3o,7,9,1.0859999999999999,1.2066666666666666,1,1,1,17375,19306,1931,32,37,4,inferred_uniform_text_timing,ffmpeg_audio_sample_rate,video_frame_index_and_fps
'-wMB_hJL-3o_7,'-wMB_hJL-3o,7,10,1.2066666666666666,1.3273333333333333,0,1,1,19306,21237,1931,36,40,3,inferred_uniform_text_timing,ffmpeg_audio_sample_rate,video_frame_index_and_fps
'-wMB_hJL-3o_7,'-wMB_hJL-3o,7,11,1.3273333333333333,1.4480000000000002,1,1,1,21237,23168,1931,39,44,4,inferred_uniform_text_timing,ffmpeg_audio_sample_rate,video_frame_index_and_fps
'-wMB_hJL-3o_7,'-wMB_hJL-3o,7,12,1.4480000000000002,1.5686666666666667,0,1,1,23168,25098,1930,43,48,4,inferred_uniform_text_timing,ffmpeg_audio_sample_rate,video_frame_index_and_fps
'-wMB_hJL-3o_7,'-wMB_hJL-3o,7,13,1.5686666666666667,1.6893333333333334,0,1,1,25098,27029,1931,47,51,3,inferred_uniform_text_timing,ffmpeg_audio_sample_rate,video_frame_index_and_fps
'-wMB_hJL-3o_7,'-wMB_hJL-3o,7,14,1.6893333333333334,1.81,1,1,1,27029,28960,1931,50,55,4,inferred_uniform_text_timing,ffmpeg_audio_sample_rate,video_frame_index_and_fps
'-wMB_hJL-3o_7,'-wMB_hJL-3o,7,15,1.81,1.9306666666666665,0,1,1,28960,30890,1930,54,58,3,inferred_uniform_text_timing,ffmpeg_audio_sample_rate,video_frame_index_and_fps
'-wMB_hJL-3o_7,'-wMB_hJL-3o,7,16,1.9306666666666665,2.0513333333333335,1,1,1,30890,32821,1931,57,62,4,inferred_uniform_text_timing,ffmpeg_audio_sample_rate,video_frame_index_and_fps
'-wMB_hJL-3o_7,'-wMB_hJL-3o,7,17,2.0513333333333335,2.1719999999999997,0,1,1,32821,34751,1930,61,66,4,inferred_uniform_text_timing,ffmpeg_audio_sample_rate,video_frame_index_and_fps
'-wMB_hJL-3o_7,'-wMB_hJL-3o,7,18,2.1719999999999997,2.2926666666666664,1,1,1,34751,36682,1931,65,69,3,inferred_uniform_text_timing,ffmpeg_audio_sample_rate,video_frame_index_and_fps
'-wMB_hJL-3o_7,'-wMB_hJL-3o,7,19,2.2926666666666664,2.413333333333333,0,1,1,36682,38613,1931,68,73,4,inferred_uniform_text_timing,ffmpeg_audio_sample_rate,video_frame_index_and_fps
'-wMB_hJL-3o_7,'-wMB_hJL-3o,7,20,2.413333333333333,2.5340000000000003,1,1,1,38613,40544,1931,72,77,4,inferred_uniform_text_timing,ffmpeg_audio_sample_rate,video_frame_index_and_fps
'-wMB_hJL-3o_7,'-wMB_hJL-3o,7,21,2.5340000000000003,2.6546666666666665,0,1,1,40544,42474,1930,76,80,3,inferred_uniform_text_timing,ffmpeg_audio_sample_rate,video_frame_index_and_fps
'-wMB_hJL-3o_7,'-wMB_hJL-3o,7,22,2.6546666666666665,2.775333333333333,1,1,1,42474,44405,1931,79,84,4,inferred_uniform_text_timing,ffmpeg_audio_sample_rate,video_frame_index_and_fps
'-wMB_hJL-3o_7,'-wMB_hJL-3o,7,23,2.775333333333333,2.8960000000000004,0,1,1,44405,46336,1931,83,87,3,inferred_uniform_text_timing,ffmpeg_audio_sample_rate,video_frame_index_and_fps
'-wMB_hJL-3o_7,'-wMB_hJL-3o,7,24,2.8960000000000004,3.016666666666667,0,1,1,46336,48266,1930,86,91,4,inferred_uniform_text_timing,ffmpeg_audio_sample_rate,video_frame_index_and_fps
'-wMB_hJL-3o_7,'-wMB_hJL-3o,7,25,3.016666666666667,3.1373333333333333,1,1,1,48266,50197,1931,90,95,4,inferred_uniform_text_timing,ffmpeg_audio_sample_rate,video_frame_index_and_fps
'-wMB_hJL-3o_7,'-wMB_hJL-3o,7,26,3.1373333333333333,3.258,0,1,1,50197,52128,1931,94,98,3,inferred_uniform_text_timing,ffmpeg_audio_sample_rate,video_frame_index_and_fps
'-wMB_hJL-3o_7,'-wMB_hJL-3o,7,27,3.258,3.3786666666666667,1,1,1,52128,54058,1930,97,102,4,inferred_uniform_text_timing,ffmpeg_audio_sample_rate,video_frame_index_and_fps
'-wMB_hJL-3o_7,'-wMB_hJL-3o,7,28,3.3786666666666667,3.4993333333333334,0,1,1,54058,55989,1931,101,105,3,inferred_uniform_text_timing,ffmpeg_audio_sample_rate,video_frame_index_and_fps
'-wMB_hJL-3o_7,'-wMB_hJL-3o,7,29,3.4993333333333334,3.62,1,1,1,55989,57920,1931,104,109,4,inferred_uniform_text_timing,ffmpeg_audio_sample_rate,video_frame_index_and_fps
'-wMB_hJL-3o_7,'-wMB_hJL-3o,7,30,3.62,3.740666666666667,0,1,1,57920,59850,1930,108,113,4,inferred_uniform_text_timing,ffmpeg_audio_sample_rate,video_frame_index_and_fps
'-wMB_hJL-3o_7,'-wMB_hJL-3o,7,31,3.740666666666667,3.861333333333333,1,1,1,59850,61781,1931,112,116,3,inferred_uniform_text_timing,ffmpeg_audio_sample_rate,video_frame_index_and_fps
'-wMB_hJL-3o_7,'-wMB_hJL-3o,7,32,3.861333333333333,3.9819999999999998,0,1,1,61781,63711,1930,115,120,4,inferred_uniform_text_timing,ffmpeg_audio_sample_rate,video_frame_index_and_fps
'-wMB_hJL-3o_7,'-wMB_hJL-3o,7,33,3.9819999999999998,4.102666666666667,1,1,1,63711,65642,1931,119,124,4,inferred_uniform_text_timing,ffmpeg_audio_sample_rate,video_frame_index_and_fps
'-wMB_hJL-3o_7,'-wMB_hJL-3o,7,34,4.102666666666667,4.223333333333333,0,1,1,65642,67573,1931,123,127,3,inferred_uniform_text_timing,ffmpeg_audio_sample_rate,video_frame_index_and_fps
'-wMB_hJL-3o_7,'-wMB_hJL-3o,7,35,4.223333333333333,4.343999999999999,1,1,1,67573,69503,1930,126,131,4,inferred_uniform_text_timing,ffmpeg_audio_sample_rate,video_frame_index_and_fps
'-wMB_hJL-3o_7,'-wMB_hJL-3o,7,36,4.343999999999999,4.464666666666666,0,1,1,69503,71434,1931,130,134,3,inferred_uniform_text_timing,ffmpeg_audio_sample_rate,video_frame_index_and_fps
'-wMB_hJL-3o_7,'-wMB_hJL-3o,7,37,4.464666666666666,4.585333333333333,0,1,1,71434,73365,1931,133,138,4,inferred_uniform_text_timing,ffmpeg_audio_sample_rate,video_frame_index_and_fps
'-wMB_hJL-3o_7,'-wMB_hJL-3o,7,38,4.585333333333333,4.7059999999999995,1,1,1,73365,75295,1930,137,142,4,inferred_uniform_text_timing,ffmpeg_audio_sample_rate,video_frame_index_and_fps
'-wMB_hJL-3o_7,'-wMB_hJL-3o,7,39,4.7059999999999995,4.826666666666666,0,1,1,75295,77226,1931,141,145,3,inferred_uniform_text_timing,ffmpeg_audio_sample_rate,video_frame_index_and_fps
'-wMB_hJL-3o_7,'-wMB_hJL-3o,7,40,4.826666666666666,4.947333333333334,1,1,1,77226,79157,1931,144,149,4,inferred_uniform_text_timing,ffmpeg_audio_sample_rate,video_frame_index_and_fps
'-wMB_hJL-3o_7,'-wMB_hJL-3o,7,41,4.947333333333334,5.0680000000000005,0,1,1,79157,81088,1931,148,153,4,inferred_uniform_text_timing,ffmpeg_audio_sample_rate,video_frame_index_and_fps
'-wMB_hJL-3o_7,'-wMB_hJL-3o,7,42,5.0680000000000005,5.188666666666666,1,1,1,81088,83018,1930,152,156,3,inferred_uniform_text_timing,ffmpeg_audio_sample_rate,video_frame_index_and_fps
'-wMB_hJL-3o_7,'-wMB_hJL-3o,7,43,5.188666666666666,5.309333333333333,0,1,1,83018,84949,1931,155,160,4,inferred_uniform_text_timing,ffmpeg_audio_sample_rate,video_frame_index_and_fps
'-wMB_hJL-3o_7,'-wMB_hJL-3o,7,44,5.309333333333333,5.43,1,1,1,84949,86880,1931,159,163,3,inferred_uniform_text_timing,ffmpeg_audio_sample_rate,video_frame_index_and_fps
'-wMB_hJL-3o_7,'-wMB_hJL-3o,7,45,5.43,5.550666666666666,0,1,1,86880,88810,1930,162,167,4,inferred_uniform_text_timing,ffmpeg_audio_sample_rate,video_frame_index_and_fps
'-wMB_hJL-3o_7,'-wMB_hJL-3o,7,46,5.550666666666666,5.671333333333333,1,1,1,88810,90741,1931,166,171,4,inferred_uniform_text_timing,ffmpeg_audio_sample_rate,video_frame_index_and_fps
'-wMB_hJL-3o_7,'-wMB_hJL-3o,7,47,5.671333333333333,5.792000000000001,0,1,1,90741,92672,1931,170,174,3,inferred_uniform_text_timing,ffmpeg_audio_sample_rate,video_frame_index_and_fps
'-wMB_hJL-3o_7,'-wMB_hJL-3o,7,48,5.792000000000001,5.9126666666666665,1,1,1,92672,94602,1930,173,178,4,inferred_uniform_text_timing,ffmpeg_audio_sample_rate,video_frame_index_and_fps
'-wMB_hJL-3o_7,'-wMB_hJL-3o,7,49,5.9126666666666665,6.033333333333334,0,1,1,94602,96533,1007,177,182,3,inferred_uniform_text_timing,ffmpeg_audio_sample_rate,video_frame_index_and_fps
'-wny0OAz3g8_1,'-wny0OAz3g8,1,0,0.0,0.13666666666666666,1,1,1,0,2186,2186,0,5,5,inferred_uniform_text_timing,ffmpeg_audio_sample_rate,video_frame_index_and_fps
'-wny0OAz3g8_1,'-wny0OAz3g8,1,1,0.13666666666666666,0.2733333333333333,0,1,1,2186,4373,2187,4,9,4,inferred_uniform_text_timing,ffmpeg_audio_sample_rate,video_frame_index_and_fps
'-wny0OAz3g8_1,'-wny0OAz3g8,1,2,0.2733333333333333,0.41,1,1,1,4373,6560,2187,8,13,4,inferred_uniform_text_timing,ffmpeg_audio_sample_rate,video_frame_index_and_fps
'-wny0OAz3g8_1,'-wny0OAz3g8,1,3,0.41,0.5466666666666666,0,1,1,6560,8746,2186,12,17,4,inferred_uniform_text_timing,ffmpeg_audio_sample_rate,video_frame_index_and_fps
'-wny0OAz3g8_1,'-wny0OAz3g8,1,4,0.5466666666666666,0.6833333333333332,1,1,1,8746,10933,2187,16,21,4,inferred_uniform_text_timing,ffmpeg_audio_sample_rate,video_frame_index_and_fps
'-wny0OAz3g8_1,'-wny0OAz3g8,1,5,0.6833333333333332,0.82,0,1,1,10933,13120,2187,20,25,4,inferred_uniform_text_timing,ffmpeg_audio_sample_rate,video_frame_index_and_fps
'-wny0OAz3g8_1,'-wny0OAz3g8,1,6,0.82,0.9566666666666666,1,1,1,13120,15306,2186,24,29,4,inferred_uniform_text_timing,ffmpeg_audio_sample_rate,video_frame_index_and_fps
'-wny0OAz3g8_1,'-wny0OAz3g8,1,7,0.9566666666666666,1.0933333333333333,0,1,1,15306,17493,2187,28,33,4,inferred_uniform_text_timing,ffmpeg_audio_sample_rate,video_frame_index_and_fps
'-wny0OAz3g8_1,'-wny0OAz3g8,1,8,1.0933333333333333,1.23,1,1,1,17493,19680,2187,32,37,4,inferred_uniform_text_timing,ffmpeg_audio_sample_rate,video_frame_index_and_fps
'-wny0OAz3g8_1,'-wny0OAz3g8,1,9,1.23,1.3666666666666665,1,1,1,19680,21866,2186,36,41,4,inferred_uniform_text_timing,ffmpeg_audio_sample_rate,video_frame_index_and_fps
'-wny0OAz3g8_1,'-wny0OAz3g8,1,10,1.3666666666666665,1.5033333333333332,0,1,1,21866,24053,2187,40,46,5,inferred_uniform_text_timing,ffmpeg_audio_sample_rate,video_frame_index_and_fps
'-wny0OAz3g8_1,'-wny0OAz3g8,1,11,1.5033333333333332,1.64,1,1,1,24053,26240,2187,45,50,4,inferred_uniform_text_timing,ffmpeg_audio_sample_rate,video_frame_index_and_fps
'-wny0OAz3g8_1,'-wny0OAz3g8,1,12,1.64,1.7766666666666666,0,1,1,26240,28426,2186,49,54,4,inferred_uniform_text_timing,ffmpeg_audio_sample_rate,video_frame_index_and_fps
'-wny0OAz3g8_1,'-wny0OAz3g8,1,13,1.7766666666666666,1.913333333333333,1,1,1,28426,30613,2187,53,58,4,inferred_uniform_text_timing,ffmpeg_audio_sample_rate,video_frame_index_and_fps
'-wny0OAz3g8_1,'-wny0OAz3g8,1,14,1.913333333333333,2.05,0,1,1,30613,32800,2187,57,62,4,inferred_uniform_text_timing,ffmpeg_audio_sample_rate,video_frame_index_and_fps
'-wny0OAz3g8_1,'-wny0OAz3g8,1,15,2.05,2.1866666666666665,1,1,1,32800,34986,2186,61,66,4,inferred_uniform_text_timing,ffmpeg_audio_sample_rate,video_frame_index_and_fps
'-wny0OAz3g8_1,'-wny0OAz3g8,1,16,2.1866666666666665,2.3233333333333333,1,1,1,34986,37173,2187,65,70,4,inferred_uniform_text_timing,ffmpeg_audio_sample_rate,video_frame_index_and_fps
'-wny0OAz3g8_1,'-wny0OAz3g8,1,17,2.3233333333333333,2.46,0,1,1,37173,39360,2187,69,74,4,inferred_uniform_text_timing,ffmpeg_audio_sample_rate,video_frame_index_and_fps
'-wny0OAz3g8_1,'-wny0OAz3g8,1,18,2.46,2.5966666666666662,1,1,1,39360,41546,2186,73,78,4,inferred_uniform_text_timing,ffmpeg_audio_sample_rate,video_frame_index_and_fps
'-wny0OAz3g8_1,'-wny0OAz3g8,1,19,2.5966666666666662,2.733333333333333,0,1,1,41546,43733,2187,77,82,4,inferred_uniform_text_timing,ffmpeg_audio_sample_rate,video_frame_index_and_fps
'-wny0OAz3g8_1,'-wny0OAz3g8,1,20,2.733333333333333,2.87,1,1,1,43733,45920,2187,81,87,5,inferred_uniform_text_timing,ffmpeg_audio_sample_rate,video_frame_index_and_fps
'-wny0OAz3g8_1,'-wny0OAz3g8,1,21,2.87,3.0066666666666664,0,1,1,45920,48106,2186,86,91,4,inferred_uniform_text_timing,ffmpeg_audio_sample_rate,video_frame_index_and_fps
'-wny0OAz3g8_1,'-wny0OAz3g8,1,22,3.0066666666666664,3.143333333333333,1,1,1,48106,50293,2187,90,95,4,inferred_uniform_text_timing,ffmpeg_audio_sample_rate,video_frame_index_and_fps
'-wny0OAz3g8_1,'-wny0OAz3g8,1,23,3.143333333333333,3.28,0,1,1,50293,52480,2187,94,99,4,inferred_uniform_text_timing,ffmpeg_audio_sample_rate,video_frame_index_and_fps
'-wny0OAz3g8_1,'-wny0OAz3g8,1,24,3.28,3.416666666666666,1,1,1,52480,54666,2186,98,103,4,inferred_uniform_text_timing,ffmpeg_audio_sample_rate,video_frame_index_and_fps
'-wny0OAz3g8_1,'-wny0OAz3g8,1,25,3.416666666666666,3.5533333333333332,1,1,1,54666,56853,2187,102,107,4,inferred_uniform_text_timing,ffmpeg_audio_sample_rate,video_frame_index_and_fps
'-wny0OAz3g8_1,'-wny0OAz3g8,1,26,3.5533333333333332,3.69,0,1,1,56853,59040,2187,106,111,4,inferred_uniform_text_timing,ffmpeg_audio_sample_rate,video_frame_index_and_fps
'-wny0OAz3g8_1,'-wny0OAz3g8,1,27,3.69,3.826666666666666,1,1,1,59040,61226,2186,110,115,4,inferred_uniform_text_timing,ffmpeg_audio_sample_rate,video_frame_index_and_fps
'-wny0OAz3g8_1,'-wny0OAz3g8,1,28,3.826666666666666,3.963333333333333,0,1,1,61226,63413,2187,114,119,4,inferred_uniform_text_timing,ffmpeg_audio_sample_rate,video_frame_index_and_fps
'-wny0OAz3g8_1,'-wny0OAz3g8,1,29,3.963333333333333,4.1,1,1,1,63413,65600,2187,118,123,4,inferred_uniform_text_timing,ffmpeg_audio_sample_rate,video_frame_index_and_fps
'-wny0OAz3g8_1,'-wny0OAz3g8,1,30,4.1,4.236666666666666,0,1,1,65600,67786,2186,122,128,5,inferred_uniform_text_timing,ffmpeg_audio_sample_rate,video_frame_index_and_fps
'-wny0OAz3g8_1,'-wny0OAz3g8,1,31,4.236666666666666,4.373333333333333,1,1,1,67786,69973,2187,127,132,4,inferred_uniform_text_timing,ffmpeg_audio_sample_rate,video_frame_index_and_fps
'-wny0OAz3g8_1,'-wny0OAz3g8,1,32,4.373333333333333,4.51,0,1,1,69973,72160,2187,131,136,4,inferred_uniform_text_timing,ffmpeg_audio_sample_rate,video_frame_index_and_fps
'-wny0OAz3g8_1,'-wny0OAz3g8,1,33,4.51,4.6466666666666665,1,1,1,72160,74346,2186,135,140,4,inferred_uniform_text_timing,ffmpeg_audio_sample_rate,video_frame_index_and_fps
'-wny0OAz3g8_1,'-wny0OAz3g8,1,34,4.6466666666666665,4.783333333333333,1,1,1,74346,76533,2187,139,144,4,inferred_uniform_text_timing,ffmpeg_audio_sample_rate,video_frame_index_and_fps
'-wny0OAz3g8_1,'-wny0OAz3g8,1,35,4.783333333333333,4.92,0,1,1,76533,78720,2187,143,148,4,inferred_uniform_text_timing,ffmpeg_audio_sample_rate,video_frame_index_and_fps
'-wny0OAz3g8_1,'-wny0OAz3g8,1,36,4.92,5.056666666666667,1,1,1,78720,80906,2186,147,152,4,inferred_uniform_text_timing,ffmpeg_audio_sample_rate,video_frame_index_and_fps
'-wny0OAz3g8_1,'-wny0OAz3g8,1,37,5.056666666666667,5.1933333333333325,0,1,1,80906,83093,2187,151,156,4,inferred_uniform_text_timing,ffmpeg_audio_sample_rate,video_frame_index_and_fps
'-wny0OAz3g8_1,'-wny0OAz3g8,1,38,5.1933333333333325,5.33,1,1,1,83093,85280,2187,155,160,4,inferred_uniform_text_timing,ffmpeg_audio_sample_rate,video_frame_index_and_fps
'-wny0OAz3g8_1,'-wny0OAz3g8,1,39,5.33,5.466666666666666,0,1,1,85280,87466,2186,159,164,4,inferred_uniform_text_timing,ffmpeg_audio_sample_rate,video_frame_index_and_fps
'-wny0OAz3g8_1,'-wny0OAz3g8,1,40,5.466666666666666,5.603333333333333,1,1,1,87466,89653,2187,163,169,5,inferred_uniform_text_timing,ffmpeg_audio_sample_rate,video_frame_index_and_fps
'-wny0OAz3g8_1,'-wny0OAz3g8,1,41,5.603333333333333,5.74,1,1,1,89653,91840,2187,168,173,4,inferred_uniform_text_timing,ffmpeg_audio_sample_rate,video_frame_index_and_fps
'-wny0OAz3g8_1,'-wny0OAz3g8,1,42,5.74,5.876666666666666,0,1,1,91840,94026,2186,172,177,4,inferred_uniform_text_timing,ffmpeg_audio_sample_rate,video_frame_index_and_fps
'-wny0OAz3g8_1,'-wny0OAz3g8,1,43,5.876666666666666,6.013333333333333,1,1,1,94026,96213,2187,176,181,4,inferred_uniform_text_timing,ffmpeg_audio_sample_rate,video_frame_index_and_fps
'-wny0OAz3g8_1,'-wny0OAz3g8,1,44,6.013333333333333,6.15,0,1,1,96213,98400,2187,180,185,4,inferred_uniform_text_timing,ffmpeg_audio_sample_rate,video_frame_index_and_fps
'-wny0OAz3g8_1,'-wny0OAz3g8,1,45,6.15,6.286666666666666,1,1,1,98400,100586,2186,184,189,4,inferred_uniform_text_timing,ffmpeg_audio_sample_rate,video_frame_index_and_fps
'-wny0OAz3g8_1,'-wny0OAz3g8,1,46,6.286666666666666,6.423333333333333,0,1,1,100586,102773,2187,188,193,4,inferred_uniform_text_timing,ffmpeg_audio_sample_rate,video_frame_index_and_fps
'-wny0OAz3g8_1,'-wny0OAz3g8,1,47,6.423333333333333,6.56,1,1,1,102773,104960,2187,192,197,4,inferred_uniform_text_timing,ffmpeg_audio_sample_rate,video_frame_index_and_fps
'-wny0OAz3g8_1,'-wny0OAz3g8,1,48,6.56,6.696666666666666,0,1,1,104960,107146,2186,196,201,4,inferred_uniform_text_timing,ffmpeg_audio_sample_rate,video_frame_index_and_fps
'-wny0OAz3g8_1,'-wny0OAz3g8,1,49,6.696666666666666,6.833333333333332,1,1,1,107146,109333,1279,200,205,4,inferred_uniform_text_timing,ffmpeg_audio_sample_rate,video_frame_index_and_fps
'-wny0OAz3g8_0,'-wny0OAz3g8,0,0,0.0,0.06666666666666667,0,1,1,0,1066,1066,0,2,2,inferred_uniform_text_timing,ffmpeg_audio_sample_rate,video_frame_index_and_fps
'-wny0OAz3g8_0,'-wny0OAz3g8,0,1,0.06666666666666667,0.13333333333333333,0,1,1,1066,2133,1067,2,4,2,inferred_uniform_text_timing,ffmpeg_audio_sample_rate,video_frame_index_and_fps
'-wny0OAz3g8_0,'-wny0OAz3g8,0,2,0.13333333333333333,0.2,1,1,1,2133,3200,1067,4,6,2,inferred_uniform_text_timing,ffmpeg_audio_sample_rate,video_frame_index_and_fps
'-wny0OAz3g8_0,'-wny0OAz3g8,0,3,0.2,0.26666666666666666,0,1,1,3200,4266,1066,6,8,2,inferred_uniform_text_timing,ffmpeg_audio_sample_rate,video_frame_index_and_fps
'-wny0OAz3g8_0,'-wny0OAz3g8,0,4,0.26666666666666666,0.33333333333333337,0,1,1,4266,5333,1067,8,11,2,inferred_uniform_text_timing,ffmpeg_audio_sample_rate,video_frame_index_and_fps
'-wny0OAz3g8_0,'-wny0OAz3g8,0,5,0.33333333333333337,0.4,0,1,1,5333,6400,1067,10,12,2,inferred_uniform_text_timing,ffmpeg_audio_sample_rate,video_frame_index_and_fps
'-wny0OAz3g8_0,'-wny0OAz3g8,0,6,0.4,0.46666666666666673,1,1,1,6400,7466,1066,12,15,2,inferred_uniform_text_timing,ffmpeg_audio_sample_rate,video_frame_index_and_fps
'-wny0OAz3g8_0,'-wny0OAz3g8,0,7,0.46666666666666673,0.5333333333333333,0,1,1,7466,8533,1067,14,16,2,inferred_uniform_text_timing,ffmpeg_audio_sample_rate,video_frame_index_and_fps
'-wny0OAz3g8_0,'-wny0OAz3g8,0,8,0.5333333333333333,0.6,0,1,1,8533,9600,1067,16,18,2,inferred_uniform_text_timing,ffmpeg_audio_sample_rate,video_frame_index_and_fps
'-wny0OAz3g8_0,'-wny0OAz3g8,0,9,0.6,0.6666666666666667,0,1,1,9600,10666,1066,18,21,2,inferred_uniform_text_timing,ffmpeg_audio_sample_rate,video_frame_index_and_fps
'-wny0OAz3g8_0,'-wny0OAz3g8,0,10,0.6666666666666667,0.7333333333333334,0,1,1,10666,11733,1067,20,22,2,inferred_uniform_text_timing,ffmpeg_audio_sample_rate,video_frame_index_and_fps
'-wny0OAz3g8_0,'-wny0OAz3g8,0,11,0.7333333333333334,0.8,1,1,1,11733,12800,1067,22,24,2,inferred_uniform_text_timing,ffmpeg_audio_sample_rate,video_frame_index_and_fps
'-wny0OAz3g8_0,'-wny0OAz3g8,0,12,0.8,0.8666666666666667,0,1,1,12800,13866,1066,24,26,2,inferred_uniform_text_timing,ffmpeg_audio_sample_rate,video_frame_index_and_fps
'-wny0OAz3g8_0,'-wny0OAz3g8,0,13,0.8666666666666667,0.9333333333333335,0,1,1,13866,14933,1067,26,29,2,inferred_uniform_text_timing,ffmpeg_audio_sample_rate,video_frame_index_and_fps
'-wny0OAz3g8_0,'-wny0OAz3g8,0,14,0.9333333333333335,1.0,0,1,1,14933,16000,1067,28,30,2,inferred_uniform_text_timing,ffmpeg_audio_sample_rate,video_frame_index_and_fps
'-wny0OAz3g8_0,'-wny0OAz3g8,0,15,1.0,1.0666666666666667,1,1,1,16000,17066,1066,30,32,2,inferred_uniform_text_timing,ffmpeg_audio_sample_rate,video_frame_index_and_fps
'-wny0OAz3g8_0,'-wny0OAz3g8,0,16,1.0666666666666667,1.1333333333333335,0,1,1,17066,18133,1067,32,35,2,inferred_uniform_text_timing,ffmpeg_audio_sample_rate,video_frame_index_and_fps
'-wny0OAz3g8_0,'-wny0OAz3g8,0,17,1.1333333333333335,1.2,0,1,1,18133,19200,1067,34,36,2,inferred_uniform_text_timing,ffmpeg_audio_sample_rate,video_frame_index_and_fps
'-wny0OAz3g8_0,'-wny0OAz3g8,0,18,1.2,1.2666666666666666,0,1,1,19200,20266,1066,36,38,2,inferred_uniform_text_timing,ffmpeg_audio_sample_rate,video_frame_index_and_fps
'-wny0OAz3g8_0,'-wny0OAz3g8,0,19,1.2666666666666666,1.3333333333333335,0,1,1,20266,21333,1067,38,41,2,inferred_uniform_text_timing,ffmpeg_audio_sample_rate,video_frame_index_and_fps
'-wny0OAz3g8_0,'-wny0OAz3g8,0,20,1.3333333333333335,1.4,1,1,1,21333,22400,1067,40,42,2,inferred_uniform_text_timing,ffmpeg_audio_sample_rate,video_frame_index_and_fps
'-wny0OAz3g8_0,'-wny0OAz3g8,0,21,1.4,1.4666666666666668,0,1,1,22400,23466,1066,42,44,2,inferred_uniform_text_timing,ffmpeg_audio_sample_rate,video_frame_index_and_fps
'-wny0OAz3g8_0,'-wny0OAz3g8,0,22,1.4666666666666668,1.5333333333333334,0,1,1,23466,24533,1067,44,46,2,inferred_uniform_text_timing,ffmpeg_audio_sample_rate,video_frame_index_and_fps
'-wny0OAz3g8_0,'-wny0OAz3g8,0,23,1.5333333333333334,1.6,0,1,1,24533,25600,1067,46,48,2,inferred_uniform_text_timing,ffmpeg_audio_sample_rate,video_frame_index_and_fps
'-wny0OAz3g8_0,'-wny0OAz3g8,0,24,1.6,1.666666666666667,0,1,1,25600,26666,1066,48,51,2,inferred_uniform_text_timing,ffmpeg_audio_sample_rate,video_frame_index_and_fps
'-wny0OAz3g8_0,'-wny0OAz3g8,0,25,1.666666666666667,1.7333333333333334,1,1,1,26666,27733,1067,50,52,2,inferred_uniform_text_timing,ffmpeg_audio_sample_rate,video_frame_index_and_fps
'-wny0OAz3g8_0,'-wny0OAz3g8,0,26,1.7333333333333334,1.8,0,1,1,27733,28800,1067,52,54,2,inferred_uniform_text_timing,ffmpeg_audio_sample_rate,video_frame_index_and_fps
'-wny0OAz3g8_0,'-wny0OAz3g8,0,27,1.8,1.866666666666667,0,1,1,28800,29866,1066,54,57,2,inferred_uniform_text_timing,ffmpeg_audio_sample_rate,video_frame_index_and_fps
'-wny0OAz3g8_0,'-wny0OAz3g8,0,28,1.866666666666667,1.9333333333333333,0,1,1,29866,30933,1067,56,58,3,inferred_uniform_text_timing,ffmpeg_audio_sample_rate,video_frame_index_and_fps
'-wny0OAz3g8_0,'-wny0OAz3g8,0,29,1.9333333333333333,2.0,1,1,1,30933,32000,1067,58,60,1,inferred_uniform_text_timing,ffmpeg_audio_sample_rate,video_frame_index_and_fps
'-wny0OAz3g8_0,'-wny0OAz3g8,0,30,2.0,2.066666666666667,0,1,1,32000,33066,1066,60,63,2,inferred_uniform_text_timing,ffmpeg_audio_sample_rate,video_frame_index_and_fps
'-wny0OAz3g8_0,'-wny0OAz3g8,0,31,2.066666666666667,2.1333333333333333,0,1,1,33066,34133,1067,62,64,2,inferred_uniform_text_timing,ffmpeg_audio_sample_rate,video_frame_index_and_fps
'-wny0OAz3g8_0,'-wny0OAz3g8,0,32,2.1333333333333333,2.2,0,1,1,34133,35200,1067,64,66,2,inferred_uniform_text_timing,ffmpeg_audio_sample_rate,video_frame_index_and_fps
'-wny0OAz3g8_0,'-wny0OAz3g8,0,33,2.2,2.266666666666667,0,1,1,35200,36266,1066,66,69,2,inferred_uniform_text_timing,ffmpeg_audio_sample_rate,video_frame_index_and_fps
'-wny0OAz3g8_0,'-wny0OAz3g8,0,34,2.266666666666667,2.3333333333333335,1,1,1,36266,37333,1067,68,70,2,inferred_uniform_text_timing,ffmpeg_audio_sample_rate,video_frame_index_and_fps
'-wny0OAz3g8_0,'-wny0OAz3g8,0,35,2.3333333333333335,2.4,0,1,1,37333,38400,1067,70,72,2,inferred_uniform_text_timing,ffmpeg_audio_sample_rate,video_frame_index_and_fps
'-wny0OAz3g8_0,'-wny0OAz3g8,0,36,2.4,2.466666666666667,0,1,1,38400,39466,1066,72,74,2,inferred_uniform_text_timing,ffmpeg_audio_sample_rate,video_frame_index_and_fps
'-wny0OAz3g8_0,'-wny0OAz3g8,0,37,2.466666666666667,2.533333333333333,0,1,1,39466,40533,1067,74,76,2,inferred_uniform_text_timing,ffmpeg_audio_sample_rate,video_frame_index_and_fps
'-wny0OAz3g8_0,'-wny0OAz3g8,0,38,2.533333333333333,2.6,1,1,1,40533,41600,1067,76,78,2,inferred_uniform_text_timing,ffmpeg_audio_sample_rate,video_frame_index_and_fps
'-wny0OAz3g8_0,'-wny0OAz3g8,0,39,2.6,2.666666666666667,0,1,1,41600,42666,1066,78,81,2,inferred_uniform_text_timing,ffmpeg_audio_sample_rate,video_frame_index_and_fps
'-wny0OAz3g8_0,'-wny0OAz3g8,0,40,2.666666666666667,2.733333333333334,0,1,1,42666,43733,1067,80,83,2,inferred_uniform_text_timing,ffmpeg_audio_sample_rate,video_frame_index_and_fps
'-wny0OAz3g8_0,'-wny0OAz3g8,0,41,2.733333333333334,2.8,0,1,1,43733,44800,1067,82,84,2,inferred_uniform_text_timing,ffmpeg_audio_sample_rate,video_frame_index_and_fps
'-wny0OAz3g8_0,'-wny0OAz3g8,0,42,2.8,2.8666666666666667,0,1,1,44800,45866,1066,84,86,2,inferred_uniform_text_timing,ffmpeg_audio_sample_rate,video_frame_index_and_fps
'-wny0OAz3g8_0,'-wny0OAz3g8,0,43,2.8666666666666667,2.9333333333333336,1,1,1,45866,46933,1067,86,88,2,inferred_uniform_text_timing,ffmpeg_audio_sample_rate,video_frame_index_and_fps
'-wny0OAz3g8_0,'-wny0OAz3g8,0,44,2.9333333333333336,3.0,0,1,1,46933,48000,1067,88,90,2,inferred_uniform_text_timing,ffmpeg_audio_sample_rate,video_frame_index_and_fps
'-wny0OAz3g8_0,'-wny0OAz3g8,0,45,3.0,3.066666666666667,0,1,1,48000,49066,1066,90,92,2,inferred_uniform_text_timing,ffmpeg_audio_sample_rate,video_frame_index_and_fps
'-wny0OAz3g8_0,'-wny0OAz3g8,0,46,3.066666666666667,3.1333333333333337,0,1,1,49066,50133,1067,92,95,2,inferred_uniform_text_timing,ffmpeg_audio_sample_rate,video_frame_index_and_fps
'-wny0OAz3g8_0,'-wny0OAz3g8,0,47,3.1333333333333337,3.2,1,1,1,50133,51200,1067,94,96,2,inferred_uniform_text_timing,ffmpeg_audio_sample_rate,video_frame_index_and_fps
'-wny0OAz3g8_0,'-wny0OAz3g8,0,48,3.2,3.266666666666667,0,1,1,51200,52266,1066,96,99,2,inferred_uniform_text_timing,ffmpeg_audio_sample_rate,video_frame_index_and_fps
'-wny0OAz3g8_0,'-wny0OAz3g8,0,49,3.266666666666667,3.333333333333334,0,1,1,52266,53333,118,98,101,2,inferred_uniform_text_timing,ffmpeg_audio_sample_rate,video_frame_index_and_fps
'-wny0OAz3g8_3,'-wny0OAz3g8,3,0,0.0,0.12266666666666667,0,1,1,0,1962,1962,0,4,4,inferred_uniform_text_timing,ffmpeg_audio_sample_rate,video_frame_index_and_fps
'-wny0OAz3g8_3,'-wny0OAz3g8,3,1,0.12266666666666667,0.24533333333333335,1,1,1,1962,3925,1963,3,8,4,inferred_uniform_text_timing,ffmpeg_audio_sample_rate,video_frame_index_and_fps
'-wny0OAz3g8_3,'-wny0OAz3g8,3,2,0.24533333333333335,0.36800000000000005,0,1,1,3925,5888,1963,7,12,4,inferred_uniform_text_timing,ffmpeg_audio_sample_rate,video_frame_index_and_fps
'-wny0OAz3g8_3,'-wny0OAz3g8,3,3,0.36800000000000005,0.4906666666666667,1,1,1,5888,7850,1962,11,15,3,inferred_uniform_text_timing,ffmpeg_audio_sample_rate,video_frame_index_and_fps
'-wny0OAz3g8_3,'-wny0OAz3g8,3,4,0.4906666666666667,0.6133333333333334,0,1,1,7850,9813,1963,14,19,4,inferred_uniform_text_timing,ffmpeg_audio_sample_rate,video_frame_index_and_fps
'-wny0OAz3g8_3,'-wny0OAz3g8,3,5,0.6133333333333334,0.7360000000000001,0,1,1,9813,11776,1963,18,23,4,inferred_uniform_text_timing,ffmpeg_audio_sample_rate,video_frame_index_and_fps
'-wny0OAz3g8_3,'-wny0OAz3g8,3,6,0.7360000000000001,0.8586666666666667,1,1,1,11776,13738,1962,22,26,3,inferred_uniform_text_timing,ffmpeg_audio_sample_rate,video_frame_index_and_fps
'-wny0OAz3g8_3,'-wny0OAz3g8,3,7,0.8586666666666667,0.9813333333333334,0,1,1,13738,15701,1963,25,30,4,inferred_uniform_text_timing,ffmpeg_audio_sample_rate,video_frame_index_and_fps
'-wny0OAz3g8_3,'-wny0OAz3g8,3,8,0.9813333333333334,1.104,1,1,1,15701,17664,1963,29,34,4,inferred_uniform_text_timing,ffmpeg_audio_sample_rate,video_frame_index_and_fps
'-wny0OAz3g8_3,'-wny0OAz3g8,3,9,1.104,1.2266666666666668,0,1,1,17664,19626,1962,33,37,3,inferred_uniform_text_timing,ffmpeg_audio_sample_rate,video_frame_index_and_fps
'-wny0OAz3g8_3,'-wny0OAz3g8,3,10,1.2266666666666668,1.3493333333333333,0,1,1,19626,21589,1963,36,41,4,inferred_uniform_text_timing,ffmpeg_audio_sample_rate,video_frame_index_and_fps
'-wny0OAz3g8_3,'-wny0OAz3g8,3,11,1.3493333333333333,1.4720000000000002,1,1,1,21589,23552,1963,40,45,4,inferred_uniform_text_timing,ffmpeg_audio_sample_rate,video_frame_index_and_fps
'-wny0OAz3g8_3,'-wny0OAz3g8,3,12,1.4720000000000002,1.5946666666666667,0,1,1,23552,25514,1962,44,48,3,inferred_uniform_text_timing,ffmpeg_audio_sample_rate,video_frame_index_and_fps
'-wny0OAz3g8_3,'-wny0OAz3g8,3,13,1.5946666666666667,1.7173333333333334,1,1,1,25514,27477,1963,47,52,4,inferred_uniform_text_timing,ffmpeg_audio_sample_rate,video_frame_index_and_fps
'-wny0OAz3g8_3,'-wny0OAz3g8,3,14,1.7173333333333334,1.84,0,1,1,27477,29440,1963,51,56,4,inferred_uniform_text_timing,ffmpeg_audio_sample_rate,video_frame_index_and_fps
'-wny0OAz3g8_3,'-wny0OAz3g8,3,15,1.84,1.9626666666666668,0,1,1,29440,31402,1962,55,59,3,inferred_uniform_text_timing,ffmpeg_audio_sample_rate,video_frame_index_and_fps
'-wny0OAz3g8_3,'-wny0OAz3g8,3,16,1.9626666666666668,2.0853333333333337,1,1,1,31402,33365,1963,58,63,4,inferred_uniform_text_timing,ffmpeg_audio_sample_rate,video_frame_index_and_fps
'-wny0OAz3g8_3,'-wny0OAz3g8,3,17,2.0853333333333337,2.208,0,1,1,33365,35328,1963,62,67,4,inferred_uniform_text_timing,ffmpeg_audio_sample_rate,video_frame_index_and_fps
'-wny0OAz3g8_3,'-wny0OAz3g8,3,18,2.208,2.330666666666667,1,1,1,35328,37290,1962,66,70,3,inferred_uniform_text_timing,ffmpeg_audio_sample_rate,video_frame_index_and_fps
'-wny0OAz3g8_3,'-wny0OAz3g8,3,19,2.330666666666667,2.4533333333333336,0,1,1,37290,39253,1963,69,74,4,inferred_uniform_text_timing,ffmpeg_audio_sample_rate,video_frame_index_and_fps
'-wny0OAz3g8_3,'-wny0OAz3g8,3,20,2.4533333333333336,2.576,0,1,1,39253,41216,1963,73,78,4,inferred_uniform_text_timing,ffmpeg_audio_sample_rate,video_frame_index_and_fps
'-wny0OAz3g8_3,'-wny0OAz3g8,3,21,2.576,2.6986666666666665,1,1,1,41216,43178,1962,77,81,3,inferred_uniform_text_timing,ffmpeg_audio_sample_rate,video_frame_index_and_fps
'-wny0OAz3g8_3,'-wny0OAz3g8,3,22,2.6986666666666665,2.8213333333333335,0,1,1,43178,45141,1963,80,85,4,inferred_uniform_text_timing,ffmpeg_audio_sample_rate,video_frame_index_and_fps
'-wny0OAz3g8_3,'-wny0OAz3g8,3,23,2.8213333333333335,2.9440000000000004,1,1,1,45141,47104,1963,84,89,4,inferred_uniform_text_timing,ffmpeg_audio_sample_rate,video_frame_index_and_fps
'-wny0OAz3g8_3,'-wny0OAz3g8,3,24,2.9440000000000004,3.066666666666667,0,1,1,47104,49066,1962,88,92,3,inferred_uniform_text_timing,ffmpeg_audio_sample_rate,video_frame_index_and_fps
'-wny0OAz3g8_3,'-wny0OAz3g8,3,25,3.066666666666667,3.1893333333333334,0,1,1,49066,51029,1963,92,96,4,inferred_uniform_text_timing,ffmpeg_audio_sample_rate,video_frame_index_and_fps
'-wny0OAz3g8_3,'-wny0OAz3g8,3,26,3.1893333333333334,3.3120000000000003,1,1,1,51029,52992,1963,95,100,4,inferred_uniform_text_timing,ffmpeg_audio_sample_rate,video_frame_index_and_fps
'-wny0OAz3g8_3,'-wny0OAz3g8,3,27,3.3120000000000003,3.4346666666666668,0,1,1,52992,54954,1962,99,104,4,inferred_uniform_text_timing,ffmpeg_audio_sample_rate,video_frame_index_and_fps
'-wny0OAz3g8_3,'-wny0OAz3g8,3,28,3.4346666666666668,3.5573333333333337,1,1,1,54954,56917,1963,103,107,3,inferred_uniform_text_timing,ffmpeg_audio_sample_rate,video_frame_index_and_fps
'-wny0OAz3g8_3,'-wny0OAz3g8,3,29,3.5573333333333337,3.68,0,1,1,56917,58880,1963,106,111,4,inferred_uniform_text_timing,ffmpeg_audio_sample_rate,video_frame_index_and_fps
'-wny0OAz3g8_3,'-wny0OAz3g8,3,30,3.68,3.802666666666667,0,1,1,58880,60842,1962,110,115,4,inferred_uniform_text_timing,ffmpeg_audio_sample_rate,video_frame_index_and_fps
'-wny0OAz3g8_3,'-wny0OAz3g8,3,31,3.802666666666667,3.9253333333333336,1,1,1,60842,62805,1963,114,118,3,inferred_uniform_text_timing,ffmpeg_audio_sample_rate,video_frame_index_and_fps
'-wny0OAz3g8_3,'-wny0OAz3g8,3,32,3.9253333333333336,4.048,0,1,1,62805,64768,1963,117,122,4,inferred_uniform_text_timing,ffmpeg_audio_sample_rate,video_frame_index_and_fps
'-wny0OAz3g8_3,'-wny0OAz3g8,3,33,4.048,4.170666666666667,1,1,1,64768,66730,1962,121,126,4,inferred_uniform_text_timing,ffmpeg_audio_sample_rate,video_frame_index_and_fps
'-wny0OAz3g8_3,'-wny0OAz3g8,3,34,4.170666666666667,4.293333333333334,0,1,1,66730,68693,1963,125,129,3,inferred_uniform_text_timing,ffmpeg_audio_sample_rate,video_frame_index_and_fps
'-wny0OAz3g8_3,'-wny0OAz3g8,3,35,4.293333333333334,4.416,0,1,1,68693,70656,1963,128,133,4,inferred_uniform_text_timing,ffmpeg_audio_sample_rate,video_frame_index_and_fps
'-wny0OAz3g8_3,'-wny0OAz3g8,3,36,4.416,4.538666666666667,1,1,1,70656,72618,1962,132,137,4,inferred_uniform_text_timing,ffmpeg_audio_sample_rate,video_frame_index_and_fps
'-wny0OAz3g8_3,'-wny0OAz3g8,3,37,4.538666666666667,4.661333333333334,0,1,1,72618,74581,1963,136,140,3,inferred_uniform_text_timing,ffmpeg_audio_sample_rate,video_frame_index_and_fps
'-wny0OAz3g8_3,'-wny0OAz3g8,3,38,4.661333333333334,4.784000000000001,1,1,1,74581,76544,1963,139,144,4,inferred_uniform_text_timing,ffmpeg_audio_sample_rate,video_frame_index_and_fps
'-wny0OAz3g8_3,'-wny0OAz3g8,3,39,4.784000000000001,4.906666666666667,0,1,1,76544,78506,1962,143,148,4,inferred_uniform_text_timing,ffmpeg_audio_sample_rate,video_frame_index_and_fps
'-wny0OAz3g8_3,'-wny0OAz3g8,3,40,4.906666666666667,5.029333333333334,0,1,1,78506,80469,1963,147,151,3,inferred_uniform_text_timing,ffmpeg_audio_sample_rate,video_frame_index_and_fps
'-wny0OAz3g8_3,'-wny0OAz3g8,3,41,5.029333333333334,5.152,1,1,1,80469,82432,1963,150,155,4,inferred_uniform_text_timing,ffmpeg_audio_sample_rate,video_frame_index_and_fps
'-wny0OAz3g8_3,'-wny0OAz3g8,3,42,5.152,5.274666666666667,0,1,1,82432,84394,1962,154,159,4,inferred_uniform_text_timing,ffmpeg_audio_sample_rate,video_frame_index_and_fps
'-wny0OAz3g8_3,'-wny0OAz3g8,3,43,5.274666666666667,5.397333333333333,1,1,1,84394,86357,1963,158,162,3,inferred_uniform_text_timing,ffmpeg_audio_sample_rate,video_frame_index_and_fps
'-wny0OAz3g8_3,'-wny0OAz3g8,3,44,5.397333333333333,5.52,0,1,1,86357,88320,1963,161,166,4,inferred_uniform_text_timing,ffmpeg_audio_sample_rate,video_frame_index_and_fps
'-wny0OAz3g8_3,'-wny0OAz3g8,3,45,5.52,5.642666666666667,0,1,1,88320,90282,1962,165,170,4,inferred_uniform_text_timing,ffmpeg_audio_sample_rate,video_frame_index_and_fps
'-wny0OAz3g8_3,'-wny0OAz3g8,3,46,5.642666666666667,5.765333333333334,1,1,1,90282,92245,1963,169,173,3,inferred_uniform_text_timing,ffmpeg_audio_sample_rate,video_frame_index_and_fps
'-wny0OAz3g8_3,'-wny0OAz3g8,3,47,5.765333333333334,5.888000000000001,0,1,1,92245,94208,1963,172,177,4,inferred_uniform_text_timing,ffmpeg_audio_sample_rate,video_frame_index_and_fps
'-wny0OAz3g8_3,'-wny0OAz3g8,3,48,5.888000000000001,6.010666666666667,1,1,1,94208,96170,1962,176,181,4,inferred_uniform_text_timing,ffmpeg_audio_sample_rate,video_frame_index_and_fps
'-wny0OAz3g8_3,'-wny0OAz3g8,3,49,6.010666666666667,6.133333333333334,0,1,1,96170,98133,1428,180,184,3,inferred_uniform_text_timing,ffmpeg_audio_sample_rate,video_frame_index_and_fps
'-wny0OAz3g8_2,'-wny0OAz3g8,2,0,0.0,0.13133333333333333,1,1,1,0,2101,2101,0,4,4,inferred_uniform_text_timing,ffmpeg_audio_sample_rate,video_frame_index_and_fps
'-wny0OAz3g8_2,'-wny0OAz3g8,2,1,0.13133333333333333,0.26266666666666666,0,1,1,2101,4202,2101,3,8,4,inferred_uniform_text_timing,ffmpeg_audio_sample_rate,video_frame_index_and_fps
'-wny0OAz3g8_2,'-wny0OAz3g8,2,2,0.26266666666666666,0.39399999999999996,1,1,1,4202,6303,2101,7,12,4,inferred_uniform_text_timing,ffmpeg_audio_sample_rate,video_frame_index_and_fps
'-wny0OAz3g8_2,'-wny0OAz3g8,2,3,0.39399999999999996,0.5253333333333333,0,1,1,6303,8405,2102,11,16,4,inferred_uniform_text_timing,ffmpeg_audio_sample_rate,video_frame_index_and_fps
'-wny0OAz3g8_2,'-wny0OAz3g8,2,4,0.5253333333333333,0.6566666666666666,1,1,1,8405,10506,2101,15,20,4,inferred_uniform_text_timing,ffmpeg_audio_sample_rate,video_frame_index_and_fps
'-wny0OAz3g8_2,'-wny0OAz3g8,2,5,0.6566666666666666,0.7879999999999999,0,1,1,10506,12607,2101,19,24,4,inferred_uniform_text_timing,ffmpeg_audio_sample_rate,video_frame_index_and_fps
'-wny0OAz3g8_2,'-wny0OAz3g8,2,6,0.7879999999999999,0.9193333333333333,1,1,1,12607,14709,2102,23,28,4,inferred_uniform_text_timing,ffmpeg_audio_sample_rate,video_frame_index_and_fps
'-wny0OAz3g8_2,'-wny0OAz3g8,2,7,0.9193333333333333,1.0506666666666666,0,1,1,14709,16810,2101,27,32,4,inferred_uniform_text_timing,ffmpeg_audio_sample_rate,video_frame_index_and_fps
'-wny0OAz3g8_2,'-wny0OAz3g8,2,8,1.0506666666666666,1.182,1,1,1,16810,18912,2102,31,36,4,inferred_uniform_text_timing,ffmpeg_audio_sample_rate,video_frame_index_and_fps
'-wny0OAz3g8_2,'-wny0OAz3g8,2,9,1.182,1.3133333333333332,1,1,1,18912,21013,2101,35,40,4,inferred_uniform_text_timing,ffmpeg_audio_sample_rate,video_frame_index_and_fps
'-wny0OAz3g8_2,'-wny0OAz3g8,2,10,1.3133333333333332,1.4446666666666668,0,1,1,21013,23114,2101,39,44,4,inferred_uniform_text_timing,ffmpeg_audio_sample_rate,video_frame_index_and_fps
'-wny0OAz3g8_2,'-wny0OAz3g8,2,11,1.4446666666666668,1.5759999999999998,1,1,1,23114,25215,2101,43,48,4,inferred_uniform_text_timing,ffmpeg_audio_sample_rate,video_frame_index_and_fps
'-wny0OAz3g8_2,'-wny0OAz3g8,2,12,1.5759999999999998,1.7073333333333331,0,1,1,25215,27317,2102,47,52,4,inferred_uniform_text_timing,ffmpeg_audio_sample_rate,video_frame_index_and_fps
'-wny0OAz3g8_2,'-wny0OAz3g8,2,13,1.7073333333333331,1.8386666666666667,1,1,1,27317,29418,2101,51,56,4,inferred_uniform_text_timing,ffmpeg_audio_sample_rate,video_frame_index_and_fps
'-wny0OAz3g8_2,'-wny0OAz3g8,2,14,1.8386666666666667,1.97,0,1,1,29418,31520,2102,55,60,4,inferred_uniform_text_timing,ffmpeg_audio_sample_rate,video_frame_index_and_fps
'-wny0OAz3g8_2,'-wny0OAz3g8,2,15,1.97,2.1013333333333333,1,1,1,31520,33621,2101,59,64,4,inferred_uniform_text_timing,ffmpeg_audio_sample_rate,video_frame_index_and_fps
'-wny0OAz3g8_2,'-wny0OAz3g8,2,16,2.1013333333333333,2.2326666666666664,1,1,1,33621,35722,2101,63,67,3,inferred_uniform_text_timing,ffmpeg_audio_sample_rate,video_frame_index_and_fps
'-wny0OAz3g8_2,'-wny0OAz3g8,2,17,2.2326666666666664,2.364,0,1,1,35722,37824,2102,66,71,4,inferred_uniform_text_timing,ffmpeg_audio_sample_rate,video_frame_index_and_fps
'-wny0OAz3g8_2,'-wny0OAz3g8,2,18,2.364,2.4953333333333334,1,1,1,37824,39925,2101,70,75,4,inferred_uniform_text_timing,ffmpeg_audio_sample_rate,video_frame_index_and_fps
'-wny0OAz3g8_2,'-wny0OAz3g8,2,19,2.4953333333333334,2.6266666666666665,0,1,1,39925,42026,2101,74,79,4,inferred_uniform_text_timing,ffmpeg_audio_sample_rate,video_frame_index_and_fps
'-wny0OAz3g8_2,'-wny0OAz3g8,2,20,2.6266666666666665,2.758,1,1,1,42026,44128,2102,78,83,4,inferred_uniform_text_timing,ffmpeg_audio_sample_rate,video_frame_index_and_fps
'-wny0OAz3g8_2,'-wny0OAz3g8,2,21,2.758,2.8893333333333335,0,1,1,44128,46229,2101,82,87,4,inferred_uniform_text_timing,ffmpeg_audio_sample_rate,video_frame_index_and_fps
'-wny0OAz3g8_2,'-wny0OAz3g8,2,22,2.8893333333333335,3.0206666666666666,1,1,1,46229,48330,2101,86,91,4,inferred_uniform_text_timing,ffmpeg_audio_sample_rate,video_frame_index_and_fps
'-wny0OAz3g8_2,'-wny0OAz3g8,2,23,3.0206666666666666,3.1519999999999997,0,1,1,48330,50431,2101,90,95,4,inferred_uniform_text_timing,ffmpeg_audio_sample_rate,video_frame_index_and_fps
'-wny0OAz3g8_2,'-wny0OAz3g8,2,24,3.1519999999999997,3.283333333333333,1,1,1,50431,52533,2102,94,99,4,inferred_uniform_text_timing,ffmpeg_audio_sample_rate,video_frame_index_and_fps
'-wny0OAz3g8_2,'-wny0OAz3g8,2,25,3.283333333333333,3.4146666666666663,1,1,1,52533,54634,2101,98,103,4,inferred_uniform_text_timing,ffmpeg_audio_sample_rate,video_frame_index_and_fps
'-wny0OAz3g8_2,'-wny0OAz3g8,2,26,3.4146666666666663,3.546,0,1,1,54634,56736,2102,102,107,4,inferred_uniform_text_timing,ffmpeg_audio_sample_rate,video_frame_index_and_fps
'-wny0OAz3g8_2,'-wny0OAz3g8,2,27,3.546,3.6773333333333333,1,1,1,56736,58837,2101,106,111,4,inferred_uniform_text_timing,ffmpeg_audio_sample_rate,video_frame_index_and_fps
'-wny0OAz3g8_2,'-wny0OAz3g8,2,28,3.6773333333333333,3.808666666666667,0,1,1,58837,60938,2101,110,115,4,inferred_uniform_text_timing,ffmpeg_audio_sample_rate,video_frame_index_and_fps
'-wny0OAz3g8_2,'-wny0OAz3g8,2,29,3.808666666666667,3.94,1,1,1,60938,63040,2102,114,119,4,inferred_uniform_text_timing,ffmpeg_audio_sample_rate,video_frame_index_and_fps
'-wny0OAz3g8_2,'-wny0OAz3g8,2,30,3.94,4.0713333333333335,0,1,1,63040,65141,2101,118,123,4,inferred_uniform_text_timing,ffmpeg_audio_sample_rate,video_frame_index_and_fps
'-wny0OAz3g8_2,'-wny0OAz3g8,2,31,4.0713333333333335,4.2026666666666666,1,1,1,65141,67242,2101,122,127,4,inferred_uniform_text_timing,ffmpeg_audio_sample_rate,video_frame_index_and_fps
'-wny0OAz3g8_2,'-wny0OAz3g8,2,32,4.2026666666666666,4.334,0,1,1,67242,69344,2102,126,131,4,inferred_uniform_text_timing,ffmpeg_audio_sample_rate,video_frame_index_and_fps
'-wny0OAz3g8_2,'-wny0OAz3g8,2,33,4.334,4.465333333333333,1,1,1,69344,71445,2101,130,134,3,inferred_uniform_text_timing,ffmpeg_audio_sample_rate,video_frame_index_and_fps
'-wny0OAz3g8_2,'-wny0OAz3g8,2,34,4.465333333333333,4.596666666666667,1,1,1,71445,73546,2101,133,138,4,inferred_uniform_text_timing,ffmpeg_audio_sample_rate,video_frame_index_and_fps
'-wny0OAz3g8_2,'-wny0OAz3g8,2,35,4.596666666666667,4.728,0,1,1,73546,75648,2102,137,142,4,inferred_uniform_text_timing,ffmpeg_audio_sample_rate,video_frame_index_and_fps
'-wny0OAz3g8_2,'-wny0OAz3g8,2,36,4.728,4.859333333333334,1,1,1,75648,77749,2101,141,146,4,inferred_uniform_text_timing,ffmpeg_audio_sample_rate,video_frame_index_and_fps
'-wny0OAz3g8_2,'-wny0OAz3g8,2,37,4.859333333333334,4.990666666666667,0,1,1,77749,79850,2101,145,150,4,inferred_uniform_text_timing,ffmpeg_audio_sample_rate,video_frame_index_and_fps
'-wny0OAz3g8_2,'-wny0OAz3g8,2,38,4.990666666666667,5.121999999999999,1,1,1,79850,81951,2101,149,154,4,inferred_uniform_text_timing,ffmpeg_audio_sample_rate,video_frame_index_and_fps
'-wny0OAz3g8_2,'-wny0OAz3g8,2,39,5.121999999999999,5.253333333333333,0,1,1,81951,84053,2102,153,158,4,inferred_uniform_text_timing,ffmpeg_audio_sample_rate,video_frame_index_and_fps
'-wny0OAz3g8_2,'-wny0OAz3g8,2,40,5.253333333333333,5.384666666666667,1,1,1,84053,86154,2101,157,162,4,inferred_uniform_text_timing,ffmpeg_audio_sample_rate,video_frame_index_and_fps
'-wny0OAz3g8_2,'-wny0OAz3g8,2,41,5.384666666666667,5.516,1,1,1,86154,88256,2102,161,166,4,inferred_uniform_text_timing,ffmpeg_audio_sample_rate,video_frame_index_and_fps
'-wny0OAz3g8_2,'-wny0OAz3g8,2,42,5.516,5.647333333333333,0,1,1,88256,90357,2101,165,170,4,inferred_uniform_text_timing,ffmpeg_audio_sample_rate,video_frame_index_and_fps
'-wny0OAz3g8_2,'-wny0OAz3g8,2,43,5.647333333333333,5.778666666666667,1,1,1,90357,92458,2101,169,174,4,inferred_uniform_text_timing,ffmpeg_audio_sample_rate,video_frame_index_and_fps
'-wny0OAz3g8_2,'-wny0OAz3g8,2,44,5.778666666666667,5.91,0,1,1,92458,94560,2102,173,178,4,inferred_uniform_text_timing,ffmpeg_audio_sample_rate,video_frame_index_and_fps
'-wny0OAz3g8_2,'-wny0OAz3g8,2,45,5.91,6.041333333333333,1,1,1,94560,96661,2101,177,182,4,inferred_uniform_text_timing,ffmpeg_audio_sample_rate,video_frame_index_and_fps
'-wny0OAz3g8_2,'-wny0OAz3g8,2,46,6.041333333333333,6.172666666666666,0,1,1,96661,98762,2101,181,186,4,inferred_uniform_text_timing,ffmpeg_audio_sample_rate,video_frame_index_and_fps
'-wny0OAz3g8_2,'-wny0OAz3g8,2,47,6.172666666666666,6.303999999999999,1,1,1,98762,100863,2101,185,190,4,inferred_uniform_text_timing,ffmpeg_audio_sample_rate,video_frame_index_and_fps
'-wny0OAz3g8_2,'-wny0OAz3g8,2,48,6.303999999999999,6.435333333333333,0,1,1,100863,102965,2102,189,194,4,inferred_uniform_text_timing,ffmpeg_audio_sample_rate,video_frame_index_and_fps
'-wny0OAz3g8_2,'-wny0OAz3g8,2,49,6.435333333333333,6.566666666666666,1,1,1,102965,105066,1398,193,197,3,inferred_uniform_text_timing,ffmpeg_audio_sample_rate,video_frame_index_and_fps
'-wny0OAz3g8_5,'-wny0OAz3g8,5,0,0.0,0.136,0,1,1,0,2176,2176,0,5,5,inferred_uniform_text_timing,ffmpeg_audio_sample_rate,video_frame_index_and_fps
'-wny0OAz3g8_5,'-wny0OAz3g8,5,1,0.136,0.272,1,1,1,2176,4352,2176,4,9,4,inferred_uniform_text_timing,ffmpeg_audio_sample_rate,video_frame_index_and_fps
'-wny0OAz3g8_5,'-wny0OAz3g8,5,2,0.272,0.408,0,1,1,4352,6528,2176,8,13,4,inferred_uniform_text_timing,ffmpeg_audio_sample_rate,video_frame_index_and_fps
'-wny0OAz3g8_5,'-wny0OAz3g8,5,3,0.408,0.544,1,1,1,6528,8704,2176,12,17,4,inferred_uniform_text_timing,ffmpeg_audio_sample_rate,video_frame_index_and_fps
'-wny0OAz3g8_5,'-wny0OAz3g8,5,4,0.544,0.68,0,1,1,8704,10880,2176,16,21,4,inferred_uniform_text_timing,ffmpeg_audio_sample_rate,video_frame_index_and_fps
'-wny0OAz3g8_5,'-wny0OAz3g8,5,5,0.68,0.816,1,1,1,10880,13056,2176,20,25,4,inferred_uniform_text_timing,ffmpeg_audio_sample_rate,video_frame_index_and_fps
'-wny0OAz3g8_5,'-wny0OAz3g8,5,6,0.816,0.9520000000000001,0,1,1,13056,15232,2176,24,29,4,inferred_uniform_text_timing,ffmpeg_audio_sample_rate,video_frame_index_and_fps
'-wny0OAz3g8_5,'-wny0OAz3g8,5,7,0.9520000000000001,1.088,1,1,1,15232,17408,2176,28,33,4,inferred_uniform_text_timing,ffmpeg_audio_sample_rate,video_frame_index_and_fps
'-wny0OAz3g8_5,'-wny0OAz3g8,5,8,1.088,1.224,0,1,1,17408,19584,2176,32,37,4,inferred_uniform_text_timing,ffmpeg_audio_sample_rate,video_frame_index_and_fps
'-wny0OAz3g8_5,'-wny0OAz3g8,5,9,1.224,1.36,1,1,1,19584,21760,2176,36,41,4,inferred_uniform_text_timing,ffmpeg_audio_sample_rate,video_frame_index_and_fps
'-wny0OAz3g8_5,'-wny0OAz3g8,5,10,1.36,1.496,0,1,1,21760,23936,2176,40,45,4,inferred_uniform_text_timing,ffmpeg_audio_sample_rate,video_frame_index_and_fps
'-wny0OAz3g8_5,'-wny0OAz3g8,5,11,1.496,1.632,1,1,1,23936,26112,2176,44,49,4,inferred_uniform_text_timing,ffmpeg_audio_sample_rate,video_frame_index_and_fps
'-wny0OAz3g8_5,'-wny0OAz3g8,5,12,1.632,1.7679999999999998,0,1,1,26112,28287,2175,48,54,5,inferred_uniform_text_timing,ffmpeg_audio_sample_rate,video_frame_index_and_fps
'-wny0OAz3g8_5,'-wny0OAz3g8,5,13,1.7679999999999998,1.9040000000000001,0,1,1,28287,30464,2177,53,58,4,inferred_uniform_text_timing,ffmpeg_audio_sample_rate,video_frame_index_and_fps
'-wny0OAz3g8_5,'-wny0OAz3g8,5,14,1.9040000000000001,2.04,1,1,1,30464,32640,2176,57,62,4,inferred_uniform_text_timing,ffmpeg_audio_sample_rate,video_frame_index_and_fps
'-wny0OAz3g8_5,'-wny0OAz3g8,5,15,2.04,2.176,0,1,1,32640,34816,2176,61,66,4,inferred_uniform_text_timing,ffmpeg_audio_sample_rate,video_frame_index_and_fps
'-wny0OAz3g8_5,'-wny0OAz3g8,5,16,2.176,2.312,1,1,1,34816,36992,2176,65,70,4,inferred_uniform_text_timing,ffmpeg_audio_sample_rate,video_frame_index_and_fps
'-wny0OAz3g8_5,'-wny0OAz3g8,5,17,2.312,2.448,0,1,1,36992,39168,2176,69,74,4,inferred_uniform_text_timing,ffmpeg_audio_sample_rate,video_frame_index_and_fps
'-wny0OAz3g8_5,'-wny0OAz3g8,5,18,2.448,2.5839999999999996,1,1,1,39168,41343,2175,73,78,4,inferred_uniform_text_timing,ffmpeg_audio_sample_rate,video_frame_index_and_fps
'-wny0OAz3g8_5,'-wny0OAz3g8,5,19,2.5839999999999996,2.72,0,1,1,41343,43520,2177,77,82,4,inferred_uniform_text_timing,ffmpeg_audio_sample_rate,video_frame_index_and_fps
'-wny0OAz3g8_5,'-wny0OAz3g8,5,20,2.72,2.856,1,1,1,43520,45696,2176,81,86,4,inferred_uniform_text_timing,ffmpeg_audio_sample_rate,video_frame_index_and_fps
'-wny0OAz3g8_5,'-wny0OAz3g8,5,21,2.856,2.992,0,1,1,45696,47872,2176,85,90,4,inferred_uniform_text_timing,ffmpeg_audio_sample_rate,video_frame_index_and_fps
'-wny0OAz3g8_5,'-wny0OAz3g8,5,22,2.992,3.128,1,1,1,47872,50048,2176,89,94,4,inferred_uniform_text_timing,ffmpeg_audio_sample_rate,video_frame_index_and_fps
'-wny0OAz3g8_5,'-wny0OAz3g8,5,23,3.128,3.264,0,1,1,50048,52224,2176,93,98,4,inferred_uniform_text_timing,ffmpeg_audio_sample_rate,video_frame_index_and_fps
'-wny0OAz3g8_5,'-wny0OAz3g8,5,24,3.264,3.4,0,1,1,52224,54400,2176,97,102,4,inferred_uniform_text_timing,ffmpeg_audio_sample_rate,video_frame_index_and_fps
'-wny0OAz3g8_5,'-wny0OAz3g8,5,25,3.4,3.5359999999999996,1,1,1,54400,56575,2175,102,107,5,inferred_uniform_text_timing,ffmpeg_audio_sample_rate,video_frame_index_and_fps
'-wny0OAz3g8_5,'-wny0OAz3g8,5,26,3.5359999999999996,3.6719999999999997,0,1,1,56575,58751,2176,106,111,4,inferred_uniform_text_timing,ffmpeg_audio_sample_rate,video_frame_index_and_fps
'-wny0OAz3g8_5,'-wny0OAz3g8,5,27,3.6719999999999997,3.8080000000000003,1,1,1,58751,60928,2177,110,115,4,inferred_uniform_text_timing,ffmpeg_audio_sample_rate,video_frame_index_and_fps
'-wny0OAz3g8_5,'-wny0OAz3g8,5,28,3.8080000000000003,3.944,0,1,1,60928,63104,2176,114,119,4,inferred_uniform_text_timing,ffmpeg_audio_sample_rate,video_frame_index_and_fps
'-wny0OAz3g8_5,'-wny0OAz3g8,5,29,3.944,4.08,1,1,1,63104,65280,2176,118,123,4,inferred_uniform_text_timing,ffmpeg_audio_sample_rate,video_frame_index_and_fps
'-wny0OAz3g8_5,'-wny0OAz3g8,5,30,4.08,4.215999999999999,0,1,1,65280,67455,2175,122,127,4,inferred_uniform_text_timing,ffmpeg_audio_sample_rate,video_frame_index_and_fps
'-wny0OAz3g8_5,'-wny0OAz3g8,5,31,4.215999999999999,4.352,1,1,1,67455,69632,2177,126,131,4,inferred_uniform_text_timing,ffmpeg_audio_sample_rate,video_frame_index_and_fps
'-wny0OAz3g8_5,'-wny0OAz3g8,5,32,4.352,4.488,0,1,1,69632,71808,2176,130,135,4,inferred_uniform_text_timing,ffmpeg_audio_sample_rate,video_frame_index_and_fps
'-wny0OAz3g8_5,'-wny0OAz3g8,5,33,4.488,4.624,1,1,1,71808,73984,2176,134,139,4,inferred_uniform_text_timing,ffmpeg_audio_sample_rate,video_frame_index_and_fps
'-wny0OAz3g8_5,'-wny0OAz3g8,5,34,4.624,4.76,0,1,1,73984,76160,2176,138,143,4,inferred_uniform_text_timing,ffmpeg_audio_sample_rate,video_frame_index_and_fps
'-wny0OAz3g8_5,'-wny0OAz3g8,5,35,4.76,4.896,1,1,1,76160,78336,2176,142,147,4,inferred_uniform_text_timing,ffmpeg_audio_sample_rate,video_frame_index_and_fps
'-wny0OAz3g8_5,'-wny0OAz3g8,5,36,4.896,5.032,0,1,1,78336,80512,2176,146,151,4,inferred_uniform_text_timing,ffmpeg_audio_sample_rate,video_frame_index_and_fps
'-wny0OAz3g8_5,'-wny0OAz3g8,5,37,5.032,5.167999999999999,0,1,1,80512,82687,2175,150,156,5,inferred_uniform_text_timing,ffmpeg_audio_sample_rate,video_frame_index_and_fps
'-wny0OAz3g8_5,'-wny0OAz3g8,5,38,5.167999999999999,5.303999999999999,1,1,1,82687,84863,2176,155,160,4,inferred_uniform_text_timing,ffmpeg_audio_sample_rate,video_frame_index_and_fps
'-wny0OAz3g8_5,'-wny0OAz3g8,5,39,5.303999999999999,5.44,0,1,1,84863,87040,2177,159,164,4,inferred_uniform_text_timing,ffmpeg_audio_sample_rate,video_frame_index_and_fps
'-wny0OAz3g8_5,'-wny0OAz3g8,5,40,5.44,5.5760000000000005,1,1,1,87040,89216,2176,163,168,4,inferred_uniform_text_timing,ffmpeg_audio_sample_rate,video_frame_index_and_fps
'-wny0OAz3g8_5,'-wny0OAz3g8,5,41,5.5760000000000005,5.712,0,1,1,89216,91392,2176,167,172,4,inferred_uniform_text_timing,ffmpeg_audio_sample_rate,video_frame_index_and_fps
'-wny0OAz3g8_5,'-wny0OAz3g8,5,42,5.712,5.848,1,1,1,91392,93568,2176,171,176,4,inferred_uniform_text_timing,ffmpeg_audio_sample_rate,video_frame_index_and_fps
'-wny0OAz3g8_5,'-wny0OAz3g8,5,43,5.848,5.984,0,1,1,93568,95744,2176,175,180,4,inferred_uniform_text_timing,ffmpeg_audio_sample_rate,video_frame_index_and_fps
'-wny0OAz3g8_5,'-wny0OAz3g8,5,44,5.984,6.12,1,1,1,95744,97920,2176,179,184,4,inferred_uniform_text_timing,ffmpeg_audio_sample_rate,video_frame_index_and_fps
'-wny0OAz3g8_5,'-wny0OAz3g8,5,45,6.12,6.256,0,1,1,97920,100096,2176,183,188,4,inferred_uniform_text_timing,ffmpeg_audio_sample_rate,video_frame_index_and_fps
'-wny0OAz3g8_5,'-wny0OAz3g8,5,46,6.256,6.3919999999999995,1,1,1,100096,102271,2175,187,192,4,inferred_uniform_text_timing,ffmpeg_audio_sample_rate,video_frame_index_and_fps
'-wny0OAz3g8_5,'-wny0OAz3g8,5,47,6.3919999999999995,6.528,0,1,1,102271,104448,2177,191,196,4,inferred_uniform_text_timing,ffmpeg_audio_sample_rate,video_frame_index_and_fps
'-wny0OAz3g8_5,'-wny0OAz3g8,5,48,6.528,6.664,1,1,1,104448,106624,2176,195,200,4,inferred_uniform_text_timing,ffmpeg_audio_sample_rate,video_frame_index_and_fps
'-wny0OAz3g8_5,'-wny0OAz3g8,5,49,6.664,6.8,0,1,1,106624,108800,1239,199,204,4,inferred_uniform_text_timing,ffmpeg_audio_sample_rate,video_frame_index_and_fps
'-wny0OAz3g8_7,'-wny0OAz3g8,7,0,0.0,0.16,1,1,1,0,2560,2560,0,5,5,inferred_uniform_text_timing,ffmpeg_audio_sample_rate,video_frame_index_and_fps
'-wny0OAz3g8_7,'-wny0OAz3g8,7,1,0.16,0.32,0,1,1,2560,5120,2560,4,10,5,inferred_uniform_text_timing,ffmpeg_audio_sample_rate,video_frame_index_and_fps
'-wny0OAz3g8_7,'-wny0OAz3g8,7,2,0.32,0.48,1,1,1,5120,7680,2560,9,15,5,inferred_uniform_text_timing,ffmpeg_audio_sample_rate,video_frame_index_and_fps
'-wny0OAz3g8_7,'-wny0OAz3g8,7,3,0.48,0.64,0,1,1,7680,10240,2560,14,20,5,inferred_uniform_text_timing,ffmpeg_audio_sample_rate,video_frame_index_and_fps
'-wny0OAz3g8_7,'-wny0OAz3g8,7,4,0.64,0.8,1,1,1,10240,12800,2560,19,24,4,inferred_uniform_text_timing,ffmpeg_audio_sample_rate,video_frame_index_and_fps
'-wny0OAz3g8_7,'-wny0OAz3g8,7,5,0.8,0.96,0,1,1,12800,15360,2560,24,29,5,inferred_uniform_text_timing,ffmpeg_audio_sample_rate,video_frame_index_and_fps
'-wny0OAz3g8_7,'-wny0OAz3g8,7,6,0.96,1.12,1,1,1,15360,17920,2560,28,34,5,inferred_uniform_text_timing,ffmpeg_audio_sample_rate,video_frame_index_and_fps
'-wny0OAz3g8_7,'-wny0OAz3g8,7,7,1.12,1.28,1,1,1,17920,20480,2560,33,39,5,inferred_uniform_text_timing,ffmpeg_audio_sample_rate,video_frame_index_and_fps
'-wny0OAz3g8_7,'-wny0OAz3g8,7,8,1.28,1.44,0,1,1,20480,23040,2560,38,44,5,inferred_uniform_text_timing,ffmpeg_audio_sample_rate,video_frame_index_and_fps
'-wny0OAz3g8_7,'-wny0OAz3g8,7,9,1.44,1.6,1,1,1,23040,25600,2560,43,48,4,inferred_uniform_text_timing,ffmpeg_audio_sample_rate,video_frame_index_and_fps
'-wny0OAz3g8_7,'-wny0OAz3g8,7,10,1.6,1.76,0,1,1,25600,28160,2560,48,53,5,inferred_uniform_text_timing,ffmpeg_audio_sample_rate,video_frame_index_and_fps
'-wny0OAz3g8_7,'-wny0OAz3g8,7,11,1.76,1.92,1,1,1,28160,30720,2560,52,58,5,inferred_uniform_text_timing,ffmpeg_audio_sample_rate,video_frame_index_and_fps
'-wny0OAz3g8_7,'-wny0OAz3g8,7,12,1.92,2.08,1,1,1,30720,33280,2560,57,63,5,inferred_uniform_text_timing,ffmpeg_audio_sample_rate,video_frame_index_and_fps
'-wny0OAz3g8_7,'-wny0OAz3g8,7,13,2.08,2.24,0,1,1,33280,35840,2560,62,68,5,inferred_uniform_text_timing,ffmpeg_audio_sample_rate,video_frame_index_and_fps
'-wny0OAz3g8_7,'-wny0OAz3g8,7,14,2.24,2.4,1,1,1,35840,38400,2560,67,72,4,inferred_uniform_text_timing,ffmpeg_audio_sample_rate,video_frame_index_and_fps
'-wny0OAz3g8_7,'-wny0OAz3g8,7,15,2.4,2.56,0,1,1,38400,40960,2560,72,77,5,inferred_uniform_text_timing,ffmpeg_audio_sample_rate,video_frame_index_and_fps
'-wny0OAz3g8_7,'-wny0OAz3g8,7,16,2.56,2.72,1,1,1,40960,43520,2560,76,82,5,inferred_uniform_text_timing,ffmpeg_audio_sample_rate,video_frame_index_and_fps
'-wny0OAz3g8_7,'-wny0OAz3g8,7,17,2.72,2.88,0,1,1,43520,46080,2560,81,87,5,inferred_uniform_text_timing,ffmpeg_audio_sample_rate,video_frame_index_and_fps
'-wny0OAz3g8_7,'-wny0OAz3g8,7,18,2.88,3.04,1,1,1,46080,48640,2560,86,92,5,inferred_uniform_text_timing,ffmpeg_audio_sample_rate,video_frame_index_and_fps
'-wny0OAz3g8_7,'-wny0OAz3g8,7,19,3.04,3.2,1,1,1,48640,51200,2560,91,96,4,inferred_uniform_text_timing,ffmpeg_audio_sample_rate,video_frame_index_and_fps
'-wny0OAz3g8_7,'-wny0OAz3g8,7,20,3.2,3.36,0,1,1,51200,53760,2560,96,101,5,inferred_uniform_text_timing,ffmpeg_audio_sample_rate,video_frame_index_and_fps
'-wny0OAz3g8_7,'-wny0OAz3g8,7,21,3.36,3.52,1,1,1,53760,56320,2560,100,106,5,inferred_uniform_text_timing,ffmpeg_audio_sample_rate,video_frame_index_and_fps
'-wny0OAz3g8_7,'-wny0OAz3g8,7,22,3.52,3.68,0,1,1,56320,58880,2560,105,111,5,inferred_uniform_text_timing,ffmpeg_audio_sample_rate,video_frame_index_and_fps
'-wny0OAz3g8_7,'-wny0OAz3g8,7,23,3.68,3.84,1,1,1,58880,61440,2560,110,116,5,inferred_uniform_text_timing,ffmpeg_audio_sample_rate,video_frame_index_and_fps
'-wny0OAz3g8_7,'-wny0OAz3g8,7,24,3.84,4.0,0,1,1,61440,64000,2560,115,120,4,inferred_uniform_text_timing,ffmpeg_audio_sample_rate,video_frame_index_and_fps
'-wny0OAz3g8_7,'-wny0OAz3g8,7,25,4.0,4.16,1,1,1,64000,66560,2560,120,125,5,inferred_uniform_text_timing,ffmpeg_audio_sample_rate,video_frame_index_and_fps
'-wny0OAz3g8_7,'-wny0OAz3g8,7,26,4.16,4.32,1,1,1,66560,69120,2560,124,130,5,inferred_uniform_text_timing,ffmpeg_audio_sample_rate,video_frame_index_and_fps
'-wny0OAz3g8_7,'-wny0OAz3g8,7,27,4.32,4.48,0,1,1,69120,71680,2560,129,135,5,inferred_uniform_text_timing,ffmpeg_audio_sample_rate,video_frame_index_and_fps
'-wny0OAz3g8_7,'-wny0OAz3g8,7,28,4.48,4.64,1,1,1,71680,74240,2560,134,140,5,inferred_uniform_text_timing,ffmpeg_audio_sample_rate,video_frame_index_and_fps
'-wny0OAz3g8_7,'-wny0OAz3g8,7,29,4.64,4.8,0,1,1,74240,76800,2560,139,144,4,inferred_uniform_text_timing,ffmpeg_audio_sample_rate,video_frame_index_and_fps
'-wny0OAz3g8_7,'-wny0OAz3g8,7,30,4.8,4.96,1,1,1,76800,79360,2560,144,149,5,inferred_uniform_text_timing,ffmpeg_audio_sample_rate,video_frame_index_and_fps
'-wny0OAz3g8_7,'-wny0OAz3g8,7,31,4.96,5.12,1,1,1,79360,81920,2560,148,154,5,inferred_uniform_text_timing,ffmpeg_audio_sample_rate,video_frame_index_and_fps
'-wny0OAz3g8_7,'-wny0OAz3g8,7,32,5.12,5.28,0,1,1,81920,84480,2560,153,159,5,inferred_uniform_text_timing,ffmpeg_audio_sample_rate,video_frame_index_and_fps
'-wny0OAz3g8_7,'-wny0OAz3g8,7,33,5.28,5.44,1,1,1,84480,87040,2560,158,164,5,inferred_uniform_text_timing,ffmpeg_audio_sample_rate,video_frame_index_and_fps
'-wny0OAz3g8_7,'-wny0OAz3g8,7,34,5.44,5.6,0,1,1,87040,89600,2560,163,168,4,inferred_uniform_text_timing,ffmpeg_audio_sample_rate,video_frame_index_and_fps
'-wny0OAz3g8_7,'-wny0OAz3g8,7,35,5.6,5.76,1,1,1,89600,92160,2560,168,173,5,inferred_uniform_text_timing,ffmpeg_audio_sample_rate,video_frame_index_and_fps
'-wny0OAz3g8_7,'-wny0OAz3g8,7,36,5.76,5.92,0,1,1,92160,94720,2560,172,178,5,inferred_uniform_text_timing,ffmpeg_audio_sample_rate,video_frame_index_and_fps
'-wny0OAz3g8_7,'-wny0OAz3g8,7,37,5.92,6.08,1,1,1,94720,97280,2560,177,183,5,inferred_uniform_text_timing,ffmpeg_audio_sample_rate,video_frame_index_and_fps
'-wny0OAz3g8_7,'-wny0OAz3g8,7,38,6.08,6.24,1,1,1,97280,99840,2560,182,188,5,inferred_uniform_text_timing,ffmpeg_audio_sample_rate,video_frame_index_and_fps
'-wny0OAz3g8_7,'-wny0OAz3g8,7,39,6.24,6.4,0,1,1,99840,102400,2560,187,192,4,inferred_uniform_text_timing,ffmpeg_audio_sample_rate,video_frame_index_and_fps
'-wny0OAz3g8_7,'-wny0OAz3g8,7,40,6.4,6.56,1,1,1,102400,104960,2560,192,197,5,inferred_uniform_text_timing,ffmpeg_audio_sample_rate,video_frame_index_and_fps
'-wny0OAz3g8_7,'-wny0OAz3g8,7,41,6.56,6.72,0,1,1,104960,107520,2560,196,202,5,inferred_uniform_text_timing,ffmpeg_audio_sample_rate,video_frame_index_and_fps
'-wny0OAz3g8_7,'-wny0OAz3g8,7,42,6.72,6.88,1,1,1,107520,110080,2560,201,207,5,inferred_uniform_text_timing,ffmpeg_audio_sample_rate,video_frame_index_and_fps
'-wny0OAz3g8_7,'-wny0OAz3g8,7,43,6.88,7.04,1,1,1,110080,112640,2560,206,212,5,inferred_uniform_text_timing,ffmpeg_audio_sample_rate,video_frame_index_and_fps
'-wny0OAz3g8_7,'-wny0OAz3g8,7,44,7.04,7.2,0,1,1,112640,115200,2560,211,216,4,inferred_uniform_text_timing,ffmpeg_audio_sample_rate,video_frame_index_and_fps
'-wny0OAz3g8_7,'-wny0OAz3g8,7,45,7.2,7.36,1,1,1,115200,117760,2560,216,221,5,inferred_uniform_text_timing,ffmpeg_audio_sample_rate,video_frame_index_and_fps
'-wny0OAz3g8_7,'-wny0OAz3g8,7,46,7.36,7.52,0,1,1,117760,120320,2560,220,226,5,inferred_uniform_text_timing,ffmpeg_audio_sample_rate,video_frame_index_and_fps
'-wny0OAz3g8_7,'-wny0OAz3g8,7,47,7.52,7.68,1,1,1,120320,122880,2560,225,231,5,inferred_uniform_text_timing,ffmpeg_audio_sample_rate,video_frame_index_and_fps
'-wny0OAz3g8_7,'-wny0OAz3g8,7,48,7.68,7.84,0,1,1,122880,125440,2560,230,236,5,inferred_uniform_text_timing,ffmpeg_audio_sample_rate,video_frame_index_and_fps
'-wny0OAz3g8_7,'-wny0OAz3g8,7,49,7.84,8.0,1,1,1,125440,128000,1128,235,240,4,inferred_uniform_text_timing,ffmpeg_audio_sample_rate,video_frame_index_and_fps
'-wny0OAz3g8_9,'-wny0OAz3g8,9,0,0.0,0.122,0,1,1,0,1952,1952,0,4,4,inferred_uniform_text_timing,ffmpeg_audio_sample_rate,video_frame_index_and_fps
'-wny0OAz3g8_9,'-wny0OAz3g8,9,1,0.122,0.244,1,1,1,1952,3904,1952,3,8,4,inferred_uniform_text_timing,ffmpeg_audio_sample_rate,video_frame_index_and_fps
'-wny0OAz3g8_9,'-wny0OAz3g8,9,2,0.244,0.36599999999999994,0,1,1,3904,5855,1951,7,11,3,inferred_uniform_text_timing,ffmpeg_audio_sample_rate,video_frame_index_and_fps
'-wny0OAz3g8_9,'-wny0OAz3g8,9,3,0.36599999999999994,0.488,1,1,1,5855,7808,1953,10,15,4,inferred_uniform_text_timing,ffmpeg_audio_sample_rate,video_frame_index_and_fps
'-wny0OAz3g8_9,'-wny0OAz3g8,9,4,0.488,0.61,0,1,1,7808,9760,1952,14,19,4,inferred_uniform_text_timing,ffmpeg_audio_sample_rate,video_frame_index_and_fps
'-wny0OAz3g8_9,'-wny0OAz3g8,9,5,0.61,0.7319999999999999,1,1,1,9760,11711,1951,18,22,3,inferred_uniform_text_timing,ffmpeg_audio_sample_rate,video_frame_index_and_fps
'-wny0OAz3g8_9,'-wny0OAz3g8,9,6,0.7319999999999999,0.8539999999999999,0,1,1,11711,13663,1952,21,26,4,inferred_uniform_text_timing,ffmpeg_audio_sample_rate,video_frame_index_and_fps
'-wny0OAz3g8_9,'-wny0OAz3g8,9,7,0.8539999999999999,0.976,1,1,1,13663,15616,1953,25,30,4,inferred_uniform_text_timing,ffmpeg_audio_sample_rate,video_frame_index_and_fps
'-wny0OAz3g8_9,'-wny0OAz3g8,9,8,0.976,1.0979999999999999,0,1,1,15616,17567,1951,29,33,3,inferred_uniform_text_timing,ffmpeg_audio_sample_rate,video_frame_index_and_fps
'-wny0OAz3g8_9,'-wny0OAz3g8,9,9,1.0979999999999999,1.22,0,1,1,17567,19520,1953,32,37,4,inferred_uniform_text_timing,ffmpeg_audio_sample_rate,video_frame_index_and_fps
'-wny0OAz3g8_9,'-wny0OAz3g8,9,10,1.22,1.3419999999999999,1,1,1,19520,21471,1951,36,41,4,inferred_uniform_text_timing,ffmpeg_audio_sample_rate,video_frame_index_and_fps
'-wny0OAz3g8_9,'-wny0OAz3g8,9,11,1.3419999999999999,1.4639999999999997,0,1,1,21471,23423,1952,40,44,3,inferred_uniform_text_timing,ffmpeg_audio_sample_rate,video_frame_index_and_fps
'-wny0OAz3g8_9,'-wny0OAz3g8,9,12,1.4639999999999997,1.5859999999999999,1,1,1,23423,25375,1952,43,48,4,inferred_uniform_text_timing,ffmpeg_audio_sample_rate,video_frame_index_and_fps
'-wny0OAz3g8_9,'-wny0OAz3g8,9,13,1.5859999999999999,1.7079999999999997,0,1,1,25375,27327,1952,47,52,4,inferred_uniform_text_timing,ffmpeg_audio_sample_rate,video_frame_index_and_fps
'-wny0OAz3g8_9,'-wny0OAz3g8,9,14,1.7079999999999997,1.83,1,1,1,27327,29280,1953,51,55,3,inferred_uniform_text_timing,ffmpeg_audio_sample_rate,video_frame_index_and_fps
'-wny0OAz3g8_9,'-wny0OAz3g8,9,15,1.83,1.952,0,1,1,29280,31232,1952,54,59,4,inferred_uniform_text_timing,ffmpeg_audio_sample_rate,video_frame_index_and_fps
'-wny0OAz3g8_9,'-wny0OAz3g8,9,16,1.952,2.074,0,1,1,31232,33184,1952,58,63,4,inferred_uniform_text_timing,ffmpeg_audio_sample_rate,video_frame_index_and_fps
'-wny0OAz3g8_9,'-wny0OAz3g8,9,17,2.074,2.1959999999999997,1,1,1,33184,35135,1951,62,66,3,inferred_uniform_text_timing,ffmpeg_audio_sample_rate,video_frame_index_and_fps
'-wny0OAz3g8_9,'-wny0OAz3g8,9,18,2.1959999999999997,2.3179999999999996,0,1,1,35135,37087,1952,65,70,4,inferred_uniform_text_timing,ffmpeg_audio_sample_rate,video_frame_index_and_fps
'-wny0OAz3g8_9,'-wny0OAz3g8,9,19,2.3179999999999996,2.44,1,1,1,37087,39040,1953,69,74,4,inferred_uniform_text_timing,ffmpeg_audio_sample_rate,video_frame_index_and_fps
'-wny0OAz3g8_9,'-wny0OAz3g8,9,20,2.44,2.562,0,1,1,39040,40992,1952,73,77,3,inferred_uniform_text_timing,ffmpeg_audio_sample_rate,video_frame_index_and_fps
'-wny0OAz3g8_9,'-wny0OAz3g8,9,21,2.562,2.6839999999999997,1,1,1,40992,42943,1951,76,81,4,inferred_uniform_text_timing,ffmpeg_audio_sample_rate,video_frame_index_and_fps
'-wny0OAz3g8_9,'-wny0OAz3g8,9,22,2.6839999999999997,2.8059999999999996,0,1,1,42943,44895,1952,80,85,4,inferred_uniform_text_timing,ffmpeg_audio_sample_rate,video_frame_index_and_fps
'-wny0OAz3g8_9,'-wny0OAz3g8,9,23,2.8059999999999996,2.9279999999999995,1,1,1,44895,46847,1952,84,88,3,inferred_uniform_text_timing,ffmpeg_audio_sample_rate,video_frame_index_and_fps
'-wny0OAz3g8_9,'-wny0OAz3g8,9,24,2.9279999999999995,3.05,0,1,1,46847,48800,1953,87,92,4,inferred_uniform_text_timing,ffmpeg_audio_sample_rate,video_frame_index_and_fps
'-wny0OAz3g8_9,'-wny0OAz3g8,9,25,3.05,3.1719999999999997,0,1,1,48800,50751,1951,91,96,4,inferred_uniform_text_timing,ffmpeg_audio_sample_rate,video_frame_index_and_fps
'-wny0OAz3g8_9,'-wny0OAz3g8,9,26,3.1719999999999997,3.2939999999999996,1,1,1,50751,52703,1952,95,99,3,inferred_uniform_text_timing,ffmpeg_audio_sample_rate,video_frame_index_and_fps
'-wny0OAz3g8_9,'-wny0OAz3g8,9,27,3.2939999999999996,3.4159999999999995,0,1,1,52703,54655,1952,98,103,4,inferred_uniform_text_timing,ffmpeg_audio_sample_rate,video_frame_index_and_fps
'-wny0OAz3g8_9,'-wny0OAz3g8,9,28,3.4159999999999995,3.5379999999999994,1,1,1,54655,56607,1952,102,107,4,inferred_uniform_text_timing,ffmpeg_audio_sample_rate,video_frame_index_and_fps
'-wny0OAz3g8_9,'-wny0OAz3g8,9,29,3.5379999999999994,3.66,0,1,1,56607,58560,1953,106,110,3,inferred_uniform_text_timing,ffmpeg_audio_sample_rate,video_frame_index_and_fps
'-wny0OAz3g8_9,'-wny0OAz3g8,9,30,3.66,3.782,1,1,1,58560,60512,1952,109,114,4,inferred_uniform_text_timing,ffmpeg_audio_sample_rate,video_frame_index_and_fps
'-wny0OAz3g8_9,'-wny0OAz3g8,9,31,3.782,3.904,0,1,1,60512,62464,1952,113,118,4,inferred_uniform_text_timing,ffmpeg_audio_sample_rate,video_frame_index_and_fps
'-wny0OAz3g8_9,'-wny0OAz3g8,9,32,3.904,4.026,1,1,1,62464,64416,1952,117,121,3,inferred_uniform_text_timing,ffmpeg_audio_sample_rate,video_frame_index_and_fps
'-wny0OAz3g8_9,'-wny0OAz3g8,9,33,4.026,4.148,0,1,1,64416,66368,1952,120,125,4,inferred_uniform_text_timing,ffmpeg_audio_sample_rate,video_frame_index_and_fps
'-wny0OAz3g8_9,'-wny0OAz3g8,9,34,4.148,4.27,0,1,1,66368,68320,1952,124,129,4,inferred_uniform_text_timing,ffmpeg_audio_sample_rate,video_frame_index_and_fps
'-wny0OAz3g8_9,'-wny0OAz3g8,9,35,4.27,4.3919999999999995,1,1,1,68320,70271,1951,128,132,3,inferred_uniform_text_timing,ffmpeg_audio_sample_rate,video_frame_index_and_fps
'-wny0OAz3g8_9,'-wny0OAz3g8,9,36,4.3919999999999995,4.513999999999999,0,1,1,70271,72223,1952,131,136,4,inferred_uniform_text_timing,ffmpeg_audio_sample_rate,video_frame_index_and_fps
'-wny0OAz3g8_9,'-wny0OAz3g8,9,37,4.513999999999999,4.635999999999999,1,1,1,72223,74175,1952,135,140,4,inferred_uniform_text_timing,ffmpeg_audio_sample_rate,video_frame_index_and_fps
'-wny0OAz3g8_9,'-wny0OAz3g8,9,38,4.635999999999999,4.757999999999999,0,1,1,74175,76127,1952,139,143,3,inferred_uniform_text_timing,ffmpeg_audio_sample_rate,video_frame_index_and_fps
'-wny0OAz3g8_9,'-wny0OAz3g8,9,39,4.757999999999999,4.88,1,1,1,76127,78080,1953,142,147,4,inferred_uniform_text_timing,ffmpeg_audio_sample_rate,video_frame_index_and_fps
'-wny0OAz3g8_9,'-wny0OAz3g8,9,40,4.88,5.002,0,1,1,78080,80032,1952,146,151,4,inferred_uniform_text_timing,ffmpeg_audio_sample_rate,video_frame_index_and_fps
'-wny0OAz3g8_9,'-wny0OAz3g8,9,41,5.002,5.124,0,1,1,80032,81984,1952,150,154,3,inferred_uniform_text_timing,ffmpeg_audio_sample_rate,video_frame_index_and_fps
'-wny0OAz3g8_9,'-wny0OAz3g8,9,42,5.124,5.246,1,1,1,81984,83936,1952,153,158,4,inferred_uniform_text_timing,ffmpeg_audio_sample_rate,video_frame_index_and_fps
'-wny0OAz3g8_9,'-wny0OAz3g8,9,43,5.246,5.367999999999999,0,1,1,83936,85887,1951,157,162,4,inferred_uniform_text_timing,ffmpeg_audio_sample_rate,video_frame_index_and_fps
'-wny0OAz3g8_9,'-wny0OAz3g8,9,44,5.367999999999999,5.49,1,1,1,85887,87840,1953,161,165,3,inferred_uniform_text_timing,ffmpeg_audio_sample_rate,video_frame_index_and_fps
'-wny0OAz3g8_9,'-wny0OAz3g8,9,45,5.49,5.611999999999999,0,1,1,87840,89791,1951,164,169,4,inferred_uniform_text_timing,ffmpeg_audio_sample_rate,video_frame_index_and_fps
'-wny0OAz3g8_9,'-wny0OAz3g8,9,46,5.611999999999999,5.734,1,1,1,89791,91744,1953,168,173,4,inferred_uniform_text_timing,ffmpeg_audio_sample_rate,video_frame_index_and_fps
'-wny0OAz3g8_9,'-wny0OAz3g8,9,47,5.734,5.855999999999999,0,1,1,91744,93695,1951,172,176,3,inferred_uniform_text_timing,ffmpeg_audio_sample_rate,video_frame_index_and_fps
'-wny0OAz3g8_9,'-wny0OAz3g8,9,48,5.855999999999999,5.978,1,1,1,93695,95648,1953,175,180,4,inferred_uniform_text_timing,ffmpeg_audio_sample_rate,video_frame_index_and_fps
'-wny0OAz3g8_9,'-wny0OAz3g8,9,49,5.978,6.1,0,1,1,95648,97600,1048,179,183,3,inferred_uniform_text_timing,ffmpeg_audio_sample_rate,video_frame_index_and_fps
'-571d8cVauQ_0,'-571d8cVauQ,0,0,0.0,0.10133333333333333,0,1,1,0,1621,1621,0,4,4,inferred_uniform_text_timing,ffmpeg_audio_sample_rate,video_frame_index_and_fps
'-571d8cVauQ_0,'-571d8cVauQ,0,1,0.10133333333333333,0.20266666666666666,1,1,1,1621,3242,1621,3,7,3,inferred_uniform_text_timing,ffmpeg_audio_sample_rate,video_frame_index_and_fps
'-571d8cVauQ_0,'-571d8cVauQ,0,2,0.20266666666666666,0.304,0,1,1,3242,4864,1622,6,10,3,inferred_uniform_text_timing,ffmpeg_audio_sample_rate,video_frame_index_and_fps
'-571d8cVauQ_0,'-571d8cVauQ,0,3,0.304,0.4053333333333333,0,1,1,4864,6485,1621,9,13,3,inferred_uniform_text_timing,ffmpeg_audio_sample_rate,video_frame_index_and_fps
'-571d8cVauQ_0,'-571d8cVauQ,0,4,0.4053333333333333,0.5066666666666666,0,1,1,6485,8106,1621,12,16,3,inferred_uniform_text_timing,ffmpeg_audio_sample_rate,video_frame_index_and_fps
'-571d8cVauQ_0,'-571d8cVauQ,0,5,0.5066666666666666,0.608,1,1,1,8106,9728,1622,15,19,3,inferred_uniform_text_timing,ffmpeg_audio_sample_rate,video_frame_index_and_fps
'-571d8cVauQ_0,'-571d8cVauQ,0,6,0.608,0.7093333333333334,0,1,1,9728,11349,1621,18,22,3,inferred_uniform_text_timing,ffmpeg_audio_sample_rate,video_frame_index_and_fps
'-571d8cVauQ_0,'-571d8cVauQ,0,7,0.7093333333333334,0.8106666666666666,0,1,1,11349,12970,1621,21,25,3,inferred_uniform_text_timing,ffmpeg_audio_sample_rate,video_frame_index_and_fps
'-571d8cVauQ_0,'-571d8cVauQ,0,8,0.8106666666666666,0.9119999999999999,1,1,1,12970,14591,1621,24,28,3,inferred_uniform_text_timing,ffmpeg_audio_sample_rate,video_frame_index_and_fps
'-571d8cVauQ_0,'-571d8cVauQ,0,9,0.9119999999999999,1.0133333333333332,0,1,1,14591,16213,1622,27,31,3,inferred_uniform_text_timing,ffmpeg_audio_sample_rate,video_frame_index_and_fps
'-571d8cVauQ_0,'-571d8cVauQ,0,10,1.0133333333333332,1.1146666666666667,0,1,1,16213,17834,1621,30,34,3,inferred_uniform_text_timing,ffmpeg_audio_sample_rate,video_frame_index_and_fps
'-571d8cVauQ_0,'-571d8cVauQ,0,11,1.1146666666666667,1.216,0,1,1,17834,19456,1622,33,37,3,inferred_uniform_text_timing,ffmpeg_audio_sample_rate,video_frame_index_and_fps
'-571d8cVauQ_0,'-571d8cVauQ,0,12,1.216,1.3173333333333332,1,1,1,19456,21077,1621,36,40,3,inferred_uniform_text_timing,ffmpeg_audio_sample_rate,video_frame_index_and_fps
'-571d8cVauQ_0,'-571d8cVauQ,0,13,1.3173333333333332,1.4186666666666667,0,1,1,21077,22698,1621,39,43,3,inferred_uniform_text_timing,ffmpeg_audio_sample_rate,video_frame_index_and_fps
'-571d8cVauQ_0,'-571d8cVauQ,0,14,1.4186666666666667,1.52,0,1,1,22698,24320,1622,42,46,3,inferred_uniform_text_timing,ffmpeg_audio_sample_rate,video_frame_index_and_fps
'-571d8cVauQ_0,'-571d8cVauQ,0,15,1.52,1.6213333333333333,0,1,1,24320,25941,1621,45,49,3,inferred_uniform_text_timing,ffmpeg_audio_sample_rate,video_frame_index_and_fps
'-571d8cVauQ_0,'-571d8cVauQ,0,16,1.6213333333333333,1.7226666666666666,1,1,1,25941,27562,1621,48,52,3,inferred_uniform_text_timing,ffmpeg_audio_sample_rate,video_frame_index_and_fps
'-571d8cVauQ_0,'-571d8cVauQ,0,17,1.7226666666666666,1.8239999999999998,0,1,1,27562,29183,1621,51,55,3,inferred_uniform_text_timing,ffmpeg_audio_sample_rate,video_frame_index_and_fps
'-571d8cVauQ_0,'-571d8cVauQ,0,18,1.8239999999999998,1.9253333333333333,0,1,1,29183,30805,1622,54,58,3,inferred_uniform_text_timing,ffmpeg_audio_sample_rate,video_frame_index_and_fps
'-571d8cVauQ_0,'-571d8cVauQ,0,19,1.9253333333333333,2.0266666666666664,1,1,1,30805,32426,1621,57,61,3,inferred_uniform_text_timing,ffmpeg_audio_sample_rate,video_frame_index_and_fps
'-571d8cVauQ_0,'-571d8cVauQ,0,20,2.0266666666666664,2.1279999999999997,0,1,1,32426,34047,1621,60,64,3,inferred_uniform_text_timing,ffmpeg_audio_sample_rate,video_frame_index_and_fps
'-571d8cVauQ_0,'-571d8cVauQ,0,21,2.1279999999999997,2.2293333333333334,0,1,1,34047,35669,1622,63,67,3,inferred_uniform_text_timing,ffmpeg_audio_sample_rate,video_frame_index_and_fps
'-571d8cVauQ_0,'-571d8cVauQ,0,22,2.2293333333333334,2.3306666666666667,0,1,1,35669,37290,1621,66,70,3,inferred_uniform_text_timing,ffmpeg_audio_sample_rate,video_frame_index_and_fps
'-571d8cVauQ_0,'-571d8cVauQ,0,23,2.3306666666666667,2.432,1,1,1,37290,38912,1622,69,73,3,inferred_uniform_text_timing,ffmpeg_audio_sample_rate,video_frame_index_and_fps
'-571d8cVauQ_0,'-571d8cVauQ,0,24,2.432,2.533333333333333,0,1,1,38912,40533,1621,72,76,3,inferred_uniform_text_timing,ffmpeg_audio_sample_rate,video_frame_index_and_fps
'-571d8cVauQ_0,'-571d8cVauQ,0,25,2.533333333333333,2.6346666666666665,0,1,1,40533,42154,1621,76,80,4,inferred_uniform_text_timing,ffmpeg_audio_sample_rate,video_frame_index_and_fps
'-571d8cVauQ_0,'-571d8cVauQ,0,26,2.6346666666666665,2.7359999999999998,1,1,1,42154,43775,1621,79,83,3,inferred_uniform_text_timing,ffmpeg_audio_sample_rate,video_frame_index_and_fps
'-571d8cVauQ_0,'-571d8cVauQ,0,27,2.7359999999999998,2.8373333333333335,0,1,1,43775,45397,1622,82,86,3,inferred_uniform_text_timing,ffmpeg_audio_sample_rate,video_frame_index_and_fps
'-571d8cVauQ_0,'-571d8cVauQ,0,28,2.8373333333333335,2.9386666666666668,0,1,1,45397,47018,1621,85,89,3,inferred_uniform_text_timing,ffmpeg_audio_sample_rate,video_frame_index_and_fps
'-571d8cVauQ_0,'-571d8cVauQ,0,29,2.9386666666666668,3.04,0,1,1,47018,48640,1622,88,92,3,inferred_uniform_text_timing,ffmpeg_audio_sample_rate,video_frame_index_and_fps
'-571d8cVauQ_0,'-571d8cVauQ,0,30,3.04,3.1413333333333333,1,1,1,48640,50261,1621,91,95,3,inferred_uniform_text_timing,ffmpeg_audio_sample_rate,video_frame_index_and_fps
'-571d8cVauQ_0,'-571d8cVauQ,0,31,3.1413333333333333,3.2426666666666666,0,1,1,50261,51882,1621,94,98,3,inferred_uniform_text_timing,ffmpeg_audio_sample_rate,video_frame_index_and_fps
'-571d8cVauQ_0,'-571d8cVauQ,0,32,3.2426666666666666,3.344,0,1,1,51882,53504,1622,97,101,3,inferred_uniform_text_timing,ffmpeg_audio_sample_rate,video_frame_index_and_fps
'-571d8cVauQ_0,'-571d8cVauQ,0,33,3.344,3.445333333333333,1,1,1,53504,55125,1621,100,104,3,inferred_uniform_text_timing,ffmpeg_audio_sample_rate,video_frame_index_and_fps
'-571d8cVauQ_0,'-571d8cVauQ,0,34,3.445333333333333,3.5466666666666664,0,1,1,55125,56746,1621,103,107,3,inferred_uniform_text_timing,ffmpeg_audio_sample_rate,video_frame_index_and_fps
'-571d8cVauQ_0,'-571d8cVauQ,0,35,3.5466666666666664,3.6479999999999997,0,1,1,56746,58367,1621,106,110,3,inferred_uniform_text_timing,ffmpeg_audio_sample_rate,video_frame_index_and_fps
'-571d8cVauQ_0,'-571d8cVauQ,0,36,3.6479999999999997,3.7493333333333334,0,1,1,58367,59989,1622,109,113,3,inferred_uniform_text_timing,ffmpeg_audio_sample_rate,video_frame_index_and_fps
'-571d8cVauQ_0,'-571d8cVauQ,0,37,3.7493333333333334,3.8506666666666667,1,1,1,59989,61610,1621,112,116,3,inferred_uniform_text_timing,ffmpeg_audio_sample_rate,video_frame_index_and_fps
'-571d8cVauQ_0,'-571d8cVauQ,0,38,3.8506666666666667,3.952,0,1,1,61610,63232,1622,115,119,3,inferred_uniform_text_timing,ffmpeg_audio_sample_rate,video_frame_index_and_fps
'-571d8cVauQ_0,'-571d8cVauQ,0,39,3.952,4.053333333333333,0,1,1,63232,64853,1621,118,122,3,inferred_uniform_text_timing,ffmpeg_audio_sample_rate,video_frame_index_and_fps
'-571d8cVauQ_0,'-571d8cVauQ,0,40,4.053333333333333,4.1546666666666665,0,1,1,64853,66474,1621,121,125,3,inferred_uniform_text_timing,ffmpeg_audio_sample_rate,video_frame_index_and_fps
'-571d8cVauQ_0,'-571d8cVauQ,0,41,4.1546666666666665,4.255999999999999,1,1,1,66474,68095,1621,124,128,3,inferred_uniform_text_timing,ffmpeg_audio_sample_rate,video_frame_index_and_fps
'-571d8cVauQ_0,'-571d8cVauQ,0,42,4.255999999999999,4.357333333333333,0,1,1,68095,69717,1622,127,131,3,inferred_uniform_text_timing,ffmpeg_audio_sample_rate,video_frame_index_and_fps
'-571d8cVauQ_0,'-571d8cVauQ,0,43,4.357333333333333,4.458666666666667,0,1,1,69717,71338,1621,130,134,3,inferred_uniform_text_timing,ffmpeg_audio_sample_rate,video_frame_index_and_fps
'-571d8cVauQ_0,'-571d8cVauQ,0,44,4.458666666666667,4.56,1,1,1,71338,72960,1622,133,137,3,inferred_uniform_text_timing,ffmpeg_audio_sample_rate,video_frame_index_and_fps
'-571d8cVauQ_0,'-571d8cVauQ,0,45,4.56,4.661333333333333,0,1,1,72960,74581,1621,136,140,3,inferred_uniform_text_timing,ffmpeg_audio_sample_rate,video_frame_index_and_fps
'-571d8cVauQ_0,'-571d8cVauQ,0,46,4.661333333333333,4.762666666666666,0,1,1,74581,76202,1621,139,143,3,inferred_uniform_text_timing,ffmpeg_audio_sample_rate,video_frame_index_and_fps
'-571d8cVauQ_0,'-571d8cVauQ,0,47,4.762666666666666,4.864,0,1,1,76202,77824,1622,142,146,3,inferred_uniform_text_timing,ffmpeg_audio_sample_rate,video_frame_index_and_fps
'-571d8cVauQ_0,'-571d8cVauQ,0,48,4.864,4.965333333333333,1,1,1,77824,79445,1621,145,149,3,inferred_uniform_text_timing,ffmpeg_audio_sample_rate,video_frame_index_and_fps
'-571d8cVauQ_0,'-571d8cVauQ,0,49,4.965333333333333,5.066666666666666,0,1,1,79445,81066,432,148,152,3,inferred_uniform_text_timing,ffmpeg_audio_sample_rate,video_frame_index_and_fps
'-571d8cVauQ_5,'-571d8cVauQ,5,0,0.0,0.30333333333333334,1,1,1,0,4853,4853,0,10,10,inferred_uniform_text_timing,ffmpeg_audio_sample_rate,video_frame_index_and_fps
'-571d8cVauQ_5,'-571d8cVauQ,5,1,0.30333333333333334,0.6066666666666667,1,1,1,4853,9706,4853,9,19,9,inferred_uniform_text_timing,ffmpeg_audio_sample_rate,video_frame_index_and_fps
'-571d8cVauQ_5,'-571d8cVauQ,5,2,0.6066666666666667,0.91,1,1,1,9706,14560,4854,18,28,9,inferred_uniform_text_timing,ffmpeg_audio_sample_rate,video_frame_index_and_fps
'-571d8cVauQ_5,'-571d8cVauQ,5,3,0.91,1.2133333333333334,1,1,1,14560,19413,4853,27,37,9,inferred_uniform_text_timing,ffmpeg_audio_sample_rate,video_frame_index_and_fps
'-571d8cVauQ_5,'-571d8cVauQ,5,4,1.2133333333333334,1.5166666666666666,1,1,1,19413,24266,4853,36,46,9,inferred_uniform_text_timing,ffmpeg_audio_sample_rate,video_frame_index_and_fps
'-571d8cVauQ_5,'-571d8cVauQ,5,5,1.5166666666666666,1.82,1,1,1,24266,29120,4854,45,55,9,inferred_uniform_text_timing,ffmpeg_audio_sample_rate,video_frame_index_and_fps
'-571d8cVauQ_5,'-571d8cVauQ,5,6,1.82,2.123333333333333,1,1,1,29120,33973,4853,54,64,9,inferred_uniform_text_timing,ffmpeg_audio_sample_rate,video_frame_index_and_fps
'-571d8cVauQ_5,'-571d8cVauQ,5,7,2.123333333333333,2.4266666666666667,1,1,1,33973,38826,4853,63,73,9,inferred_uniform_text_timing,ffmpeg_audio_sample_rate,video_frame_index_and_fps
'-571d8cVauQ_5,'-571d8cVauQ,5,8,2.4266666666666667,2.73,1,1,1,38826,43680,4854,72,82,9,inferred_uniform_text_timing,ffmpeg_audio_sample_rate,video_frame_index_and_fps
'-571d8cVauQ_5,'-571d8cVauQ,5,9,2.73,3.033333333333333,1,1,1,43680,48533,4853,81,91,9,inferred_uniform_text_timing,ffmpeg_audio_sample_rate,video_frame_index_and_fps
'-571d8cVauQ_5,'-571d8cVauQ,5,10,3.033333333333333,3.3366666666666664,1,1,1,48533,53386,4853,91,101,10,inferred_uniform_text_timing,ffmpeg_audio_sample_rate,video_frame_index_and_fps
'-571d8cVauQ_5,'-571d8cVauQ,5,11,3.3366666666666664,3.64,1,1,1,53386,58240,4854,100,110,9,inferred_uniform_text_timing,ffmpeg_audio_sample_rate,video_frame_index_and_fps
'-571d8cVauQ_5,'-571d8cVauQ,5,12,3.64,3.9433333333333334,1,1,1,58240,63093,4853,109,119,9,inferred_uniform_text_timing,ffmpeg_audio_sample_rate,video_frame_index_and_fps
'-571d8cVauQ_5,'-571d8cVauQ,5,13,3.9433333333333334,4.246666666666666,1,1,1,63093,67946,4853,118,128,9,inferred_uniform_text_timing,ffmpeg_audio_sample_rate,video_frame_index_and_fps
'-571d8cVauQ_5,'-571d8cVauQ,5,14,4.246666666666666,4.55,1,1,1,67946,72800,4854,127,137,9,inferred_uniform_text_timing,ffmpeg_audio_sample_rate,video_frame_index_and_fps
'-571d8cVauQ_5,'-571d8cVauQ,5,15,4.55,4.8533333333333335,1,1,1,72800,77653,4853,136,146,9,inferred_uniform_text_timing,ffmpeg_audio_sample_rate,video_frame_index_and_fps
'-571d8cVauQ_5,'-571d8cVauQ,5,16,4.8533333333333335,5.156666666666666,1,1,1,77653,82506,4853,145,155,9,inferred_uniform_text_timing,ffmpeg_audio_sample_rate,video_frame_index_and_fps
'-571d8cVauQ_5,'-571d8cVauQ,5,17,5.156666666666666,5.46,1,1,1,82506,87360,4854,154,164,9,inferred_uniform_text_timing,ffmpeg_audio_sample_rate,video_frame_index_and_fps
'-571d8cVauQ_5,'-571d8cVauQ,5,18,5.46,5.763333333333333,1,1,1,87360,92213,4853,163,173,9,inferred_uniform_text_timing,ffmpeg_audio_sample_rate,video_frame_index_and_fps
'-571d8cVauQ_5,'-571d8cVauQ,5,19,5.763333333333333,6.066666666666666,1,1,1,92213,97066,4853,172,182,9,inferred_uniform_text_timing,ffmpeg_audio_sample_rate,video_frame_index_and_fps
'-571d8cVauQ_5,'-571d8cVauQ,5,20,6.066666666666666,6.37,1,1,1,97066,101920,4854,182,192,10,inferred_uniform_text_timing,ffmpeg_audio_sample_rate,video_frame_index_and_fps
'-571d8cVauQ_5,'-571d8cVauQ,5,21,6.37,6.673333333333333,1,1,1,101920,106773,4853,191,201,9,inferred_uniform_text_timing,ffmpeg_audio_sample_rate,video_frame_index_and_fps
'-571d8cVauQ_5,'-571d8cVauQ,5,22,6.673333333333333,6.976666666666667,1,1,1,106773,111626,4853,200,210,9,inferred_uniform_text_timing,ffmpeg_audio_sample_rate,video_frame_index_and_fps
'-571d8cVauQ_5,'-571d8cVauQ,5,23,6.976666666666667,7.28,1,1,1,111626,116480,4854,209,219,9,inferred_uniform_text_timing,ffmpeg_audio_sample_rate,video_frame_index_and_fps
'-571d8cVauQ_5,'-571d8cVauQ,5,24,7.28,7.583333333333332,0,1,1,116480,121333,4853,218,228,9,inferred_uniform_text_timing,ffmpeg_audio_sample_rate,video_frame_index_and_fps
'-571d8cVauQ_5,'-571d8cVauQ,5,25,7.583333333333332,7.886666666666667,1,1,1,121333,126186,4853,227,237,9,inferred_uniform_text_timing,ffmpeg_audio_sample_rate,video_frame_index_and_fps
'-571d8cVauQ_5,'-571d8cVauQ,5,26,7.886666666666667,8.19,1,1,1,126186,131039,4853,236,246,9,inferred_uniform_text_timing,ffmpeg_audio_sample_rate,video_frame_index_and_fps
'-571d8cVauQ_5,'-571d8cVauQ,5,27,8.19,8.493333333333332,1,1,1,131039,135893,4854,245,255,9,inferred_uniform_text_timing,ffmpeg_audio_sample_rate,video_frame_index_and_fps
'-571d8cVauQ_5,'-571d8cVauQ,5,28,8.493333333333332,8.796666666666667,1,1,1,135893,140746,4853,254,264,9,inferred_uniform_text_timing,ffmpeg_audio_sample_rate,video_frame_index_and_fps
'-571d8cVauQ_5,'-571d8cVauQ,5,29,8.796666666666667,9.1,1,1,1,140746,145600,4854,263,273,9,inferred_uniform_text_timing,ffmpeg_audio_sample_rate,video_frame_index_and_fps
'-571d8cVauQ_5,'-571d8cVauQ,5,30,9.1,9.403333333333332,1,1,1,145600,150453,4853,273,283,10,inferred_uniform_text_timing,ffmpeg_audio_sample_rate,video_frame_index_and_fps
'-571d8cVauQ_5,'-571d8cVauQ,5,31,9.403333333333332,9.706666666666667,1,1,1,150453,155306,4853,282,292,9,inferred_uniform_text_timing,ffmpeg_audio_sample_rate,video_frame_index_and_fps
'-571d8cVauQ_5,'-571d8cVauQ,5,32,9.706666666666667,10.01,1,1,1,155306,160160,4854,291,301,9,inferred_uniform_text_timing,ffmpeg_audio_sample_rate,video_frame_index_and_fps
'-571d8cVauQ_5,'-571d8cVauQ,5,33,10.01,10.313333333333333,1,1,1,160160,165013,4853,300,310,9,inferred_uniform_text_timing,ffmpeg_audio_sample_rate,video_frame_index_and_fps
'-571d8cVauQ_5,'-571d8cVauQ,5,34,10.313333333333333,10.616666666666665,1,1,1,165013,169866,4853,309,319,9,inferred_uniform_text_timing,ffmpeg_audio_sample_rate,video_frame_index_and_fps
'-571d8cVauQ_5,'-571d8cVauQ,5,35,10.616666666666665,10.92,1,1,1,169866,174720,4854,318,328,9,inferred_uniform_text_timing,ffmpeg_audio_sample_rate,video_frame_index_and_fps
'-571d8cVauQ_5,'-571d8cVauQ,5,36,10.92,11.223333333333333,1,1,1,174720,179573,4853,327,337,9,inferred_uniform_text_timing,ffmpeg_audio_sample_rate,video_frame_index_and_fps
'-571d8cVauQ_5,'-571d8cVauQ,5,37,11.223333333333333,11.526666666666666,1,1,1,179573,184426,4853,336,346,9,inferred_uniform_text_timing,ffmpeg_audio_sample_rate,video_frame_index_and_fps
'-571d8cVauQ_5,'-571d8cVauQ,5,38,11.526666666666666,11.83,1,1,1,184426,189280,4854,345,355,9,inferred_uniform_text_timing,ffmpeg_audio_sample_rate,video_frame_index_and_fps
'-571d8cVauQ_5,'-571d8cVauQ,5,39,11.83,12.133333333333333,1,1,1,189280,194133,4853,354,364,9,inferred_uniform_text_timing,ffmpeg_audio_sample_rate,video_frame_index_and_fps
'-571d8cVauQ_5,'-571d8cVauQ,5,40,12.133333333333333,12.436666666666666,1,1,1,194133,198986,4853,364,374,10,inferred_uniform_text_timing,ffmpeg_audio_sample_rate,video_frame_index_and_fps
'-571d8cVauQ_5,'-571d8cVauQ,5,41,12.436666666666666,12.74,1,1,1,198986,203840,4854,373,383,9,inferred_uniform_text_timing,ffmpeg_audio_sample_rate,video_frame_index_and_fps
'-571d8cVauQ_5,'-571d8cVauQ,5,42,12.74,13.043333333333333,1,1,1,203840,208693,4853,382,392,9,inferred_uniform_text_timing,ffmpeg_audio_sample_rate,video_frame_index_and_fps
'-571d8cVauQ_5,'-571d8cVauQ,5,43,13.043333333333333,13.346666666666666,1,1,1,208693,213546,4853,391,401,9,inferred_uniform_text_timing,ffmpeg_audio_sample_rate,video_frame_index_and_fps
'-571d8cVauQ_5,'-571d8cVauQ,5,44,13.346666666666666,13.65,1,1,1,213546,218400,4854,400,410,9,inferred_uniform_text_timing,ffmpeg_audio_sample_rate,video_frame_index_and_fps
'-571d8cVauQ_5,'-571d8cVauQ,5,45,13.65,13.953333333333333,1,1,1,218400,223253,4853,409,419,9,inferred_uniform_text_timing,ffmpeg_audio_sample_rate,video_frame_index_and_fps
'-571d8cVauQ_5,'-571d8cVauQ,5,46,13.953333333333333,14.256666666666666,1,1,1,223253,228106,4853,418,428,9,inferred_uniform_text_timing,ffmpeg_audio_sample_rate,video_frame_index_and_fps
'-571d8cVauQ_5,'-571d8cVauQ,5,47,14.256666666666666,14.56,1,1,1,228106,232960,4854,427,437,9,inferred_uniform_text_timing,ffmpeg_audio_sample_rate,video_frame_index_and_fps
'-571d8cVauQ_5,'-571d8cVauQ,5,48,14.56,14.863333333333333,1,1,1,232960,237813,4853,436,446,9,inferred_uniform_text_timing,ffmpeg_audio_sample_rate,video_frame_index_and_fps
'-571d8cVauQ_5,'-571d8cVauQ,5,49,14.863333333333333,15.166666666666664,1,1,1,237813,242666,4031,445,455,9,inferred_uniform_text_timing,ffmpeg_audio_sample_rate,video_frame_index_and_fps
'-I_e4mIh0yE_1,'-I_e4mIh0yE,1,0,0.0,0.15,0,1,1,0,2400,2400,0,5,5,inferred_uniform_text_timing,ffmpeg_audio_sample_rate,video_frame_index_and_fps
'-I_e4mIh0yE_1,'-I_e4mIh0yE,1,1,0.15,0.3,1,1,1,2400,4800,2400,4,9,4,inferred_uniform_text_timing,ffmpeg_audio_sample_rate,video_frame_index_and_fps
'-I_e4mIh0yE_1,'-I_e4mIh0yE,1,2,0.3,0.45,0,1,1,4800,7200,2400,9,14,5,inferred_uniform_text_timing,ffmpeg_audio_sample_rate,video_frame_index_and_fps
'-I_e4mIh0yE_1,'-I_e4mIh0yE,1,3,0.45,0.6,1,1,1,7200,9600,2400,13,18,4,inferred_uniform_text_timing,ffmpeg_audio_sample_rate,video_frame_index_and_fps
'-I_e4mIh0yE_1,'-I_e4mIh0yE,1,4,0.6,0.75,0,1,1,9600,12000,2400,18,23,5,inferred_uniform_text_timing,ffmpeg_audio_sample_rate,video_frame_index_and_fps
'-I_e4mIh0yE_1,'-I_e4mIh0yE,1,5,0.75,0.9,0,1,1,12000,14400,2400,22,27,4,inferred_uniform_text_timing,ffmpeg_audio_sample_rate,video_frame_index_and_fps
'-I_e4mIh0yE_1,'-I_e4mIh0yE,1,6,0.9,1.05,1,1,1,14400,16800,2400,27,32,5,inferred_uniform_text_timing,ffmpeg_audio_sample_rate,video_frame_index_and_fps
'-I_e4mIh0yE_1,'-I_e4mIh0yE,1,7,1.05,1.2,0,1,1,16800,19200,2400,31,36,4,inferred_uniform_text_timing,ffmpeg_audio_sample_rate,video_frame_index_and_fps
'-I_e4mIh0yE_1,'-I_e4mIh0yE,1,8,1.2,1.35,0,1,1,19200,21600,2400,36,41,5,inferred_uniform_text_timing,ffmpeg_audio_sample_rate,video_frame_index_and_fps
'-I_e4mIh0yE_1,'-I_e4mIh0yE,1,9,1.35,1.5,1,1,1,21600,24000,2400,40,45,4,inferred_uniform_text_timing,ffmpeg_audio_sample_rate,video_frame_index_and_fps
'-I_e4mIh0yE_1,'-I_e4mIh0yE,1,10,1.5,1.65,0,1,1,24000,26400,2400,45,50,5,inferred_uniform_text_timing,ffmpeg_audio_sample_rate,video_frame_index_and_fps
'-I_e4mIh0yE_1,'-I_e4mIh0yE,1,11,1.65,1.8,1,1,1,26400,28800,2400,49,54,4,inferred_uniform_text_timing,ffmpeg_audio_sample_rate,video_frame_index_and_fps
'-I_e4mIh0yE_1,'-I_e4mIh0yE,1,12,1.8,1.95,0,1,1,28800,31200,2400,54,59,5,inferred_uniform_text_timing,ffmpeg_audio_sample_rate,video_frame_index_and_fps
'-I_e4mIh0yE_1,'-I_e4mIh0yE,1,13,1.95,2.1,0,1,1,31200,33600,2400,58,63,4,inferred_uniform_text_timing,ffmpeg_audio_sample_rate,video_frame_index_and_fps
'-I_e4mIh0yE_1,'-I_e4mIh0yE,1,14,2.1,2.25,1,1,1,33600,36000,2400,63,68,5,inferred_uniform_text_timing,ffmpeg_audio_sample_rate,video_frame_index_and_fps
'-I_e4mIh0yE_1,'-I_e4mIh0yE,1,15,2.25,2.4,0,1,1,36000,38400,2400,67,72,4,inferred_uniform_text_timing,ffmpeg_audio_sample_rate,video_frame_index_and_fps
'-I_e4mIh0yE_1,'-I_e4mIh0yE,1,16,2.4,2.55,0,1,1,38400,40800,2400,72,77,5,inferred_uniform_text_timing,ffmpeg_audio_sample_rate,video_frame_index_and_fps
'-I_e4mIh0yE_1,'-I_e4mIh0yE,1,17,2.55,2.7,1,1,1,40800,43200,2400,76,81,4,inferred_uniform_text_timing,ffmpeg_audio_sample_rate,video_frame_index_and_fps
'-I_e4mIh0yE_1,'-I_e4mIh0yE,1,18,2.7,2.85,0,1,1,43200,45600,2400,81,86,5,inferred_uniform_text_timing,ffmpeg_audio_sample_rate,video_frame_index_and_fps
'-I_e4mIh0yE_1,'-I_e4mIh0yE,1,19,2.85,3.0,1,1,1,45600,48000,2400,85,90,4,inferred_uniform_text_timing,ffmpeg_audio_sample_rate,video_frame_index_and_fps
'-I_e4mIh0yE_1,'-I_e4mIh0yE,1,20,3.0,3.15,0,1,1,48000,50400,2400,90,95,5,inferred_uniform_text_timing,ffmpeg_audio_sample_rate,video_frame_index_and_fps
'-I_e4mIh0yE_1,'-I_e4mIh0yE,1,21,3.15,3.3,0,1,1,50400,52800,2400,94,99,4,inferred_uniform_text_timing,ffmpeg_audio_sample_rate,video_frame_index_and_fps
'-I_e4mIh0yE_1,'-I_e4mIh0yE,1,22,3.3,3.45,1,1,1,52800,55200,2400,99,104,5,inferred_uniform_text_timing,ffmpeg_audio_sample_rate,video_frame_index_and_fps
'-I_e4mIh0yE_1,'-I_e4mIh0yE,1,23,3.45,3.6,0,1,1,55200,57600,2400,103,108,4,inferred_uniform_text_timing,ffmpeg_audio_sample_rate,video_frame_index_and_fps
'-I_e4mIh0yE_1,'-I_e4mIh0yE,1,24,3.6,3.75,0,1,1,57600,60000,2400,108,113,5,inferred_uniform_text_timing,ffmpeg_audio_sample_rate,video_frame_index_and_fps
'-I_e4mIh0yE_1,'-I_e4mIh0yE,1,25,3.75,3.9,1,1,1,60000,62400,2400,112,117,4,inferred_uniform_text_timing,ffmpeg_audio_sample_rate,video_frame_index_and_fps
'-I_e4mIh0yE_1,'-I_e4mIh0yE,1,26,3.9,4.05,0,1,1,62400,64800,2400,117,122,5,inferred_uniform_text_timing,ffmpeg_audio_sample_rate,video_frame_index_and_fps
'-I_e4mIh0yE_1,'-I_e4mIh0yE,1,27,4.05,4.2,1,1,1,64800,67200,2400,121,126,4,inferred_uniform_text_timing,ffmpeg_audio_sample_rate,video_frame_index_and_fps
'-I_e4mIh0yE_1,'-I_e4mIh0yE,1,28,4.2,4.35,0,1,1,67200,69600,2400,126,131,5,inferred_uniform_text_timing,ffmpeg_audio_sample_rate,video_frame_index_and_fps
'-I_e4mIh0yE_1,'-I_e4mIh0yE,1,29,4.35,4.5,0,1,1,69600,72000,2400,130,135,4,inferred_uniform_text_timing,ffmpeg_audio_sample_rate,video_frame_index_and_fps
'-I_e4mIh0yE_1,'-I_e4mIh0yE,1,30,4.5,4.65,1,1,1,72000,74400,2400,135,140,5,inferred_uniform_text_timing,ffmpeg_audio_sample_rate,video_frame_index_and_fps
'-I_e4mIh0yE_1,'-I_e4mIh0yE,1,31,4.65,4.8,0,1,1,74400,76800,2400,139,144,4,inferred_uniform_text_timing,ffmpeg_audio_sample_rate,video_frame_index_and_fps
'-I_e4mIh0yE_1,'-I_e4mIh0yE,1,32,4.8,4.95,1,1,1,76800,79200,2400,144,149,5,inferred_uniform_text_timing,ffmpeg_audio_sample_rate,video_frame_index_and_fps
'-I_e4mIh0yE_1,'-I_e4mIh0yE,1,33,4.95,5.1,0,1,1,79200,81600,2400,148,153,4,inferred_uniform_text_timing,ffmpeg_audio_sample_rate,video_frame_index_and_fps
'-I_e4mIh0yE_1,'-I_e4mIh0yE,1,34,5.1,5.25,0,1,1,81600,84000,2400,153,158,5,inferred_uniform_text_timing,ffmpeg_audio_sample_rate,video_frame_index_and_fps
'-I_e4mIh0yE_1,'-I_e4mIh0yE,1,35,5.25,5.4,1,1,1,84000,86400,2400,157,162,4,inferred_uniform_text_timing,ffmpeg_audio_sample_rate,video_frame_index_and_fps
'-I_e4mIh0yE_1,'-I_e4mIh0yE,1,36,5.4,5.55,0,1,1,86400,88800,2400,162,167,5,inferred_uniform_text_timing,ffmpeg_audio_sample_rate,video_frame_index_and_fps
'-I_e4mIh0yE_1,'-I_e4mIh0yE,1,37,5.55,5.7,0,1,1,88800,91200,2400,166,171,4,inferred_uniform_text_timing,ffmpeg_audio_sample_rate,video_frame_index_and_fps
'-I_e4mIh0yE_1,'-I_e4mIh0yE,1,38,5.7,5.85,1,1,1,91200,93600,2400,171,176,5,inferred_uniform_text_timing,ffmpeg_audio_sample_rate,video_frame_index_and_fps
'-I_e4mIh0yE_1,'-I_e4mIh0yE,1,39,5.85,6.0,0,1,1,93600,96000,2400,175,180,4,inferred_uniform_text_timing,ffmpeg_audio_sample_rate,video_frame_index_and_fps
'-I_e4mIh0yE_1,'-I_e4mIh0yE,1,40,6.0,6.15,1,1,1,96000,98400,2400,180,185,5,inferred_uniform_text_timing,ffmpeg_audio_sample_rate,video_frame_index_and_fps
'-I_e4mIh0yE_1,'-I_e4mIh0yE,1,41,6.15,6.3,0,1,1,98400,100800,2400,184,189,4,inferred_uniform_text_timing,ffmpeg_audio_sample_rate,video_frame_index_and_fps
'-I_e4mIh0yE_1,'-I_e4mIh0yE,1,42,6.3,6.45,0,1,1,100800,103200,2400,189,194,5,inferred_uniform_text_timing,ffmpeg_audio_sample_rate,video_frame_index_and_fps
'-I_e4mIh0yE_1,'-I_e4mIh0yE,1,43,6.45,6.6,1,1,1,103200,105600,2400,193,198,4,inferred_uniform_text_timing,ffmpeg_audio_sample_rate,video_frame_index_and_fps
'-I_e4mIh0yE_1,'-I_e4mIh0yE,1,44,6.6,6.75,0,1,1,105600,108000,2400,198,203,5,inferred_uniform_text_timing,ffmpeg_audio_sample_rate,video_frame_index_and_fps
'-I_e4mIh0yE_1,'-I_e4mIh0yE,1,45,6.75,6.9,0,1,1,108000,110400,2400,202,207,4,inferred_uniform_text_timing,ffmpeg_audio_sample_rate,video_frame_index_and_fps
'-I_e4mIh0yE_1,'-I_e4mIh0yE,1,46,6.9,7.05,1,1,1,110400,112800,2400,207,212,5,inferred_uniform_text_timing,ffmpeg_audio_sample_rate,video_frame_index_and_fps
'-I_e4mIh0yE_1,'-I_e4mIh0yE,1,47,7.05,7.2,0,1,1,112800,115200,2400,211,216,4,inferred_uniform_text_timing,ffmpeg_audio_sample_rate,video_frame_index_and_fps
'-I_e4mIh0yE_1,'-I_e4mIh0yE,1,48,7.2,7.35,1,1,1,115200,117600,2400,216,221,5,inferred_uniform_text_timing,ffmpeg_audio_sample_rate,video_frame_index_and_fps
'-I_e4mIh0yE_1,'-I_e4mIh0yE,1,49,7.35,7.5,0,1,1,117600,120000,1509,220,225,4,inferred_uniform_text_timing,ffmpeg_audio_sample_rate,video_frame_index_and_fps
'-I_e4mIh0yE_3,'-I_e4mIh0yE,3,0,0.0,0.18066666666666667,0,1,1,0,2890,2890,0,6,6,inferred_uniform_text_timing,ffmpeg_audio_sample_rate,video_frame_index_and_fps
'-I_e4mIh0yE_3,'-I_e4mIh0yE,3,1,0.18066666666666667,0.36133333333333334,1,1,1,2890,5781,2891,5,11,5,inferred_uniform_text_timing,ffmpeg_audio_sample_rate,video_frame_index_and_fps
'-I_e4mIh0yE_3,'-I_e4mIh0yE,3,2,0.36133333333333334,0.542,0,1,1,5781,8672,2891,10,17,6,inferred_uniform_text_timing,ffmpeg_audio_sample_rate,video_frame_index_and_fps
'-I_e4mIh0yE_3,'-I_e4mIh0yE,3,3,0.542,0.7226666666666667,1,1,1,8672,11562,2890,16,22,5,inferred_uniform_text_timing,ffmpeg_audio_sample_rate,video_frame_index_and_fps
'-I_e4mIh0yE_3,'-I_e4mIh0yE,3,4,0.7226666666666667,0.9033333333333333,0,1,1,11562,14453,2891,21,28,6,inferred_uniform_text_timing,ffmpeg_audio_sample_rate,video_frame_index_and_fps
'-I_e4mIh0yE_3,'-I_e4mIh0yE,3,5,0.9033333333333333,1.084,1,1,1,14453,17344,2891,27,33,5,inferred_uniform_text_timing,ffmpeg_audio_sample_rate,video_frame_index_and_fps
'-I_e4mIh0yE_3,'-I_e4mIh0yE,3,6,1.084,1.2646666666666666,0,1,1,17344,20234,2890,32,38,5,inferred_uniform_text_timing,ffmpeg_audio_sample_rate,video_frame_index_and_fps
'-I_e4mIh0yE_3,'-I_e4mIh0yE,3,7,1.2646666666666666,1.4453333333333334,1,1,1,20234,23125,2891,37,44,6,inferred_uniform_text_timing,ffmpeg_audio_sample_rate,video_frame_index_and_fps
'-I_e4mIh0yE_3,'-I_e4mIh0yE,3,8,1.4453333333333334,1.626,0,1,1,23125,26016,2891,43,49,5,inferred_uniform_text_timing,ffmpeg_audio_sample_rate,video_frame_index_and_fps
'-I_e4mIh0yE_3,'-I_e4mIh0yE,3,9,1.626,1.8066666666666666,1,1,1,26016,28906,2890,48,55,6,inferred_uniform_text_timing,ffmpeg_audio_sample_rate,video_frame_index_and_fps
'-I_e4mIh0yE_3,'-I_e4mIh0yE,3,10,1.8066666666666666,1.9873333333333332,0,1,1,28906,31797,2891,54,60,5,inferred_uniform_text_timing,ffmpeg_audio_sample_rate,video_frame_index_and_fps
'-I_e4mIh0yE_3,'-I_e4mIh0yE,3,11,1.9873333333333332,2.168,1,1,1,31797,34688,2891,59,66,6,inferred_uniform_text_timing,ffmpeg_audio_sample_rate,video_frame_index_and_fps
'-I_e4mIh0yE_3,'-I_e4mIh0yE,3,12,2.168,2.348666666666667,1,1,1,34688,37578,2890,65,71,5,inferred_uniform_text_timing,ffmpeg_audio_sample_rate,video_frame_index_and_fps
'-I_e4mIh0yE_3,'-I_e4mIh0yE,3,13,2.348666666666667,2.529333333333333,0,1,1,37578,40469,2891,70,76,5,inferred_uniform_text_timing,ffmpeg_audio_sample_rate,video_frame_index_and_fps
'-I_e4mIh0yE_3,'-I_e4mIh0yE,3,14,2.529333333333333,2.71,0,1,1,40469,43360,2891,75,82,6,inferred_uniform_text_timing,ffmpeg_audio_sample_rate,video_frame_index_and_fps
'-I_e4mIh0yE_3,'-I_e4mIh0yE,3,15,2.71,2.8906666666666667,1,1,1,43360,46250,2890,81,87,5,inferred_uniform_text_timing,ffmpeg_audio_sample_rate,video_frame_index_and_fps
'-I_e4mIh0yE_3,'-I_e4mIh0yE,3,16,2.8906666666666667,3.0713333333333335,0,1,1,46250,49141,2891,86,93,6,inferred_uniform_text_timing,ffmpeg_audio_sample_rate,video_frame_index_and_fps
'-I_e4mIh0yE_3,'-I_e4mIh0yE,3,17,3.0713333333333335,3.252,1,1,1,49141,52032,2891,92,98,5,inferred_uniform_text_timing,ffmpeg_audio_sample_rate,video_frame_index_and_fps
'-I_e4mIh0yE_3,'-I_e4mIh0yE,3,18,3.252,3.4326666666666665,0,1,1,52032,54922,2890,97,103,5,inferred_uniform_text_timing,ffmpeg_audio_sample_rate,video_frame_index_and_fps
'-I_e4mIh0yE_3,'-I_e4mIh0yE,3,19,3.4326666666666665,3.6133333333333333,1,1,1,54922,57813,2891,102,109,6,inferred_uniform_text_timing,ffmpeg_audio_sample_rate,video_frame_index_and_fps
'-I_e4mIh0yE_3,'-I_e4mIh0yE,3,20,3.6133333333333333,3.7939999999999996,0,1,1,57813,60703,2890,108,114,5,inferred_uniform_text_timing,ffmpeg_audio_sample_rate,video_frame_index_and_fps
'-I_e4mIh0yE_3,'-I_e4mIh0yE,3,21,3.7939999999999996,3.9746666666666663,1,1,1,60703,63594,2891,113,120,6,inferred_uniform_text_timing,ffmpeg_audio_sample_rate,video_frame_index_and_fps
'-I_e4mIh0yE_3,'-I_e4mIh0yE,3,22,3.9746666666666663,4.155333333333333,0,1,1,63594,66485,2891,119,125,5,inferred_uniform_text_timing,ffmpeg_audio_sample_rate,video_frame_index_and_fps
'-I_e4mIh0yE_3,'-I_e4mIh0yE,3,23,4.155333333333333,4.336,1,1,1,66485,69376,2891,124,131,6,inferred_uniform_text_timing,ffmpeg_audio_sample_rate,video_frame_index_and_fps
'-I_e4mIh0yE_3,'-I_e4mIh0yE,3,24,4.336,4.516666666666667,0,1,1,69376,72266,2890,130,136,5,inferred_uniform_text_timing,ffmpeg_audio_sample_rate,video_frame_index_and_fps
'-I_e4mIh0yE_3,'-I_e4mIh0yE,3,25,4.516666666666667,4.697333333333334,1,1,1,72266,75157,2891,135,141,5,inferred_uniform_text_timing,ffmpeg_audio_sample_rate,video_frame_index_and_fps
'-I_e4mIh0yE_3,'-I_e4mIh0yE,3,26,4.697333333333334,4.878,0,1,1,75157,78048,2891,140,147,6,inferred_uniform_text_timing,ffmpeg_audio_sample_rate,video_frame_index_and_fps
'-I_e4mIh0yE_3,'-I_e4mIh0yE,3,27,4.878,5.058666666666666,1,1,1,78048,80938,2890,146,152,5,inferred_uniform_text_timing,ffmpeg_audio_sample_rate,video_frame_index_and_fps
'-I_e4mIh0yE_3,'-I_e4mIh0yE,3,28,5.058666666666666,5.239333333333333,1,1,1,80938,83829,2891,151,158,6,inferred_uniform_text_timing,ffmpeg_audio_sample_rate,video_frame_index_and_fps
'-I_e4mIh0yE_3,'-I_e4mIh0yE,3,29,5.239333333333333,5.42,0,1,1,83829,86720,2891,157,163,5,inferred_uniform_text_timing,ffmpeg_audio_sample_rate,video_frame_index_and_fps
'-I_e4mIh0yE_3,'-I_e4mIh0yE,3,30,5.42,5.600666666666666,0,1,1,86720,89610,2890,162,169,6,inferred_uniform_text_timing,ffmpeg_audio_sample_rate,video_frame_index_and_fps
'-I_e4mIh0yE_3,'-I_e4mIh0yE,3,31,5.600666666666666,5.781333333333333,1,1,1,89610,92501,2891,168,174,5,inferred_uniform_text_timing,ffmpeg_audio_sample_rate,video_frame_index_and_fps
'-I_e4mIh0yE_3,'-I_e4mIh0yE,3,32,5.781333333333333,5.962000000000001,0,1,1,92501,95392,2891,173,179,5,inferred_uniform_text_timing,ffmpeg_audio_sample_rate,video_frame_index_and_fps
'-I_e4mIh0yE_3,'-I_e4mIh0yE,3,33,5.962000000000001,6.142666666666667,1,1,1,95392,98282,2890,178,185,6,inferred_uniform_text_timing,ffmpeg_audio_sample_rate,video_frame_index_and_fps
'-I_e4mIh0yE_3,'-I_e4mIh0yE,3,34,6.142666666666667,6.323333333333334,0,1,1,98282,101173,2891,184,190,5,inferred_uniform_text_timing,ffmpeg_audio_sample_rate,video_frame_index_and_fps
'-I_e4mIh0yE_3,'-I_e4mIh0yE,3,35,6.323333333333334,6.504,1,1,1,101173,104064,2891,189,196,6,inferred_uniform_text_timing,ffmpeg_audio_sample_rate,video_frame_index_and_fps
'-I_e4mIh0yE_3,'-I_e4mIh0yE,3,36,6.504,6.684666666666667,0,1,1,104064,106954,2890,195,201,5,inferred_uniform_text_timing,ffmpeg_audio_sample_rate,video_frame_index_and_fps
'-I_e4mIh0yE_3,'-I_e4mIh0yE,3,37,6.684666666666667,6.865333333333333,1,1,1,106954,109845,2891,200,206,5,inferred_uniform_text_timing,ffmpeg_audio_sample_rate,video_frame_index_and_fps
'-I_e4mIh0yE_3,'-I_e4mIh0yE,3,38,6.865333333333333,7.046,1,1,1,109845,112736,2891,205,212,6,inferred_uniform_text_timing,ffmpeg_audio_sample_rate,video_frame_index_and_fps
'-I_e4mIh0yE_3,'-I_e4mIh0yE,3,39,7.046,7.226666666666667,0,1,1,112736,115626,2890,211,217,5,inferred_uniform_text_timing,ffmpeg_audio_sample_rate,video_frame_index_and_fps
'-I_e4mIh0yE_3,'-I_e4mIh0yE,3,40,7.226666666666667,7.407333333333334,0,1,1,115626,118517,2891,216,223,6,inferred_uniform_text_timing,ffmpeg_audio_sample_rate,video_frame_index_and_fps
'-I_e4mIh0yE_3,'-I_e4mIh0yE,3,41,7.407333333333334,7.587999999999999,1,1,1,118517,121407,2890,222,228,5,inferred_uniform_text_timing,ffmpeg_audio_sample_rate,video_frame_index_and_fps
'-I_e4mIh0yE_3,'-I_e4mIh0yE,3,42,7.587999999999999,7.768666666666666,0,1,1,121407,124298,2891,227,234,6,inferred_uniform_text_timing,ffmpeg_audio_sample_rate,video_frame_index_and_fps
'-I_e4mIh0yE_3,'-I_e4mIh0yE,3,43,7.768666666666666,7.949333333333333,1,1,1,124298,127189,2891,233,239,5,inferred_uniform_text_timing,ffmpeg_audio_sample_rate,video_frame_index_and_fps
'-I_e4mIh0yE_3,'-I_e4mIh0yE,3,44,7.949333333333333,8.13,1,1,1,127189,130080,2891,238,244,5,inferred_uniform_text_timing,ffmpeg_audio_sample_rate,video_frame_index_and_fps
'-I_e4mIh0yE_3,'-I_e4mIh0yE,3,45,8.13,8.310666666666666,0,1,1,130080,132970,2890,243,250,6,inferred_uniform_text_timing,ffmpeg_audio_sample_rate,video_frame_index_and_fps
'-I_e4mIh0yE_3,'-I_e4mIh0yE,3,46,8.310666666666666,8.491333333333333,0,1,1,132970,135861,2891,249,255,5,inferred_uniform_text_timing,ffmpeg_audio_sample_rate,video_frame_index_and_fps
'-I_e4mIh0yE_3,'-I_e4mIh0yE,3,47,8.491333333333333,8.672,1,1,1,135861,138752,2891,254,261,6,inferred_uniform_text_timing,ffmpeg_audio_sample_rate,video_frame_index_and_fps
'-I_e4mIh0yE_3,'-I_e4mIh0yE,3,48,8.672,8.852666666666666,0,1,1,138752,141642,2890,260,266,5,inferred_uniform_text_timing,ffmpeg_audio_sample_rate,video_frame_index_and_fps
'-I_e4mIh0yE_3,'-I_e4mIh0yE,3,49,8.852666666666666,9.033333333333333,1,1,1,141642,144533,2268,265,271,5,inferred_uniform_text_timing,ffmpeg_audio_sample_rate,video_frame_index_and_fps
'-UacrmKiTn4_10,'-UacrmKiTn4,10,0,0.0,0.14533333333333334,0,1,1,0,2325,2325,0,5,5,inferred_uniform_text_timing,ffmpeg_audio_sample_rate,video_frame_index_and_fps
'-UacrmKiTn4_10,'-UacrmKiTn4,10,1,0.14533333333333334,0.2906666666666667,1,1,1,2325,4650,2325,4,9,4,inferred_uniform_text_timing,ffmpeg_audio_sample_rate,video_frame_index_and_fps
'-UacrmKiTn4_10,'-UacrmKiTn4,10,2,0.2906666666666667,0.436,0,1,1,4650,6976,2326,8,14,5,inferred_uniform_text_timing,ffmpeg_audio_sample_rate,video_frame_index_and_fps
'-UacrmKiTn4_10,'-UacrmKiTn4,10,3,0.436,0.5813333333333334,1,1,1,6976,9301,2325,13,18,4,inferred_uniform_text_timing,ffmpeg_audio_sample_rate,video_frame_index_and_fps
'-UacrmKiTn4_10,'-UacrmKiTn4,10,4,0.5813333333333334,0.7266666666666667,0,1,1,9301,11626,2325,17,22,4,inferred_uniform_text_timing,ffmpeg_audio_sample_rate,video_frame_index_and_fps
'-UacrmKiTn4_10,'-UacrmKiTn4,10,5,0.7266666666666667,0.872,0,1,1,11626,13952,2326,21,27,5,inferred_uniform_text_timing,ffmpeg_audio_sample_rate,video_frame_index_and_fps
'-UacrmKiTn4_10,'-UacrmKiTn4,10,6,0.872,1.0173333333333334,1,1,1,13952,16277,2325,26,31,4,inferred_uniform_text_timing,ffmpeg_audio_sample_rate,video_frame_index_and_fps
'-UacrmKiTn4_10,'-UacrmKiTn4,10,7,1.0173333333333334,1.1626666666666667,0,1,1,16277,18602,2325,30,35,4,inferred_uniform_text_timing,ffmpeg_audio_sample_rate,video_frame_index_and_fps
'-UacrmKiTn4_10,'-UacrmKiTn4,10,8,1.1626666666666667,1.308,1,1,1,18602,20928,2326,34,40,5,inferred_uniform_text_timing,ffmpeg_audio_sample_rate,video_frame_index_and_fps
'-UacrmKiTn4_10,'-UacrmKiTn4,10,9,1.308,1.4533333333333334,0,1,1,20928,23253,2325,39,44,4,inferred_uniform_text_timing,ffmpeg_audio_sample_rate,video_frame_index_and_fps
'-UacrmKiTn4_10,'-UacrmKiTn4,10,10,1.4533333333333334,1.5986666666666667,0,1,1,23253,25578,2325,43,48,4,inferred_uniform_text_timing,ffmpeg_audio_sample_rate,video_frame_index_and_fps
'-UacrmKiTn4_10,'-UacrmKiTn4,10,11,1.5986666666666667,1.744,1,1,1,25578,27904,2326,47,53,5,inferred_uniform_text_timing,ffmpeg_audio_sample_rate,video_frame_index_and_fps
'-UacrmKiTn4_10,'-UacrmKiTn4,10,12,1.744,1.8893333333333333,0,1,1,27904,30229,2325,52,57,4,inferred_uniform_text_timing,ffmpeg_audio_sample_rate,video_frame_index_and_fps
'-UacrmKiTn4_10,'-UacrmKiTn4,10,13,1.8893333333333333,2.034666666666667,1,1,1,30229,32554,2325,56,62,5,inferred_uniform_text_timing,ffmpeg_audio_sample_rate,video_frame_index_and_fps
'-UacrmKiTn4_10,'-UacrmKiTn4,10,14,2.034666666666667,2.18,0,1,1,32554,34880,2326,61,66,4,inferred_uniform_text_timing,ffmpeg_audio_sample_rate,video_frame_index_and_fps
'-UacrmKiTn4_10,'-UacrmKiTn4,10,15,2.18,2.3253333333333335,0,1,1,34880,37205,2325,65,70,4,inferred_uniform_text_timing,ffmpeg_audio_sample_rate,video_frame_index_and_fps
'-UacrmKiTn4_10,'-UacrmKiTn4,10,16,2.3253333333333335,2.470666666666667,1,1,1,37205,39530,2325,69,75,5,inferred_uniform_text_timing,ffmpeg_audio_sample_rate,video_frame_index_and_fps
'-UacrmKiTn4_10,'-UacrmKiTn4,10,17,2.470666666666667,2.616,0,1,1,39530,41856,2326,74,79,4,inferred_uniform_text_timing,ffmpeg_audio_sample_rate,video_frame_index_and_fps
'-UacrmKiTn4_10,'-UacrmKiTn4,10,18,2.616,2.7613333333333334,1,1,1,41856,44181,2325,78,83,4,inferred_uniform_text_timing,ffmpeg_audio_sample_rate,video_frame_index_and_fps
'-UacrmKiTn4_10,'-UacrmKiTn4,10,19,2.7613333333333334,2.9066666666666667,0,1,1,44181,46506,2325,82,88,5,inferred_uniform_text_timing,ffmpeg_audio_sample_rate,video_frame_index_and_fps
'-UacrmKiTn4_10,'-UacrmKiTn4,10,20,2.9066666666666667,3.052,0,1,1,46506,48832,2326,87,92,4,inferred_uniform_text_timing,ffmpeg_audio_sample_rate,video_frame_index_and_fps
'-UacrmKiTn4_10,'-UacrmKiTn4,10,21,3.052,3.1973333333333334,1,1,1,48832,51157,2325,91,96,4,inferred_uniform_text_timing,ffmpeg_audio_sample_rate,video_frame_index_and_fps
'-UacrmKiTn4_10,'-UacrmKiTn4,10,22,3.1973333333333334,3.3426666666666667,0,1,1,51157,53482,2325,95,101,5,inferred_uniform_text_timing,ffmpeg_audio_sample_rate,video_frame_index_and_fps
'-UacrmKiTn4_10,'-UacrmKiTn4,10,23,3.3426666666666667,3.488,1,1,1,53482,55808,2326,100,105,4,inferred_uniform_text_timing,ffmpeg_audio_sample_rate,video_frame_index_and_fps
'-UacrmKiTn4_10,'-UacrmKiTn4,10,24,3.488,3.6333333333333333,0,1,1,55808,58133,2325,104,109,4,inferred_uniform_text_timing,ffmpeg_audio_sample_rate,video_frame_index_and_fps
'-UacrmKiTn4_10,'-UacrmKiTn4,10,25,3.6333333333333333,3.7786666666666666,0,1,1,58133,60458,2325,109,114,5,inferred_uniform_text_timing,ffmpeg_audio_sample_rate,video_frame_index_and_fps
'-UacrmKiTn4_10,'-UacrmKiTn4,10,26,3.7786666666666666,3.924,1,1,1,60458,62784,2326,113,118,4,inferred_uniform_text_timing,ffmpeg_audio_sample_rate,video_frame_index_and_fps
'-UacrmKiTn4_10,'-UacrmKiTn4,10,27,3.924,4.069333333333334,0,1,1,62784,65109,2325,117,123,5,inferred_uniform_text_timing,ffmpeg_audio_sample_rate,video_frame_index_and_fps
'-UacrmKiTn4_10,'-UacrmKiTn4,10,28,4.069333333333334,4.214666666666666,1,1,1,65109,67434,2325,122,127,4,inferred_uniform_text_timing,ffmpeg_audio_sample_rate,video_frame_index_and_fps
'-UacrmKiTn4_10,'-UacrmKiTn4,10,29,4.214666666666666,4.36,0,1,1,67434,69760,2326,126,131,4,inferred_uniform_text_timing,ffmpeg_audio_sample_rate,video_frame_index_and_fps
'-UacrmKiTn4_10,'-UacrmKiTn4,10,30,4.36,4.505333333333333,0,1,1,69760,72085,2325,130,136,5,inferred_uniform_text_timing,ffmpeg_audio_sample_rate,video_frame_index_and_fps
'-UacrmKiTn4_10,'-UacrmKiTn4,10,31,4.505333333333333,4.650666666666667,1,1,1,72085,74410,2325,135,140,4,inferred_uniform_text_timing,ffmpeg_audio_sample_rate,video_frame_index_and_fps
'-UacrmKiTn4_10,'-UacrmKiTn4,10,32,4.650666666666667,4.796,0,1,1,74410,76736,2326,139,144,4,inferred_uniform_text_timing,ffmpeg_audio_sample_rate,video_frame_index_and_fps
'-UacrmKiTn4_10,'-UacrmKiTn4,10,33,4.796,4.941333333333334,1,1,1,76736,79061,2325,143,149,5,inferred_uniform_text_timing,ffmpeg_audio_sample_rate,video_frame_index_and_fps
'-UacrmKiTn4_10,'-UacrmKiTn4,10,34,4.941333333333334,5.086666666666667,0,1,1,79061,81386,2325,148,153,4,inferred_uniform_text_timing,ffmpeg_audio_sample_rate,video_frame_index_and_fps
'-UacrmKiTn4_10,'-UacrmKiTn4,10,35,5.086666666666667,5.232,0,1,1,81386,83712,2326,152,157,4,inferred_uniform_text_timing,ffmpeg_audio_sample_rate,video_frame_index_and_fps
'-UacrmKiTn4_10,'-UacrmKiTn4,10,36,5.232,5.3773333333333335,1,1,1,83712,86037,2325,156,162,5,inferred_uniform_text_timing,ffmpeg_audio_sample_rate,video_frame_index_and_fps
'-UacrmKiTn4_10,'-UacrmKiTn4,10,37,5.3773333333333335,5.522666666666667,0,1,1,86037,88362,2325,161,166,4,inferred_uniform_text_timing,ffmpeg_audio_sample_rate,video_frame_index_and_fps
'-UacrmKiTn4_10,'-UacrmKiTn4,10,38,5.522666666666667,5.667999999999999,1,1,1,88362,90687,2325,165,171,5,inferred_uniform_text_timing,ffmpeg_audio_sample_rate,video_frame_index_and_fps
'-UacrmKiTn4_10,'-UacrmKiTn4,10,39,5.667999999999999,5.8133333333333335,0,1,1,90687,93013,2326,170,175,4,inferred_uniform_text_timing,ffmpeg_audio_sample_rate,video_frame_index_and_fps
'-UacrmKiTn4_10,'-UacrmKiTn4,10,40,5.8133333333333335,5.958666666666667,0,1,1,93013,95338,2325,174,179,4,inferred_uniform_text_timing,ffmpeg_audio_sample_rate,video_frame_index_and_fps
'-UacrmKiTn4_10,'-UacrmKiTn4,10,41,5.958666666666667,6.104,1,1,1,95338,97664,2326,178,184,5,inferred_uniform_text_timing,ffmpeg_audio_sample_rate,video_frame_index_and_fps
'-UacrmKiTn4_10,'-UacrmKiTn4,10,42,6.104,6.2493333333333325,0,1,1,97664,99989,2325,183,188,4,inferred_uniform_text_timing,ffmpeg_audio_sample_rate,video_frame_index_and_fps
'-UacrmKiTn4_10,'-UacrmKiTn4,10,43,6.2493333333333325,6.394666666666667,1,1,1,99989,102314,2325,187,192,4,inferred_uniform_text_timing,ffmpeg_audio_sample_rate,video_frame_index_and_fps
'-UacrmKiTn4_10,'-UacrmKiTn4,10,44,6.394666666666667,6.54,0,1,1,102314,104640,2326,191,197,5,inferred_uniform_text_timing,ffmpeg_audio_sample_rate,video_frame_index_and_fps
'-UacrmKiTn4_10,'-UacrmKiTn4,10,45,6.54,6.685333333333333,0,1,1,104640,106965,2325,196,201,4,inferred_uniform_text_timing,ffmpeg_audio_sample_rate,video_frame_index_and_fps
'-UacrmKiTn4_10,'-UacrmKiTn4,10,46,6.685333333333333,6.830666666666666,1,1,1,106965,109290,2325,200,205,4,inferred_uniform_text_timing,ffmpeg_audio_sample_rate,video_frame_index_and_fps
'-UacrmKiTn4_10,'-UacrmKiTn4,10,47,6.830666666666666,6.976,0,1,1,109290,111616,2326,204,210,5,inferred_uniform_text_timing,ffmpeg_audio_sample_rate,video_frame_index_and_fps
'-UacrmKiTn4_10,'-UacrmKiTn4,10,48,6.976,7.121333333333333,1,1,1,111616,113941,2325,209,214,4,inferred_uniform_text_timing,ffmpeg_audio_sample_rate,video_frame_index_and_fps
'-UacrmKiTn4_10,'-UacrmKiTn4,10,49,7.121333333333333,7.266666666666667,0,1,1,113941,116266,1932,213,218,4,inferred_uniform_text_timing,ffmpeg_audio_sample_rate,video_frame_index_and_fps
'-UacrmKiTn4_4,'-UacrmKiTn4,4,0,0.0,0.09466666666666666,0,1,1,0,1514,1514,0,3,3,inferred_uniform_text_timing,ffmpeg_audio_sample_rate,video_frame_index_and_fps
'-UacrmKiTn4_4,'-UacrmKiTn4,4,1,0.09466666666666666,0.18933333333333333,1,1,1,1514,3029,1515,2,6,3,inferred_uniform_text_timing,ffmpeg_audio_sample_rate,video_frame_index_and_fps
'-UacrmKiTn4_4,'-UacrmKiTn4,4,2,0.18933333333333333,0.284,0,1,1,3029,4544,1515,5,9,3,inferred_uniform_text_timing,ffmpeg_audio_sample_rate,video_frame_index_and_fps
'-UacrmKiTn4_4,'-UacrmKiTn4,4,3,0.284,0.37866666666666665,0,1,1,4544,6058,1514,8,12,3,inferred_uniform_text_timing,ffmpeg_audio_sample_rate,video_frame_index_and_fps
'-UacrmKiTn4_4,'-UacrmKiTn4,4,4,0.37866666666666665,0.4733333333333334,0,1,1,6058,7573,1515,11,15,3,inferred_uniform_text_timing,ffmpeg_audio_sample_rate,video_frame_index_and_fps
'-UacrmKiTn4_4,'-UacrmKiTn4,4,5,0.4733333333333334,0.568,1,1,1,7573,9088,1515,14,18,3,inferred_uniform_text_timing,ffmpeg_audio_sample_rate,video_frame_index_and_fps
'-UacrmKiTn4_4,'-UacrmKiTn4,4,6,0.568,0.6626666666666666,0,1,1,9088,10602,1514,17,20,2,inferred_uniform_text_timing,ffmpeg_audio_sample_rate,video_frame_index_and_fps
'-UacrmKiTn4_4,'-UacrmKiTn4,4,7,0.6626666666666666,0.7573333333333333,0,1,1,10602,12117,1515,19,23,3,inferred_uniform_text_timing,ffmpeg_audio_sample_rate,video_frame_index_and_fps
'-UacrmKiTn4_4,'-UacrmKiTn4,4,8,0.7573333333333333,0.852,1,1,1,12117,13632,1515,22,26,3,inferred_uniform_text_timing,ffmpeg_audio_sample_rate,video_frame_index_and_fps
'-UacrmKiTn4_4,'-UacrmKiTn4,4,9,0.852,0.9466666666666668,0,1,1,13632,15146,1514,25,29,3,inferred_uniform_text_timing,ffmpeg_audio_sample_rate,video_frame_index_and_fps
'-UacrmKiTn4_4,'-UacrmKiTn4,4,10,0.9466666666666668,1.0413333333333334,0,1,1,15146,16661,1515,28,32,3,inferred_uniform_text_timing,ffmpeg_audio_sample_rate,video_frame_index_and_fps
'-UacrmKiTn4_4,'-UacrmKiTn4,4,11,1.0413333333333334,1.136,1,1,1,16661,18176,1515,31,35,3,inferred_uniform_text_timing,ffmpeg_audio_sample_rate,video_frame_index_and_fps
'-UacrmKiTn4_4,'-UacrmKiTn4,4,12,1.136,1.2306666666666666,0,1,1,18176,19690,1514,34,37,2,inferred_uniform_text_timing,ffmpeg_audio_sample_rate,video_frame_index_and_fps
'-UacrmKiTn4_4,'-UacrmKiTn4,4,13,1.2306666666666666,1.3253333333333333,0,1,1,19690,21205,1515,36,40,3,inferred_uniform_text_timing,ffmpeg_audio_sample_rate,video_frame_index_and_fps
'-UacrmKiTn4_4,'-UacrmKiTn4,4,14,1.3253333333333333,1.42,0,1,1,21205,22720,1515,39,43,3,inferred_uniform_text_timing,ffmpeg_audio_sample_rate,video_frame_index_and_fps
'-UacrmKiTn4_4,'-UacrmKiTn4,4,15,1.42,1.5146666666666666,1,1,1,22720,24234,1514,42,46,3,inferred_uniform_text_timing,ffmpeg_audio_sample_rate,video_frame_index_and_fps
'-UacrmKiTn4_4,'-UacrmKiTn4,4,16,1.5146666666666666,1.6093333333333333,0,1,1,24234,25749,1515,45,49,3,inferred_uniform_text_timing,ffmpeg_audio_sample_rate,video_frame_index_and_fps
'-UacrmKiTn4_4,'-UacrmKiTn4,4,17,1.6093333333333333,1.704,0,1,1,25749,27264,1515,48,52,3,inferred_uniform_text_timing,ffmpeg_audio_sample_rate,video_frame_index_and_fps
'-UacrmKiTn4_4,'-UacrmKiTn4,4,18,1.704,1.7986666666666666,1,1,1,27264,28778,1514,51,54,2,inferred_uniform_text_timing,ffmpeg_audio_sample_rate,video_frame_index_and_fps
'-UacrmKiTn4_4,'-UacrmKiTn4,4,19,1.7986666666666666,1.8933333333333335,0,1,1,28778,30293,1515,53,57,3,inferred_uniform_text_timing,ffmpeg_audio_sample_rate,video_frame_index_and_fps
'-UacrmKiTn4_4,'-UacrmKiTn4,4,20,1.8933333333333335,1.9880000000000002,0,1,1,30293,31808,1515,56,60,3,inferred_uniform_text_timing,ffmpeg_audio_sample_rate,video_frame_index_and_fps
'-UacrmKiTn4_4,'-UacrmKiTn4,4,21,1.9880000000000002,2.082666666666667,1,1,1,31808,33322,1514,59,63,3,inferred_uniform_text_timing,ffmpeg_audio_sample_rate,video_frame_index_and_fps
'-UacrmKiTn4_4,'-UacrmKiTn4,4,22,2.082666666666667,2.1773333333333333,0,1,1,33322,34837,1515,62,66,3,inferred_uniform_text_timing,ffmpeg_audio_sample_rate,video_frame_index_and_fps
'-UacrmKiTn4_4,'-UacrmKiTn4,4,23,2.1773333333333333,2.272,0,1,1,34837,36352,1515,65,69,3,inferred_uniform_text_timing,ffmpeg_audio_sample_rate,video_frame_index_and_fps
'-UacrmKiTn4_4,'-UacrmKiTn4,4,24,2.272,2.3666666666666667,1,1,1,36352,37866,1514,68,71,2,inferred_uniform_text_timing,ffmpeg_audio_sample_rate,video_frame_index_and_fps
'-UacrmKiTn4_4,'-UacrmKiTn4,4,25,2.3666666666666667,2.461333333333333,0,1,1,37866,39381,1515,71,74,3,inferred_uniform_text_timing,ffmpeg_audio_sample_rate,video_frame_index_and_fps
'-UacrmKiTn4_4,'-UacrmKiTn4,4,26,2.461333333333333,2.556,0,1,1,39381,40896,1515,73,77,3,inferred_uniform_text_timing,ffmpeg_audio_sample_rate,video_frame_index_and_fps
'-UacrmKiTn4_4,'-UacrmKiTn4,4,27,2.556,2.6506666666666665,0,1,1,40896,42410,1514,76,80,3,inferred_uniform_text_timing,ffmpeg_audio_sample_rate,video_frame_index_and_fps
'-UacrmKiTn4_4,'-UacrmKiTn4,4,28,2.6506666666666665,2.7453333333333334,1,1,1,42410,43925,1515,79,83,3,inferred_uniform_text_timing,ffmpeg_audio_sample_rate,video_frame_index_and_fps
'-UacrmKiTn4_4,'-UacrmKiTn4,4,29,2.7453333333333334,2.84,0,1,1,43925,45440,1515,82,86,3,inferred_uniform_text_timing,ffmpeg_audio_sample_rate,video_frame_index_and_fps
'-UacrmKiTn4_4,'-UacrmKiTn4,4,30,2.84,2.9346666666666668,0,1,1,45440,46954,1514,85,89,3,inferred_uniform_text_timing,ffmpeg_audio_sample_rate,video_frame_index_and_fps
'-UacrmKiTn4_4,'-UacrmKiTn4,4,31,2.9346666666666668,3.029333333333333,1,1,1,46954,48469,1515,88,91,2,inferred_uniform_text_timing,ffmpeg_audio_sample_rate,video_frame_index_and_fps
'-UacrmKiTn4_4,'-UacrmKiTn4,4,32,3.029333333333333,3.1239999999999997,0,1,1,48469,49983,1514,90,94,3,inferred_uniform_text_timing,ffmpeg_audio_sample_rate,video_frame_index_and_fps
'-UacrmKiTn4_4,'-UacrmKiTn4,4,33,3.1239999999999997,3.2186666666666666,0,1,1,49983,51498,1515,93,97,3,inferred_uniform_text_timing,ffmpeg_audio_sample_rate,video_frame_index_and_fps
'-UacrmKiTn4_4,'-UacrmKiTn4,4,34,3.2186666666666666,3.313333333333333,0,1,1,51498,53013,1515,96,100,3,inferred_uniform_text_timing,ffmpeg_audio_sample_rate,video_frame_index_and_fps
'-UacrmKiTn4_4,'-UacrmKiTn4,4,35,3.313333333333333,3.408,1,1,1,53013,54528,1515,99,103,3,inferred_uniform_text_timing,ffmpeg_audio_sample_rate,video_frame_index_and_fps
'-UacrmKiTn4_4,'-UacrmKiTn4,4,36,3.408,3.5026666666666664,0,1,1,54528,56042,1514,102,106,3,inferred_uniform_text_timing,ffmpeg_audio_sample_rate,video_frame_index_and_fps
'-UacrmKiTn4_4,'-UacrmKiTn4,4,37,3.5026666666666664,3.5973333333333333,0,1,1,56042,57557,1515,105,108,2,inferred_uniform_text_timing,ffmpeg_audio_sample_rate,video_frame_index_and_fps
'-UacrmKiTn4_4,'-UacrmKiTn4,4,38,3.5973333333333333,3.6919999999999997,1,1,1,57557,59071,1514,107,111,3,inferred_uniform_text_timing,ffmpeg_audio_sample_rate,video_frame_index_and_fps
'-UacrmKiTn4_4,'-UacrmKiTn4,4,39,3.6919999999999997,3.786666666666667,0,1,1,59071,60586,1515,110,114,3,inferred_uniform_text_timing,ffmpeg_audio_sample_rate,video_frame_index_and_fps
'-UacrmKiTn4_4,'-UacrmKiTn4,4,40,3.786666666666667,3.881333333333333,0,1,1,60586,62101,1515,113,117,3,inferred_uniform_text_timing,ffmpeg_audio_sample_rate,video_frame_index_and_fps
'-UacrmKiTn4_4,'-UacrmKiTn4,4,41,3.881333333333333,3.9760000000000004,1,1,1,62101,63616,1515,116,120,3,inferred_uniform_text_timing,ffmpeg_audio_sample_rate,video_frame_index_and_fps
'-UacrmKiTn4_4,'-UacrmKiTn4,4,42,3.9760000000000004,4.070666666666667,0,1,1,63616,65130,1514,119,123,3,inferred_uniform_text_timing,ffmpeg_audio_sample_rate,video_frame_index_and_fps
'-UacrmKiTn4_4,'-UacrmKiTn4,4,43,4.070666666666667,4.165333333333334,0,1,1,65130,66645,1515,122,125,2,inferred_uniform_text_timing,ffmpeg_audio_sample_rate,video_frame_index_and_fps
'-UacrmKiTn4_4,'-UacrmKiTn4,4,44,4.165333333333334,4.26,1,1,1,66645,68160,1515,124,128,3,inferred_uniform_text_timing,ffmpeg_audio_sample_rate,video_frame_index_and_fps
'-UacrmKiTn4_4,'-UacrmKiTn4,4,45,4.26,4.354666666666667,0,1,1,68160,69674,1514,127,131,3,inferred_uniform_text_timing,ffmpeg_audio_sample_rate,video_frame_index_and_fps
'-UacrmKiTn4_4,'-UacrmKiTn4,4,46,4.354666666666667,4.449333333333334,0,1,1,69674,71189,1515,130,134,3,inferred_uniform_text_timing,ffmpeg_audio_sample_rate,video_frame_index_and_fps
'-UacrmKiTn4_4,'-UacrmKiTn4,4,47,4.449333333333334,4.544,0,1,1,71189,72704,1515,133,137,3,inferred_uniform_text_timing,ffmpeg_audio_sample_rate,video_frame_index_and_fps
'-UacrmKiTn4_4,'-UacrmKiTn4,4,48,4.544,4.6386666666666665,1,1,1,72704,74218,1514,136,140,3,inferred_uniform_text_timing,ffmpeg_audio_sample_rate,video_frame_index_and_fps
'-UacrmKiTn4_4,'-UacrmKiTn4,4,49,4.6386666666666665,4.733333333333333,0,1,1,74218,75733,693,139,142,2,inferred_uniform_text_timing,ffmpeg_audio_sample_rate,video_frame_index_and_fps
'-hnBHBN8p5A_7,'-hnBHBN8p5A,7,0,0.0,0.14681333333333332,0,1,1,0,2349,2349,0,4,4,inferred_uniform_text_timing,ffmpeg_audio_sample_rate,video_frame_index_and_fps
'-hnBHBN8p5A_7,'-hnBHBN8p5A,7,1,0.14681333333333332,0.29362666666666665,1,1,1,2349,4698,2349,3,8,4,inferred_uniform_text_timing,ffmpeg_audio_sample_rate,video_frame_index_and_fps
'-hnBHBN8p5A_7,'-hnBHBN8p5A,7,2,0.29362666666666665,0.44043999999999994,0,1,1,4698,7047,2349,7,11,3,inferred_uniform_text_timing,ffmpeg_audio_sample_rate,video_frame_index_and_fps
'-hnBHBN8p5A_7,'-hnBHBN8p5A,7,3,0.44043999999999994,0.5872533333333333,0,1,1,7047,9396,2349,10,15,4,inferred_uniform_text_timing,ffmpeg_audio_sample_rate,video_frame_index_and_fps
'-hnBHBN8p5A_7,'-hnBHBN8p5A,7,4,0.5872533333333333,0.7340666666666666,1,1,1,9396,11745,2349,14,18,3,inferred_uniform_text_timing,ffmpeg_audio_sample_rate,video_frame_index_and_fps
'-hnBHBN8p5A_7,'-hnBHBN8p5A,7,5,0.7340666666666666,0.8808799999999999,0,1,1,11745,14094,2349,17,22,4,inferred_uniform_text_timing,ffmpeg_audio_sample_rate,video_frame_index_and_fps
'-hnBHBN8p5A_7,'-hnBHBN8p5A,7,6,0.8808799999999999,1.0276933333333333,0,1,1,14094,16443,2349,21,25,3,inferred_uniform_text_timing,ffmpeg_audio_sample_rate,video_frame_index_and_fps
'-hnBHBN8p5A_7,'-hnBHBN8p5A,7,7,1.0276933333333333,1.1745066666666666,1,1,1,16443,18792,2349,24,29,4,inferred_uniform_text_timing,ffmpeg_audio_sample_rate,video_frame_index_and_fps
'-hnBHBN8p5A_7,'-hnBHBN8p5A,7,8,1.1745066666666666,1.32132,0,1,1,18792,21141,2349,28,32,3,inferred_uniform_text_timing,ffmpeg_audio_sample_rate,video_frame_index_and_fps
'-hnBHBN8p5A_7,'-hnBHBN8p5A,7,9,1.32132,1.4681333333333333,0,1,1,21141,23490,2349,31,36,4,inferred_uniform_text_timing,ffmpeg_audio_sample_rate,video_frame_index_and_fps
'-hnBHBN8p5A_7,'-hnBHBN8p5A,7,10,1.4681333333333333,1.6149466666666665,1,1,1,23490,25839,2349,35,39,3,inferred_uniform_text_timing,ffmpeg_audio_sample_rate,video_frame_index_and_fps
'-hnBHBN8p5A_7,'-hnBHBN8p5A,7,11,1.6149466666666665,1.7617599999999998,0,1,1,25839,28188,2349,38,43,4,inferred_uniform_text_timing,ffmpeg_audio_sample_rate,video_frame_index_and_fps
'-hnBHBN8p5A_7,'-hnBHBN8p5A,7,12,1.7617599999999998,1.9085733333333332,0,1,1,28188,30537,2349,42,46,3,inferred_uniform_text_timing,ffmpeg_audio_sample_rate,video_frame_index_and_fps
'-hnBHBN8p5A_7,'-hnBHBN8p5A,7,13,1.9085733333333332,2.0553866666666667,1,1,1,30537,32886,2349,45,50,4,inferred_uniform_text_timing,ffmpeg_audio_sample_rate,video_frame_index_and_fps
'-hnBHBN8p5A_7,'-hnBHBN8p5A,7,14,2.0553866666666667,2.2022,0,1,1,32886,35235,2349,49,53,3,inferred_uniform_text_timing,ffmpeg_audio_sample_rate,video_frame_index_and_fps
'-hnBHBN8p5A_7,'-hnBHBN8p5A,7,15,2.2022,2.349013333333333,0,1,1,35235,37584,2349,52,57,4,inferred_uniform_text_timing,ffmpeg_audio_sample_rate,video_frame_index_and_fps
'-hnBHBN8p5A_7,'-hnBHBN8p5A,7,16,2.349013333333333,2.4958266666666664,1,1,1,37584,39933,2349,56,60,3,inferred_uniform_text_timing,ffmpeg_audio_sample_rate,video_frame_index_and_fps
'-hnBHBN8p5A_7,'-hnBHBN8p5A,7,17,2.4958266666666664,2.64264,0,1,1,39933,42282,2349,59,64,4,inferred_uniform_text_timing,ffmpeg_audio_sample_rate,video_frame_index_and_fps
'-hnBHBN8p5A_7,'-hnBHBN8p5A,7,18,2.64264,2.7894533333333333,0,1,1,42282,44631,2349,63,67,3,inferred_uniform_text_timing,ffmpeg_audio_sample_rate,video_frame_index_and_fps
'-hnBHBN8p5A_7,'-hnBHBN8p5A,7,19,2.7894533333333333,2.9362666666666666,1,1,1,44631,46980,2349,66,71,4,inferred_uniform_text_timing,ffmpeg_audio_sample_rate,video_frame_index_and_fps
'-hnBHBN8p5A_7,'-hnBHBN8p5A,7,20,2.9362666666666666,3.08308,0,1,1,46980,49329,2349,70,74,3,inferred_uniform_text_timing,ffmpeg_audio_sample_rate,video_frame_index_and_fps
'-hnBHBN8p5A_7,'-hnBHBN8p5A,7,21,3.08308,3.229893333333333,0,1,1,49329,51678,2349,73,78,4,inferred_uniform_text_timing,ffmpeg_audio_sample_rate,video_frame_index_and_fps
'-hnBHBN8p5A_7,'-hnBHBN8p5A,7,22,3.229893333333333,3.3767066666666663,1,1,1,51678,54027,2349,77,81,3,inferred_uniform_text_timing,ffmpeg_audio_sample_rate,video_frame_index_and_fps
'-hnBHBN8p5A_7,'-hnBHBN8p5A,7,23,3.3767066666666663,3.5235199999999995,0,1,1,54027,56376,2349,80,85,4,inferred_uniform_text_timing,ffmpeg_audio_sample_rate,video_frame_index_and_fps
'-hnBHBN8p5A_7,'-hnBHBN8p5A,7,24,3.5235199999999995,3.6703333333333332,0,1,1,56376,58725,2349,84,88,3,inferred_uniform_text_timing,ffmpeg_audio_sample_rate,video_frame_index_and_fps
'-hnBHBN8p5A_7,'-hnBHBN8p5A,7,25,3.6703333333333332,3.8171466666666665,1,1,1,58725,61074,2349,88,92,4,inferred_uniform_text_timing,ffmpeg_audio_sample_rate,video_frame_index_and_fps
'-hnBHBN8p5A_7,'-hnBHBN8p5A,7,26,3.8171466666666665,3.96396,0,1,1,61074,63423,2349,91,96,4,inferred_uniform_text_timing,ffmpeg_audio_sample_rate,video_frame_index_and_fps
'-hnBHBN8p5A_7,'-hnBHBN8p5A,7,27,3.96396,4.110773333333333,1,1,1,63423,65772,2349,95,99,3,inferred_uniform_text_timing,ffmpeg_audio_sample_rate,video_frame_index_and_fps
'-hnBHBN8p5A_7,'-hnBHBN8p5A,7,28,4.110773333333333,4.257586666666667,0,1,1,65772,68121,2349,98,103,4,inferred_uniform_text_timing,ffmpeg_audio_sample_rate,video_frame_index_and_fps
'-hnBHBN8p5A_7,'-hnBHBN8p5A,7,29,4.257586666666667,4.4044,0,1,1,68121,70470,2349,102,106,3,inferred_uniform_text_timing,ffmpeg_audio_sample_rate,video_frame_index_and_fps
'-hnBHBN8p5A_7,'-hnBHBN8p5A,7,30,4.4044,4.551213333333333,1,1,1,70470,72819,2349,105,110,4,inferred_uniform_text_timing,ffmpeg_audio_sample_rate,video_frame_index_and_fps
'-hnBHBN8p5A_7,'-hnBHBN8p5A,7,31,4.551213333333333,4.698026666666666,0,1,1,72819,75168,2349,109,113,3,inferred_uniform_text_timing,ffmpeg_audio_sample_rate,video_frame_index_and_fps
'-hnBHBN8p5A_7,'-hnBHBN8p5A,7,32,4.698026666666666,4.84484,0,1,1,75168,77517,2349,112,117,4,inferred_uniform_text_timing,ffmpeg_audio_sample_rate,video_frame_index_and_fps
'-hnBHBN8p5A_7,'-hnBHBN8p5A,7,33,4.84484,4.991653333333333,1,1,1,77517,79866,2349,116,120,3,inferred_uniform_text_timing,ffmpeg_audio_sample_rate,video_frame_index_and_fps
'-hnBHBN8p5A_7,'-hnBHBN8p5A,7,34,4.991653333333333,5.138466666666667,0,1,1,79866,82215,2349,119,124,4,inferred_uniform_text_timing,ffmpeg_audio_sample_rate,video_frame_index_and_fps
'-hnBHBN8p5A_7,'-hnBHBN8p5A,7,35,5.138466666666667,5.28528,0,1,1,82215,84564,2349,123,127,3,inferred_uniform_text_timing,ffmpeg_audio_sample_rate,video_frame_index_and_fps
'-hnBHBN8p5A_7,'-hnBHBN8p5A,7,36,5.28528,5.432093333333333,1,1,1,84564,86913,2349,126,131,4,inferred_uniform_text_timing,ffmpeg_audio_sample_rate,video_frame_index_and_fps
'-hnBHBN8p5A_7,'-hnBHBN8p5A,7,37,5.432093333333333,5.578906666666667,0,1,1,86913,89262,2349,130,134,3,inferred_uniform_text_timing,ffmpeg_audio_sample_rate,video_frame_index_and_fps
'-hnBHBN8p5A_7,'-hnBHBN8p5A,7,38,5.578906666666667,5.72572,0,1,1,89262,91611,2349,133,138,4,inferred_uniform_text_timing,ffmpeg_audio_sample_rate,video_frame_index_and_fps
'-hnBHBN8p5A_7,'-hnBHBN8p5A,7,39,5.72572,5.872533333333333,1,1,1,91611,93960,2349,137,141,3,inferred_uniform_text_timing,ffmpeg_audio_sample_rate,video_frame_index_and_fps
'-hnBHBN8p5A_7,'-hnBHBN8p5A,7,40,5.872533333333333,6.019346666666666,0,1,1,93960,96309,2349,140,145,4,inferred_uniform_text_timing,ffmpeg_audio_sample_rate,video_frame_index_and_fps
'-hnBHBN8p5A_7,'-hnBHBN8p5A,7,41,6.019346666666666,6.16616,0,1,1,96309,98658,2349,144,148,3,inferred_uniform_text_timing,ffmpeg_audio_sample_rate,video_frame_index_and_fps
'-hnBHBN8p5A_7,'-hnBHBN8p5A,7,42,6.16616,6.312973333333333,1,1,1,98658,101007,2349,147,152,4,inferred_uniform_text_timing,ffmpeg_audio_sample_rate,video_frame_index_and_fps
'-hnBHBN8p5A_7,'-hnBHBN8p5A,7,43,6.312973333333333,6.459786666666666,0,1,1,101007,103356,2349,151,155,3,inferred_uniform_text_timing,ffmpeg_audio_sample_rate,video_frame_index_and_fps
'-hnBHBN8p5A_7,'-hnBHBN8p5A,7,44,6.459786666666666,6.606599999999999,0,1,1,103356,105705,2349,154,159,4,inferred_uniform_text_timing,ffmpeg_audio_sample_rate,video_frame_index_and_fps
'-hnBHBN8p5A_7,'-hnBHBN8p5A,7,45,6.606599999999999,6.753413333333333,1,1,1,105705,108054,2349,158,162,3,inferred_uniform_text_timing,ffmpeg_audio_sample_rate,video_frame_index_and_fps
'-hnBHBN8p5A_7,'-hnBHBN8p5A,7,46,6.753413333333333,6.900226666666666,0,1,1,108054,110403,2349,161,166,4,inferred_uniform_text_timing,ffmpeg_audio_sample_rate,video_frame_index_and_fps
'-hnBHBN8p5A_7,'-hnBHBN8p5A,7,47,6.900226666666666,7.047039999999999,0,1,1,110403,112752,2349,165,169,3,inferred_uniform_text_timing,ffmpeg_audio_sample_rate,video_frame_index_and_fps
'-hnBHBN8p5A_7,'-hnBHBN8p5A,7,48,7.047039999999999,7.193853333333333,1,1,1,112752,115101,2349,168,173,4,inferred_uniform_text_timing,ffmpeg_audio_sample_rate,video_frame_index_and_fps
'-hnBHBN8p5A_7,'-hnBHBN8p5A,7,49,7.193853333333333,7.3406666666666665,0,1,1,115101,117450,1836,172,176,3,inferred_uniform_text_timing,ffmpeg_audio_sample_rate,video_frame_index_and_fps
'-hnBHBN8p5A_6,'-hnBHBN8p5A,6,0,0.0,0.1276274379562044,0,1,1,0,2042,2042,0,4,4,inferred_uniform_text_timing,ffmpeg_audio_sample_rate,video_frame_index_and_fps
'-hnBHBN8p5A_6,'-hnBHBN8p5A,6,1,0.1276274379562044,0.2552548759124088,1,1,1,2042,4084,2042,3,7,3,inferred_uniform_text_timing,ffmpeg_audio_sample_rate,video_frame_index_and_fps
'-hnBHBN8p5A_6,'-hnBHBN8p5A,6,2,0.2552548759124088,0.3828823138686132,0,1,1,4084,6126,2042,6,10,3,inferred_uniform_text_timing,ffmpeg_audio_sample_rate,video_frame_index_and_fps
'-hnBHBN8p5A_6,'-hnBHBN8p5A,6,3,0.3828823138686132,0.5105097518248176,0,1,1,6126,8168,2042,9,13,3,inferred_uniform_text_timing,ffmpeg_audio_sample_rate,video_frame_index_and_fps
'-hnBHBN8p5A_6,'-hnBHBN8p5A,6,4,0.5105097518248176,0.638137189781022,0,1,1,8168,10210,2042,12,16,3,inferred_uniform_text_timing,ffmpeg_audio_sample_rate,video_frame_index_and_fps
'-hnBHBN8p5A_6,'-hnBHBN8p5A,6,5,0.638137189781022,0.7657646277372264,1,1,1,10210,12252,2042,15,19,3,inferred_uniform_text_timing,ffmpeg_audio_sample_rate,video_frame_index_and_fps
'-hnBHBN8p5A_6,'-hnBHBN8p5A,6,6,0.7657646277372264,0.8933920656934308,0,1,1,12252,14294,2042,18,22,3,inferred_uniform_text_timing,ffmpeg_audio_sample_rate,video_frame_index_and_fps
'-hnBHBN8p5A_6,'-hnBHBN8p5A,6,7,0.8933920656934308,1.0210195036496352,0,1,1,14294,16336,2042,21,25,3,inferred_uniform_text_timing,ffmpeg_audio_sample_rate,video_frame_index_and_fps
'-hnBHBN8p5A_6,'-hnBHBN8p5A,6,8,1.0210195036496352,1.1486469416058396,1,1,1,16336,18378,2042,24,28,3,inferred_uniform_text_timing,ffmpeg_audio_sample_rate,video_frame_index_and_fps
'-hnBHBN8p5A_6,'-hnBHBN8p5A,6,9,1.1486469416058396,1.276274379562044,0,1,1,18378,20420,2042,27,31,3,inferred_uniform_text_timing,ffmpeg_audio_sample_rate,video_frame_index_and_fps
'-hnBHBN8p5A_6,'-hnBHBN8p5A,6,10,1.276274379562044,1.4039018175182483,0,1,1,20420,22462,2042,30,34,3,inferred_uniform_text_timing,ffmpeg_audio_sample_rate,video_frame_index_and_fps
'-hnBHBN8p5A_6,'-hnBHBN8p5A,6,11,1.4039018175182483,1.5315292554744528,0,1,1,22462,24504,2042,33,37,3,inferred_uniform_text_timing,ffmpeg_audio_sample_rate,video_frame_index_and_fps
'-hnBHBN8p5A_6,'-hnBHBN8p5A,6,12,1.5315292554744528,1.659156693430657,1,1,1,24504,26546,2042,36,40,3,inferred_uniform_text_timing,ffmpeg_audio_sample_rate,video_frame_index_and_fps
'-hnBHBN8p5A_6,'-hnBHBN8p5A,6,13,1.659156693430657,1.7867841313868615,0,1,1,26546,28588,2042,39,43,3,inferred_uniform_text_timing,ffmpeg_audio_sample_rate,video_frame_index_and_fps
'-hnBHBN8p5A_6,'-hnBHBN8p5A,6,14,1.7867841313868615,1.9144115693430657,0,1,1,28588,30630,2042,42,46,3,inferred_uniform_text_timing,ffmpeg_audio_sample_rate,video_frame_index_and_fps
'-hnBHBN8p5A_6,'-hnBHBN8p5A,6,15,1.9144115693430657,2.0420390072992705,0,1,1,30630,32672,2042,45,49,3,inferred_uniform_text_timing,ffmpeg_audio_sample_rate,video_frame_index_and_fps
'-hnBHBN8p5A_6,'-hnBHBN8p5A,6,16,2.0420390072992705,2.1696664452554746,1,1,1,32672,34714,2042,48,53,4,inferred_uniform_text_timing,ffmpeg_audio_sample_rate,video_frame_index_and_fps
'-hnBHBN8p5A_6,'-hnBHBN8p5A,6,17,2.1696664452554746,2.297293883211679,0,1,1,34714,36756,2042,52,56,3,inferred_uniform_text_timing,ffmpeg_audio_sample_rate,video_frame_index_and_fps
'-hnBHBN8p5A_6,'-hnBHBN8p5A,6,18,2.297293883211679,2.4249213211678837,0,1,1,36756,38798,2042,55,59,3,inferred_uniform_text_timing,ffmpeg_audio_sample_rate,video_frame_index_and_fps
'-hnBHBN8p5A_6,'-hnBHBN8p5A,6,19,2.4249213211678837,2.552548759124088,1,1,1,38798,40840,2042,58,62,3,inferred_uniform_text_timing,ffmpeg_audio_sample_rate,video_frame_index_and_fps
'-hnBHBN8p5A_6,'-hnBHBN8p5A,6,20,2.552548759124088,2.680176197080292,0,1,1,40840,42882,2042,61,65,3,inferred_uniform_text_timing,ffmpeg_audio_sample_rate,video_frame_index_and_fps
'-hnBHBN8p5A_6,'-hnBHBN8p5A,6,21,2.680176197080292,2.8078036350364965,0,1,1,42882,44924,2042,64,68,3,inferred_uniform_text_timing,ffmpeg_audio_sample_rate,video_frame_index_and_fps
'-hnBHBN8p5A_6,'-hnBHBN8p5A,6,22,2.8078036350364965,2.935431072992701,0,1,1,44924,46966,2042,67,71,3,inferred_uniform_text_timing,ffmpeg_audio_sample_rate,video_frame_index_and_fps
'-hnBHBN8p5A_6,'-hnBHBN8p5A,6,23,2.935431072992701,3.0630585109489057,1,1,1,46966,49008,2042,70,74,3,inferred_uniform_text_timing,ffmpeg_audio_sample_rate,video_frame_index_and_fps
'-hnBHBN8p5A_6,'-hnBHBN8p5A,6,24,3.0630585109489057,3.1906859489051103,0,1,1,49008,51050,2042,73,77,3,inferred_uniform_text_timing,ffmpeg_audio_sample_rate,video_frame_index_and_fps
'-hnBHBN8p5A_6,'-hnBHBN8p5A,6,25,3.1906859489051103,3.318313386861314,0,1,1,51050,53093,2043,76,80,3,inferred_uniform_text_timing,ffmpeg_audio_sample_rate,video_frame_index_and_fps
'-hnBHBN8p5A_6,'-hnBHBN8p5A,6,26,3.318313386861314,3.4459408248175185,1,1,1,53093,55135,2042,79,83,3,inferred_uniform_text_timing,ffmpeg_audio_sample_rate,video_frame_index_and_fps
'-hnBHBN8p5A_6,'-hnBHBN8p5A,6,27,3.4459408248175185,3.573568262773723,0,1,1,55135,57177,2042,82,86,3,inferred_uniform_text_timing,ffmpeg_audio_sample_rate,video_frame_index_and_fps
'-hnBHBN8p5A_6,'-hnBHBN8p5A,6,28,3.573568262773723,3.7011957007299277,0,1,1,57177,59219,2042,85,89,3,inferred_uniform_text_timing,ffmpeg_audio_sample_rate,video_frame_index_and_fps
'-hnBHBN8p5A_6,'-hnBHBN8p5A,6,29,3.7011957007299277,3.8288231386861313,0,1,1,59219,61261,2042,88,92,3,inferred_uniform_text_timing,ffmpeg_audio_sample_rate,video_frame_index_and_fps
'-hnBHBN8p5A_6,'-hnBHBN8p5A,6,30,3.8288231386861313,3.956450576642336,1,1,1,61261,63303,2042,91,95,3,inferred_uniform_text_timing,ffmpeg_audio_sample_rate,video_frame_index_and_fps
'-hnBHBN8p5A_6,'-hnBHBN8p5A,6,31,3.956450576642336,4.084078014598541,0,1,1,63303,65345,2042,94,98,3,inferred_uniform_text_timing,ffmpeg_audio_sample_rate,video_frame_index_and_fps
'-hnBHBN8p5A_6,'-hnBHBN8p5A,6,32,4.084078014598541,4.211705452554745,0,1,1,65345,67387,2042,97,101,3,inferred_uniform_text_timing,ffmpeg_audio_sample_rate,video_frame_index_and_fps
'-hnBHBN8p5A_6,'-hnBHBN8p5A,6,33,4.211705452554745,4.339332890510949,1,1,1,67387,69429,2042,100,105,4,inferred_uniform_text_timing,ffmpeg_audio_sample_rate,video_frame_index_and_fps
'-hnBHBN8p5A_6,'-hnBHBN8p5A,6,34,4.339332890510949,4.466960328467153,0,1,1,69429,71471,2042,104,108,3,inferred_uniform_text_timing,ffmpeg_audio_sample_rate,video_frame_index_and_fps
'-hnBHBN8p5A_6,'-hnBHBN8p5A,6,35,4.466960328467153,4.594587766423358,0,1,1,71471,73513,2042,107,111,3,inferred_uniform_text_timing,ffmpeg_audio_sample_rate,video_frame_index_and_fps
'-hnBHBN8p5A_6,'-hnBHBN8p5A,6,36,4.594587766423358,4.722215204379562,0,1,1,73513,75555,2042,110,114,3,inferred_uniform_text_timing,ffmpeg_audio_sample_rate,video_frame_index_and_fps
'-hnBHBN8p5A_6,'-hnBHBN8p5A,6,37,4.722215204379562,4.8498426423357675,1,1,1,75555,77597,2042,113,117,3,inferred_uniform_text_timing,ffmpeg_audio_sample_rate,video_frame_index_and_fps
'-hnBHBN8p5A_6,'-hnBHBN8p5A,6,38,4.8498426423357675,4.977470080291971,0,1,1,77597,79639,2042,116,120,3,inferred_uniform_text_timing,ffmpeg_audio_sample_rate,video_frame_index_and_fps
'-hnBHBN8p5A_6,'-hnBHBN8p5A,6,39,4.977470080291971,5.105097518248176,0,1,1,79639,81681,2042,119,123,3,inferred_uniform_text_timing,ffmpeg_audio_sample_rate,video_frame_index_and_fps
'-hnBHBN8p5A_6,'-hnBHBN8p5A,6,40,5.105097518248176,5.23272495620438,0,1,1,81681,83723,2042,122,126,3,inferred_uniform_text_timing,ffmpeg_audio_sample_rate,video_frame_index_and_fps
'-hnBHBN8p5A_6,'-hnBHBN8p5A,6,41,5.23272495620438,5.360352394160584,1,1,1,83723,85765,2042,125,129,3,inferred_uniform_text_timing,ffmpeg_audio_sample_rate,video_frame_index_and_fps
'-hnBHBN8p5A_6,'-hnBHBN8p5A,6,42,5.360352394160584,5.487979832116789,0,1,1,85765,87807,2042,128,132,3,inferred_uniform_text_timing,ffmpeg_audio_sample_rate,video_frame_index_and_fps
'-hnBHBN8p5A_6,'-hnBHBN8p5A,6,43,5.487979832116789,5.615607270072993,0,1,1,87807,89849,2042,131,135,3,inferred_uniform_text_timing,ffmpeg_audio_sample_rate,video_frame_index_and_fps
'-hnBHBN8p5A_6,'-hnBHBN8p5A,6,44,5.615607270072993,5.743234708029198,1,1,1,89849,91891,2042,134,138,3,inferred_uniform_text_timing,ffmpeg_audio_sample_rate,video_frame_index_and_fps
'-hnBHBN8p5A_6,'-hnBHBN8p5A,6,45,5.743234708029198,5.870862145985402,0,1,1,91891,93933,2042,137,141,3,inferred_uniform_text_timing,ffmpeg_audio_sample_rate,video_frame_index_and_fps
'-hnBHBN8p5A_6,'-hnBHBN8p5A,6,46,5.870862145985402,5.998489583941606,0,1,1,93933,95975,2042,140,144,3,inferred_uniform_text_timing,ffmpeg_audio_sample_rate,video_frame_index_and_fps
'-hnBHBN8p5A_6,'-hnBHBN8p5A,6,47,5.998489583941606,6.126117021897811,0,1,1,95975,98017,2042,143,147,3,inferred_uniform_text_timing,ffmpeg_audio_sample_rate,video_frame_index_and_fps
'-hnBHBN8p5A_6,'-hnBHBN8p5A,6,48,6.126117021897811,6.2537444598540155,1,1,1,98017,100059,2042,146,150,3,inferred_uniform_text_timing,ffmpeg_audio_sample_rate,video_frame_index_and_fps
'-hnBHBN8p5A_6,'-hnBHBN8p5A,6,49,6.2537444598540155,6.3813718978102205,0,1,1,100059,102101,1266,149,154,3,inferred_uniform_text_timing,ffmpeg_audio_sample_rate,video_frame_index_and_fps
'-qDkUB0GgYY_6,'-qDkUB0GgYY,6,0,0.0,0.09333333333333334,0,1,1,0,1493,1493,0,3,3,inferred_uniform_text_timing,ffmpeg_audio_sample_rate,video_frame_index_and_fps
'-qDkUB0GgYY_6,'-qDkUB0GgYY,6,1,0.09333333333333334,0.18666666666666668,1,1,1,1493,2986,1493,2,6,3,inferred_uniform_text_timing,ffmpeg_audio_sample_rate,video_frame_index_and_fps
'-qDkUB0GgYY_6,'-qDkUB0GgYY,6,2,0.18666666666666668,0.28,0,1,1,2986,4480,1494,5,9,3,inferred_uniform_text_timing,ffmpeg_audio_sample_rate,video_frame_index_and_fps
'-qDkUB0GgYY_6,'-qDkUB0GgYY,6,3,0.28,0.37333333333333335,0,1,1,4480,5973,1493,8,12,3,inferred_uniform_text_timing,ffmpeg_audio_sample_rate,video_frame_index_and_fps
'-qDkUB0GgYY_6,'-qDkUB0GgYY,6,4,0.37333333333333335,0.46666666666666673,1,1,1,5973,7466,1493,11,15,2,inferred_uniform_text_timing,ffmpeg_audio_sample_rate,video_frame_index_and_fps
'-qDkUB0GgYY_6,'-qDkUB0GgYY,6,5,0.46666666666666673,0.56,0,1,1,7466,8960,1494,14,17,3,inferred_uniform_text_timing,ffmpeg_audio_sample_rate,video_frame_index_and_fps
'-qDkUB0GgYY_6,'-qDkUB0GgYY,6,6,0.56,0.6533333333333334,1,1,1,8960,10453,1493,16,20,3,inferred_uniform_text_timing,ffmpeg_audio_sample_rate,video_frame_index_and_fps
'-qDkUB0GgYY_6,'-qDkUB0GgYY,6,7,0.6533333333333334,0.7466666666666667,0,1,1,10453,11946,1493,19,23,3,inferred_uniform_text_timing,ffmpeg_audio_sample_rate,video_frame_index_and_fps
'-qDkUB0GgYY_6,'-qDkUB0GgYY,6,8,0.7466666666666667,0.84,0,1,1,11946,13440,1494,22,26,3,inferred_uniform_text_timing,ffmpeg_audio_sample_rate,video_frame_index_and_fps
'-qDkUB0GgYY_6,'-qDkUB0GgYY,6,9,0.84,0.9333333333333335,1,1,1,13440,14933,1493,25,29,2,inferred_uniform_text_timing,ffmpeg_audio_sample_rate,video_frame_index_and_fps
'-qDkUB0GgYY_6,'-qDkUB0GgYY,6,10,0.9333333333333335,1.0266666666666666,0,1,1,14933,16426,1493,28,31,3,inferred_uniform_text_timing,ffmpeg_audio_sample_rate,video_frame_index_and_fps
'-qDkUB0GgYY_6,'-qDkUB0GgYY,6,11,1.0266666666666666,1.12,0,1,1,16426,17920,1494,30,34,3,inferred_uniform_text_timing,ffmpeg_audio_sample_rate,video_frame_index_and_fps
'-qDkUB0GgYY_6,'-qDkUB0GgYY,6,12,1.12,1.2133333333333334,1,1,1,17920,19413,1493,33,37,3,inferred_uniform_text_timing,ffmpeg_audio_sample_rate,video_frame_index_and_fps
'-qDkUB0GgYY_6,'-qDkUB0GgYY,6,13,1.2133333333333334,1.3066666666666669,0,1,1,19413,20906,1493,36,40,3,inferred_uniform_text_timing,ffmpeg_audio_sample_rate,video_frame_index_and_fps
'-qDkUB0GgYY_6,'-qDkUB0GgYY,6,14,1.3066666666666669,1.4,0,1,1,20906,22400,1494,39,42,2,inferred_uniform_text_timing,ffmpeg_audio_sample_rate,video_frame_index_and_fps
'-qDkUB0GgYY_6,'-qDkUB0GgYY,6,15,1.4,1.4933333333333334,1,1,1,22400,23893,1493,42,45,3,inferred_uniform_text_timing,ffmpeg_audio_sample_rate,video_frame_index_and_fps
'-qDkUB0GgYY_6,'-qDkUB0GgYY,6,16,1.4933333333333334,1.586666666666667,0,1,1,23893,25386,1493,44,48,3,inferred_uniform_text_timing,ffmpeg_audio_sample_rate,video_frame_index_and_fps
'-qDkUB0GgYY_6,'-qDkUB0GgYY,6,17,1.586666666666667,1.68,0,1,1,25386,26880,1494,47,51,3,inferred_uniform_text_timing,ffmpeg_audio_sample_rate,video_frame_index_and_fps
'-qDkUB0GgYY_6,'-qDkUB0GgYY,6,18,1.68,1.7733333333333334,1,1,1,26880,28373,1493,50,54,3,inferred_uniform_text_timing,ffmpeg_audio_sample_rate,video_frame_index_and_fps
'-qDkUB0GgYY_6,'-qDkUB0GgYY,6,19,1.7733333333333334,1.866666666666667,0,1,1,28373,29866,1493,53,57,2,inferred_uniform_text_timing,ffmpeg_audio_sample_rate,video_frame_index_and_fps
'-qDkUB0GgYY_6,'-qDkUB0GgYY,6,20,1.866666666666667,1.96,1,1,1,29866,31360,1494,56,59,3,inferred_uniform_text_timing,ffmpeg_audio_sample_rate,video_frame_index_and_fps
'-qDkUB0GgYY_6,'-qDkUB0GgYY,6,21,1.96,2.0533333333333332,0,1,1,31360,32853,1493,58,62,3,inferred_uniform_text_timing,ffmpeg_audio_sample_rate,video_frame_index_and_fps
'-qDkUB0GgYY_6,'-qDkUB0GgYY,6,22,2.0533333333333332,2.146666666666667,0,1,1,32853,34346,1493,61,65,3,inferred_uniform_text_timing,ffmpeg_audio_sample_rate,video_frame_index_and_fps
'-qDkUB0GgYY_6,'-qDkUB0GgYY,6,23,2.146666666666667,2.24,1,1,1,34346,35840,1494,64,68,3,inferred_uniform_text_timing,ffmpeg_audio_sample_rate,video_frame_index_and_fps
'-qDkUB0GgYY_6,'-qDkUB0GgYY,6,24,2.24,2.3333333333333335,0,1,1,35840,37333,1493,67,70,2,inferred_uniform_text_timing,ffmpeg_audio_sample_rate,video_frame_index_and_fps
'-qDkUB0GgYY_6,'-qDkUB0GgYY,6,25,2.3333333333333335,2.4266666666666667,0,1,1,37333,38826,1493,70,73,3,inferred_uniform_text_timing,ffmpeg_audio_sample_rate,video_frame_index_and_fps
'-qDkUB0GgYY_6,'-qDkUB0GgYY,6,26,2.4266666666666667,2.5200000000000005,1,1,1,38826,40320,1494,72,76,3,inferred_uniform_text_timing,ffmpeg_audio_sample_rate,video_frame_index_and_fps
'-qDkUB0GgYY_6,'-qDkUB0GgYY,6,27,2.5200000000000005,2.6133333333333337,0,1,1,40320,41813,1493,75,79,3,inferred_uniform_text_timing,ffmpeg_audio_sample_rate,video_frame_index_and_fps
'-qDkUB0GgYY_6,'-qDkUB0GgYY,6,28,2.6133333333333337,2.706666666666667,0,1,1,41813,43306,1493,78,82,3,inferred_uniform_text_timing,ffmpeg_audio_sample_rate,video_frame_index_and_fps
'-qDkUB0GgYY_6,'-qDkUB0GgYY,6,29,2.706666666666667,2.8,1,1,1,43306,44800,1494,81,84,2,inferred_uniform_text_timing,ffmpeg_audio_sample_rate,video_frame_index_and_fps
'-qDkUB0GgYY_6,'-qDkUB0GgYY,6,30,2.8,2.8933333333333335,0,1,1,44800,46293,1493,84,87,3,inferred_uniform_text_timing,ffmpeg_audio_sample_rate,video_frame_index_and_fps
'-qDkUB0GgYY_6,'-qDkUB0GgYY,6,31,2.8933333333333335,2.986666666666667,1,1,1,46293,47786,1493,86,90,3,inferred_uniform_text_timing,ffmpeg_audio_sample_rate,video_frame_index_and_fps
'-qDkUB0GgYY_6,'-qDkUB0GgYY,6,32,2.986666666666667,3.08,0,1,1,47786,49280,1494,89,93,3,inferred_uniform_text_timing,ffmpeg_audio_sample_rate,video_frame_index_and_fps
'-qDkUB0GgYY_6,'-qDkUB0GgYY,6,33,3.08,3.173333333333334,0,1,1,49280,50773,1493,92,96,3,inferred_uniform_text_timing,ffmpeg_audio_sample_rate,video_frame_index_and_fps
'-qDkUB0GgYY_6,'-qDkUB0GgYY,6,34,3.173333333333334,3.266666666666667,1,1,1,50773,52266,1493,95,99,2,inferred_uniform_text_timing,ffmpeg_audio_sample_rate,video_frame_index_and_fps
'-qDkUB0GgYY_6,'-qDkUB0GgYY,6,35,3.266666666666667,3.36,0,1,1,52266,53760,1494,98,101,3,inferred_uniform_text_timing,ffmpeg_audio_sample_rate,video_frame_index_and_fps
'-qDkUB0GgYY_6,'-qDkUB0GgYY,6,36,3.36,3.4533333333333336,0,1,1,53760,55253,1493,100,104,3,inferred_uniform_text_timing,ffmpeg_audio_sample_rate,video_frame_index_and_fps
'-qDkUB0GgYY_6,'-qDkUB0GgYY,6,37,3.4533333333333336,3.546666666666667,1,1,1,55253,56746,1493,103,107,3,inferred_uniform_text_timing,ffmpeg_audio_sample_rate,video_frame_index_and_fps
'-qDkUB0GgYY_6,'-qDkUB0GgYY,6,38,3.546666666666667,3.64,0,1,1,56746,58240,1494,106,110,3,inferred_uniform_text_timing,ffmpeg_audio_sample_rate,video_frame_index_and_fps
'-qDkUB0GgYY_6,'-qDkUB0GgYY,6,39,3.64,3.733333333333334,0,1,1,58240,59733,1493,109,113,2,inferred_uniform_text_timing,ffmpeg_audio_sample_rate,video_frame_index_and_fps
'-qDkUB0GgYY_6,'-qDkUB0GgYY,6,40,3.733333333333334,3.8266666666666667,1,1,1,59733,61226,1493,112,115,3,inferred_uniform_text_timing,ffmpeg_audio_sample_rate,video_frame_index_and_fps
'-qDkUB0GgYY_6,'-qDkUB0GgYY,6,41,3.8266666666666667,3.92,0,1,1,61226,62720,1494,114,118,3,inferred_uniform_text_timing,ffmpeg_audio_sample_rate,video_frame_index_and_fps
'-qDkUB0GgYY_6,'-qDkUB0GgYY,6,42,3.92,4.013333333333334,0,1,1,62720,64213,1493,117,121,3,inferred_uniform_text_timing,ffmpeg_audio_sample_rate,video_frame_index_and_fps
'-qDkUB0GgYY_6,'-qDkUB0GgYY,6,43,4.013333333333334,4.1066666666666665,1,1,1,64213,65706,1493,120,124,3,inferred_uniform_text_timing,ffmpeg_audio_sample_rate,video_frame_index_and_fps
'-qDkUB0GgYY_6,'-qDkUB0GgYY,6,44,4.1066666666666665,4.2,0,1,1,65706,67200,1494,123,126,2,inferred_uniform_text_timing,ffmpeg_audio_sample_rate,video_frame_index_and_fps
'-qDkUB0GgYY_6,'-qDkUB0GgYY,6,45,4.2,4.293333333333334,1,1,1,67200,68693,1493,126,129,3,inferred_uniform_text_timing,ffmpeg_audio_sample_rate,video_frame_index_and_fps
'-qDkUB0GgYY_6,'-qDkUB0GgYY,6,46,4.293333333333334,4.386666666666667,0,1,1,68693,70186,1493,128,132,3,inferred_uniform_text_timing,ffmpeg_audio_sample_rate,video_frame_index_and_fps
'-qDkUB0GgYY_6,'-qDkUB0GgYY,6,47,4.386666666666667,4.48,0,1,1,70186,71680,1494,131,135,3,inferred_uniform_text_timing,ffmpeg_audio_sample_rate,video_frame_index_and_fps
'-qDkUB0GgYY_6,'-qDkUB0GgYY,6,48,4.48,4.573333333333334,1,1,1,71680,73173,1493,134,138,3,inferred_uniform_text_timing,ffmpeg_audio_sample_rate,video_frame_index_and_fps
'-qDkUB0GgYY_6,'-qDkUB0GgYY,6,49,4.573333333333334,4.666666666666667,0,1,1,73173,74666,662,137,140,2,inferred_uniform_text_timing,ffmpeg_audio_sample_rate,video_frame_index_and_fps
'-uywlfIYOS8_4,'-uywlfIYOS8,4,0,0.0,0.11933333333333333,0,1,1,0,1909,1909,0,4,4,inferred_uniform_text_timing,ffmpeg_audio_sample_rate,video_frame_index_and_fps
'-uywlfIYOS8_4,'-uywlfIYOS8,4,1,0.11933333333333333,0.23866666666666667,1,1,1,1909,3818,1909,3,8,4,inferred_uniform_text_timing,ffmpeg_audio_sample_rate,video_frame_index_and_fps
'-uywlfIYOS8_4,'-uywlfIYOS8,4,2,0.23866666666666667,0.358,0,1,1,3818,5728,1910,7,11,3,inferred_uniform_text_timing,ffmpeg_audio_sample_rate,video_frame_index_and_fps
'-uywlfIYOS8_4,'-uywlfIYOS8,4,3,0.358,0.47733333333333333,1,1,1,5728,7637,1909,10,15,4,inferred_uniform_text_timing,ffmpeg_audio_sample_rate,video_frame_index_and_fps
'-uywlfIYOS8_4,'-uywlfIYOS8,4,4,0.47733333333333333,0.5966666666666667,0,1,1,7637,9546,1909,14,18,3,inferred_uniform_text_timing,ffmpeg_audio_sample_rate,video_frame_index_and_fps
'-uywlfIYOS8_4,'-uywlfIYOS8,4,5,0.5966666666666667,0.716,0,1,1,9546,11456,1910,17,22,4,inferred_uniform_text_timing,ffmpeg_audio_sample_rate,video_frame_index_and_fps
'-uywlfIYOS8_4,'-uywlfIYOS8,4,6,0.716,0.8353333333333333,1,1,1,11456,13365,1909,21,26,4,inferred_uniform_text_timing,ffmpeg_audio_sample_rate,video_frame_index_and_fps
'-uywlfIYOS8_4,'-uywlfIYOS8,4,7,0.8353333333333333,0.9546666666666667,0,1,1,13365,15274,1909,25,29,3,inferred_uniform_text_timing,ffmpeg_audio_sample_rate,video_frame_index_and_fps
'-uywlfIYOS8_4,'-uywlfIYOS8,4,8,0.9546666666666667,1.074,1,1,1,15274,17184,1910,28,33,4,inferred_uniform_text_timing,ffmpeg_audio_sample_rate,video_frame_index_and_fps
'-uywlfIYOS8_4,'-uywlfIYOS8,4,9,1.074,1.1933333333333334,0,1,1,17184,19093,1909,32,36,3,inferred_uniform_text_timing,ffmpeg_audio_sample_rate,video_frame_index_and_fps
'-uywlfIYOS8_4,'-uywlfIYOS8,4,10,1.1933333333333334,1.3126666666666669,0,1,1,19093,21002,1909,35,40,4,inferred_uniform_text_timing,ffmpeg_audio_sample_rate,video_frame_index_and_fps
'-uywlfIYOS8_4,'-uywlfIYOS8,4,11,1.3126666666666669,1.432,1,1,1,21002,22912,1910,39,43,3,inferred_uniform_text_timing,ffmpeg_audio_sample_rate,video_frame_index_and_fps
'-uywlfIYOS8_4,'-uywlfIYOS8,4,12,1.432,1.5513333333333332,0,1,1,22912,24821,1909,42,47,4,inferred_uniform_text_timing,ffmpeg_audio_sample_rate,video_frame_index_and_fps
'-uywlfIYOS8_4,'-uywlfIYOS8,4,13,1.5513333333333332,1.6706666666666665,1,1,1,24821,26730,1909,46,51,4,inferred_uniform_text_timing,ffmpeg_audio_sample_rate,video_frame_index_and_fps
'-uywlfIYOS8_4,'-uywlfIYOS8,4,14,1.6706666666666665,1.79,0,1,1,26730,28640,1910,50,54,3,inferred_uniform_text_timing,ffmpeg_audio_sample_rate,video_frame_index_and_fps
'-uywlfIYOS8_4,'-uywlfIYOS8,4,15,1.79,1.9093333333333333,0,1,1,28640,30549,1909,53,58,4,inferred_uniform_text_timing,ffmpeg_audio_sample_rate,video_frame_index_and_fps
'-uywlfIYOS8_4,'-uywlfIYOS8,4,16,1.9093333333333333,2.0286666666666666,1,1,1,30549,32458,1909,57,61,3,inferred_uniform_text_timing,ffmpeg_audio_sample_rate,video_frame_index_and_fps
'-uywlfIYOS8_4,'-uywlfIYOS8,4,17,2.0286666666666666,2.148,0,1,1,32458,34368,1910,60,65,4,inferred_uniform_text_timing,ffmpeg_audio_sample_rate,video_frame_index_and_fps
'-uywlfIYOS8_4,'-uywlfIYOS8,4,18,2.148,2.2673333333333336,1,1,1,34368,36277,1909,64,69,4,inferred_uniform_text_timing,ffmpeg_audio_sample_rate,video_frame_index_and_fps
'-uywlfIYOS8_4,'-uywlfIYOS8,4,19,2.2673333333333336,2.3866666666666667,0,1,1,36277,38186,1909,68,72,3,inferred_uniform_text_timing,ffmpeg_audio_sample_rate,video_frame_index_and_fps
'-uywlfIYOS8_4,'-uywlfIYOS8,4,20,2.3866666666666667,2.506,0,1,1,38186,40096,1910,71,76,4,inferred_uniform_text_timing,ffmpeg_audio_sample_rate,video_frame_index_and_fps
'-uywlfIYOS8_4,'-uywlfIYOS8,4,21,2.506,2.6253333333333337,1,1,1,40096,42005,1909,75,79,3,inferred_uniform_text_timing,ffmpeg_audio_sample_rate,video_frame_index_and_fps
'-uywlfIYOS8_4,'-uywlfIYOS8,4,22,2.6253333333333337,2.744666666666667,0,1,1,42005,43914,1909,78,83,4,inferred_uniform_text_timing,ffmpeg_audio_sample_rate,video_frame_index_and_fps
'-uywlfIYOS8_4,'-uywlfIYOS8,4,23,2.744666666666667,2.864,1,1,1,43914,45824,1910,82,86,3,inferred_uniform_text_timing,ffmpeg_audio_sample_rate,video_frame_index_and_fps
'-uywlfIYOS8_4,'-uywlfIYOS8,4,24,2.864,2.983333333333333,0,1,1,45824,47733,1909,85,90,4,inferred_uniform_text_timing,ffmpeg_audio_sample_rate,video_frame_index_and_fps
'-uywlfIYOS8_4,'-uywlfIYOS8,4,25,2.983333333333333,3.1026666666666665,0,1,1,47733,49642,1909,89,94,4,inferred_uniform_text_timing,ffmpeg_audio_sample_rate,video_frame_index_and_fps
'-uywlfIYOS8_4,'-uywlfIYOS8,4,26,3.1026666666666665,3.222,1,1,1,49642,51552,1910,93,97,3,inferred_uniform_text_timing,ffmpeg_audio_sample_rate,video_frame_index_and_fps
'-uywlfIYOS8_4,'-uywlfIYOS8,4,27,3.222,3.341333333333333,0,1,1,51552,53461,1909,96,101,4,inferred_uniform_text_timing,ffmpeg_audio_sample_rate,video_frame_index_and_fps
'-uywlfIYOS8_4,'-uywlfIYOS8,4,28,3.341333333333333,3.4606666666666666,1,1,1,53461,55370,1909,100,104,3,inferred_uniform_text_timing,ffmpeg_audio_sample_rate,video_frame_index_and_fps
'-uywlfIYOS8_4,'-uywlfIYOS8,4,29,3.4606666666666666,3.58,0,1,1,55370,57280,1910,103,108,4,inferred_uniform_text_timing,ffmpeg_audio_sample_rate,video_frame_index_and_fps
'-uywlfIYOS8_4,'-uywlfIYOS8,4,30,3.58,3.6993333333333336,0,1,1,57280,59189,1909,107,111,3,inferred_uniform_text_timing,ffmpeg_audio_sample_rate,video_frame_index_and_fps
'-uywlfIYOS8_4,'-uywlfIYOS8,4,31,3.6993333333333336,3.8186666666666667,1,1,1,59189,61098,1909,110,115,4,inferred_uniform_text_timing,ffmpeg_audio_sample_rate,video_frame_index_and_fps
'-uywlfIYOS8_4,'-uywlfIYOS8,4,32,3.8186666666666667,3.938,0,1,1,61098,63008,1910,114,119,4,inferred_uniform_text_timing,ffmpeg_audio_sample_rate,video_frame_index_and_fps
'-uywlfIYOS8_4,'-uywlfIYOS8,4,33,3.938,4.057333333333333,1,1,1,63008,64917,1909,118,122,3,inferred_uniform_text_timing,ffmpeg_audio_sample_rate,video_frame_index_and_fps
'-uywlfIYOS8_4,'-uywlfIYOS8,4,34,4.057333333333333,4.176666666666667,0,1,1,64917,66826,1909,121,126,4,inferred_uniform_text_timing,ffmpeg_audio_sample_rate,video_frame_index_and_fps
'-uywlfIYOS8_4,'-uywlfIYOS8,4,35,4.176666666666667,4.296,0,1,1,66826,68736,1910,125,129,3,inferred_uniform_text_timing,ffmpeg_audio_sample_rate,video_frame_index_and_fps
'-uywlfIYOS8_4,'-uywlfIYOS8,4,36,4.296,4.415333333333334,1,1,1,68736,70645,1909,128,133,4,inferred_uniform_text_timing,ffmpeg_audio_sample_rate,video_frame_index_and_fps
'-uywlfIYOS8_4,'-uywlfIYOS8,4,37,4.415333333333334,4.534666666666667,0,1,1,70645,72554,1909,132,137,4,inferred_uniform_text_timing,ffmpeg_audio_sample_rate,video_frame_index_and_fps
'-uywlfIYOS8_4,'-uywlfIYOS8,4,38,4.534666666666667,4.654,1,1,1,72554,74464,1910,136,140,3,inferred_uniform_text_timing,ffmpeg_audio_sample_rate,video_frame_index_and_fps
'-uywlfIYOS8_4,'-uywlfIYOS8,4,39,4.654,4.773333333333333,0,1,1,74464,76373,1909,139,144,4,inferred_uniform_text_timing,ffmpeg_audio_sample_rate,video_frame_index_and_fps
'-uywlfIYOS8_4,'-uywlfIYOS8,4,40,4.773333333333333,4.892666666666667,0,1,1,76373,78282,1909,143,147,3,inferred_uniform_text_timing,ffmpeg_audio_sample_rate,video_frame_index_and_fps
'-uywlfIYOS8_4,'-uywlfIYOS8,4,41,4.892666666666667,5.012,1,1,1,78282,80192,1910,146,151,4,inferred_uniform_text_timing,ffmpeg_audio_sample_rate,video_frame_index_and_fps
'-uywlfIYOS8_4,'-uywlfIYOS8,4,42,5.012,5.131333333333333,0,1,1,80192,82101,1909,150,154,3,inferred_uniform_text_timing,ffmpeg_audio_sample_rate,video_frame_index_and_fps
'-uywlfIYOS8_4,'-uywlfIYOS8,4,43,5.131333333333333,5.2506666666666675,1,1,1,82101,84010,1909,153,158,4,inferred_uniform_text_timing,ffmpeg_audio_sample_rate,video_frame_index_and_fps
'-uywlfIYOS8_4,'-uywlfIYOS8,4,44,5.2506666666666675,5.37,0,1,1,84010,85920,1910,157,162,4,inferred_uniform_text_timing,ffmpeg_audio_sample_rate,video_frame_index_and_fps
'-uywlfIYOS8_4,'-uywlfIYOS8,4,45,5.37,5.489333333333334,0,1,1,85920,87829,1909,161,165,3,inferred_uniform_text_timing,ffmpeg_audio_sample_rate,video_frame_index_and_fps
'-uywlfIYOS8_4,'-uywlfIYOS8,4,46,5.489333333333334,5.608666666666667,1,1,1,87829,89738,1909,164,169,4,inferred_uniform_text_timing,ffmpeg_audio_sample_rate,video_frame_index_and_fps
'-uywlfIYOS8_4,'-uywlfIYOS8,4,47,5.608666666666667,5.728,0,1,1,89738,91648,1910,168,172,3,inferred_uniform_text_timing,ffmpeg_audio_sample_rate,video_frame_index_and_fps
'-uywlfIYOS8_4,'-uywlfIYOS8,4,48,5.728,5.847333333333333,1,1,1,91648,93557,1909,171,176,4,inferred_uniform_text_timing,ffmpeg_audio_sample_rate,video_frame_index_and_fps
'-uywlfIYOS8_4,'-uywlfIYOS8,4,49,5.847333333333333,5.966666666666666,0,1,1,93557,95466,541,175,179,3,inferred_uniform_text_timing,ffmpeg_audio_sample_rate,video_frame_index_and_fps
'-6rXp3zJ3kc_8,'-6rXp3zJ3kc,8,0,0.0,0.256,1,1,1,0,4096,4096,0,8,8,inferred_uniform_text_timing,ffmpeg_audio_sample_rate,video_frame_index_and_fps
'-6rXp3zJ3kc_8,'-6rXp3zJ3kc,8,1,0.256,0.512,0,1,1,4096,8192,4096,7,16,8,inferred_uniform_text_timing,ffmpeg_audio_sample_rate,video_frame_index_and_fps
'-6rXp3zJ3kc_8,'-6rXp3zJ3kc,8,2,0.512,0.7680000000000001,1,1,1,8192,12288,4096,15,24,8,inferred_uniform_text_timing,ffmpeg_audio_sample_rate,video_frame_index_and_fps
'-6rXp3zJ3kc_8,'-6rXp3zJ3kc,8,3,0.7680000000000001,1.024,1,1,1,12288,16384,4096,23,31,7,inferred_uniform_text_timing,ffmpeg_audio_sample_rate,video_frame_index_and_fps
'-6rXp3zJ3kc_8,'-6rXp3zJ3kc,8,4,1.024,1.28,0,1,1,16384,20480,4096,30,39,8,inferred_uniform_text_timing,ffmpeg_audio_sample_rate,video_frame_index_and_fps
'-6rXp3zJ3kc_8,'-6rXp3zJ3kc,8,5,1.28,1.5360000000000003,1,1,1,20480,24576,4096,38,47,8,inferred_uniform_text_timing,ffmpeg_audio_sample_rate,video_frame_index_and_fps
'-6rXp3zJ3kc_8,'-6rXp3zJ3kc,8,6,1.5360000000000003,1.7920000000000003,1,1,1,24576,28672,4096,46,54,7,inferred_uniform_text_timing,ffmpeg_audio_sample_rate,video_frame_index_and_fps
'-6rXp3zJ3kc_8,'-6rXp3zJ3kc,8,7,1.7920000000000003,2.048,1,1,1,28672,32768,4096,53,62,8,inferred_uniform_text_timing,ffmpeg_audio_sample_rate,video_frame_index_and_fps
'-6rXp3zJ3kc_8,'-6rXp3zJ3kc,8,8,2.048,2.3040000000000003,0,1,1,32768,36864,4096,61,70,8,inferred_uniform_text_timing,ffmpeg_audio_sample_rate,video_frame_index_and_fps
'-6rXp3zJ3kc_8,'-6rXp3zJ3kc,8,9,2.3040000000000003,2.56,1,1,1,36864,40960,4096,69,77,7,inferred_uniform_text_timing,ffmpeg_audio_sample_rate,video_frame_index_and_fps
'-6rXp3zJ3kc_8,'-6rXp3zJ3kc,8,10,2.56,2.8160000000000003,1,1,1,40960,45056,4096,76,85,8,inferred_uniform_text_timing,ffmpeg_audio_sample_rate,video_frame_index_and_fps
'-6rXp3zJ3kc_8,'-6rXp3zJ3kc,8,11,2.8160000000000003,3.0720000000000005,0,1,1,45056,49152,4096,84,93,8,inferred_uniform_text_timing,ffmpeg_audio_sample_rate,video_frame_index_and_fps
'-6rXp3zJ3kc_8,'-6rXp3zJ3kc,8,12,3.0720000000000005,3.3280000000000003,1,1,1,49152,53248,4096,92,100,7,inferred_uniform_text_timing,ffmpeg_audio_sample_rate,video_frame_index_and_fps
'-6rXp3zJ3kc_8,'-6rXp3zJ3kc,8,13,3.3280000000000003,3.5840000000000005,1,1,1,53248,57344,4096,99,108,8,inferred_uniform_text_timing,ffmpeg_audio_sample_rate,video_frame_index_and_fps
'-6rXp3zJ3kc_8,'-6rXp3zJ3kc,8,14,3.5840000000000005,3.84,0,1,1,57344,61440,4096,107,116,8,inferred_uniform_text_timing,ffmpeg_audio_sample_rate,video_frame_index_and_fps
'-6rXp3zJ3kc_8,'-6rXp3zJ3kc,8,15,3.84,4.096,1,1,1,61440,65536,4096,115,123,7,inferred_uniform_text_timing,ffmpeg_audio_sample_rate,video_frame_index_and_fps
'-6rXp3zJ3kc_8,'-6rXp3zJ3kc,8,16,4.096,4.352,1,1,1,65536,69632,4096,122,131,8,inferred_uniform_text_timing,ffmpeg_audio_sample_rate,video_frame_index_and_fps
'-6rXp3zJ3kc_8,'-6rXp3zJ3kc,8,17,4.352,4.6080000000000005,1,1,1,69632,73728,4096,130,139,8,inferred_uniform_text_timing,ffmpeg_audio_sample_rate,video_frame_index_and_fps
'-6rXp3zJ3kc_8,'-6rXp3zJ3kc,8,18,4.6080000000000005,4.864000000000001,0,1,1,73728,77824,4096,138,146,7,inferred_uniform_text_timing,ffmpeg_audio_sample_rate,video_frame_index_and_fps
'-6rXp3zJ3kc_8,'-6rXp3zJ3kc,8,19,4.864000000000001,5.12,1,1,1,77824,81920,4096,145,154,8,inferred_uniform_text_timing,ffmpeg_audio_sample_rate,video_frame_index_and_fps
'-6rXp3zJ3kc_8,'-6rXp3zJ3kc,8,20,5.12,5.376,1,1,1,81920,86016,4096,153,162,8,inferred_uniform_text_timing,ffmpeg_audio_sample_rate,video_frame_index_and_fps
'-6rXp3zJ3kc_8,'-6rXp3zJ3kc,8,21,5.376,5.632000000000001,0,1,1,86016,90112,4096,161,169,7,inferred_uniform_text_timing,ffmpeg_audio_sample_rate,video_frame_index_and_fps
'-6rXp3zJ3kc_8,'-6rXp3zJ3kc,8,22,5.632000000000001,5.888000000000001,1,1,1,90112,94208,4096,168,177,8,inferred_uniform_text_timing,ffmpeg_audio_sample_rate,video_frame_index_and_fps
'-6rXp3zJ3kc_8,'-6rXp3zJ3kc,8,23,5.888000000000001,6.144000000000001,1,1,1,94208,98304,4096,176,185,8,inferred_uniform_text_timing,ffmpeg_audio_sample_rate,video_frame_index_and_fps
'-6rXp3zJ3kc_8,'-6rXp3zJ3kc,8,24,6.144000000000001,6.4,0,1,1,98304,102400,4096,184,192,7,inferred_uniform_text_timing,ffmpeg_audio_sample_rate,video_frame_index_and_fps
'-6rXp3zJ3kc_8,'-6rXp3zJ3kc,8,25,6.4,6.656000000000001,1,1,1,102400,106496,4096,192,200,8,inferred_uniform_text_timing,ffmpeg_audio_sample_rate,video_frame_index_and_fps
'-6rXp3zJ3kc_8,'-6rXp3zJ3kc,8,26,6.656000000000001,6.912000000000001,1,1,1,106496,110592,4096,199,208,8,inferred_uniform_text_timing,ffmpeg_audio_sample_rate,video_frame_index_and_fps
'-6rXp3zJ3kc_8,'-6rXp3zJ3kc,8,27,6.912000000000001,7.168000000000001,1,1,1,110592,114688,4096,207,216,8,inferred_uniform_text_timing,ffmpeg_audio_sample_rate,video_frame_index_and_fps
'-6rXp3zJ3kc_8,'-6rXp3zJ3kc,8,28,7.168000000000001,7.424000000000001,0,1,1,114688,118784,4096,215,223,7,inferred_uniform_text_timing,ffmpeg_audio_sample_rate,video_frame_index_and_fps
'-6rXp3zJ3kc_8,'-6rXp3zJ3kc,8,29,7.424000000000001,7.68,1,1,1,118784,122880,4096,222,231,8,inferred_uniform_text_timing,ffmpeg_audio_sample_rate,video_frame_index_and_fps
'-6rXp3zJ3kc_8,'-6rXp3zJ3kc,8,30,7.68,7.936,1,1,1,122880,126976,4096,230,239,8,inferred_uniform_text_timing,ffmpeg_audio_sample_rate,video_frame_index_and_fps
'-6rXp3zJ3kc_8,'-6rXp3zJ3kc,8,31,7.936,8.192,0,1,1,126976,131072,4096,238,246,7,inferred_uniform_text_timing,ffmpeg_audio_sample_rate,video_frame_index_and_fps
'-6rXp3zJ3kc_8,'-6rXp3zJ3kc,8,32,8.192,8.448,1,1,1,131072,135168,4096,245,254,8,inferred_uniform_text_timing,ffmpeg_audio_sample_rate,video_frame_index_and_fps
'-6rXp3zJ3kc_8,'-6rXp3zJ3kc,8,33,8.448,8.704,1,1,1,135168,139264,4096,253,262,8,inferred_uniform_text_timing,ffmpeg_audio_sample_rate,video_frame_index_and_fps
'-6rXp3zJ3kc_8,'-6rXp3zJ3kc,8,34,8.704,8.96,0,1,1,139264,143360,4096,261,269,7,inferred_uniform_text_timing,ffmpeg_audio_sample_rate,video_frame_index_and_fps
'-6rXp3zJ3kc_8,'-6rXp3zJ3kc,8,35,8.96,9.216000000000001,1,1,1,143360,147456,4096,268,277,8,inferred_uniform_text_timing,ffmpeg_audio_sample_rate,video_frame_index_and_fps
'-6rXp3zJ3kc_8,'-6rXp3zJ3kc,8,36,9.216000000000001,9.472000000000001,1,1,1,147456,151552,4096,276,285,8,inferred_uniform_text_timing,ffmpeg_audio_sample_rate,video_frame_index_and_fps
'-6rXp3zJ3kc_8,'-6rXp3zJ3kc,8,37,9.472000000000001,9.728000000000002,1,1,1,151552,155648,4096,284,292,7,inferred_uniform_text_timing,ffmpeg_audio_sample_rate,video_frame_index_and_fps
'-6rXp3zJ3kc_8,'-6rXp3zJ3kc,8,38,9.728000000000002,9.984000000000002,0,1,1,155648,159744,4096,291,300,8,inferred_uniform_text_timing,ffmpeg_audio_sample_rate,video_frame_index_and_fps
'-6rXp3zJ3kc_8,'-6rXp3zJ3kc,8,39,9.984000000000002,10.24,1,1,1,159744,163840,4096,299,308,8,inferred_uniform_text_timing,ffmpeg_audio_sample_rate,video_frame_index_and_fps
'-6rXp3zJ3kc_8,'-6rXp3zJ3kc,8,40,10.24,10.496000000000002,1,1,1,163840,167936,4096,307,315,7,inferred_uniform_text_timing,ffmpeg_audio_sample_rate,video_frame_index_and_fps
'-6rXp3zJ3kc_8,'-6rXp3zJ3kc,8,41,10.496000000000002,10.752,0,1,1,167936,172032,4096,314,323,8,inferred_uniform_text_timing,ffmpeg_audio_sample_rate,video_frame_index_and_fps
'-6rXp3zJ3kc_8,'-6rXp3zJ3kc,8,42,10.752,11.008,1,1,1,172032,176128,4096,322,331,8,inferred_uniform_text_timing,ffmpeg_audio_sample_rate,video_frame_index_and_fps
'-6rXp3zJ3kc_8,'-6rXp3zJ3kc,8,43,11.008,11.264000000000001,1,1,1,176128,180224,4096,330,338,7,inferred_uniform_text_timing,ffmpeg_audio_sample_rate,video_frame_index_and_fps
'-6rXp3zJ3kc_8,'-6rXp3zJ3kc,8,44,11.264000000000001,11.52,1,1,1,180224,184320,4096,337,346,8,inferred_uniform_text_timing,ffmpeg_audio_sample_rate,video_frame_index_and_fps
'-6rXp3zJ3kc_8,'-6rXp3zJ3kc,8,45,11.52,11.776000000000002,0,1,1,184320,188416,4096,345,354,8,inferred_uniform_text_timing,ffmpeg_audio_sample_rate,video_frame_index_and_fps
'-6rXp3zJ3kc_8,'-6rXp3zJ3kc,8,46,11.776000000000002,12.032,1,1,1,188416,192512,4096,353,361,7,inferred_uniform_text_timing,ffmpeg_audio_sample_rate,video_frame_index_and_fps
'-6rXp3zJ3kc_8,'-6rXp3zJ3kc,8,47,12.032,12.288000000000002,1,1,1,192512,196608,4096,360,369,8,inferred_uniform_text_timing,ffmpeg_audio_sample_rate,video_frame_index_and_fps
'-6rXp3zJ3kc_8,'-6rXp3zJ3kc,8,48,12.288000000000002,12.544,0,1,1,196608,200704,4096,368,377,8,inferred_uniform_text_timing,ffmpeg_audio_sample_rate,video_frame_index_and_fps
'-6rXp3zJ3kc_8,'-6rXp3zJ3kc,8,49,12.544,12.8,1,1,1,200704,204800,3104,376,384,7,inferred_uniform_text_timing,ffmpeg_audio_sample_rate,video_frame_index_and_fps
'-9y-fZ3swSY_0,'-9y-fZ3swSY,0,0,0.0,0.13666666666666666,1,1,1,0,2186,2186,0,5,5,inferred_uniform_text_timing,ffmpeg_audio_sample_rate,video_frame_index_and_fps
'-9y-fZ3swSY_0,'-9y-fZ3swSY,0,1,0.13666666666666666,0.2733333333333333,0,1,1,2186,4373,2187,4,9,4,inferred_uniform_text_timing,ffmpeg_audio_sample_rate,video_frame_index_and_fps
'-9y-fZ3swSY_0,'-9y-fZ3swSY,0,2,0.2733333333333333,0.41,1,1,1,4373,6560,2187,8,13,4,inferred_uniform_text_timing,ffmpeg_audio_sample_rate,video_frame_index_and_fps
'-9y-fZ3swSY_0,'-9y-fZ3swSY,0,3,0.41,0.5466666666666666,0,1,1,6560,8746,2186,12,17,4,inferred_uniform_text_timing,ffmpeg_audio_sample_rate,video_frame_index_and_fps
'-9y-fZ3swSY_0,'-9y-fZ3swSY,0,4,0.5466666666666666,0.6833333333333332,1,1,1,8746,10933,2187,16,21,4,inferred_uniform_text_timing,ffmpeg_audio_sample_rate,video_frame_index_and_fps
'-9y-fZ3swSY_0,'-9y-fZ3swSY,0,5,0.6833333333333332,0.82,0,1,1,10933,13120,2187,20,25,4,inferred_uniform_text_timing,ffmpeg_audio_sample_rate,video_frame_index_and_fps
'-9y-fZ3swSY_0,'-9y-fZ3swSY,0,6,0.82,0.9566666666666666,1,1,1,13120,15306,2186,24,29,4,inferred_uniform_text_timing,ffmpeg_audio_sample_rate,video_frame_index_and_fps
'-9y-fZ3swSY_0,'-9y-fZ3swSY,0,7,0.9566666666666666,1.0933333333333333,0,1,1,15306,17493,2187,28,33,4,inferred_uniform_text_timing,ffmpeg_audio_sample_rate,video_frame_index_and_fps
'-9y-fZ3swSY_0,'-9y-fZ3swSY,0,8,1.0933333333333333,1.23,1,1,1,17493,19680,2187,32,37,4,inferred_uniform_text_timing,ffmpeg_audio_sample_rate,video_frame_index_and_fps
'-9y-fZ3swSY_0,'-9y-fZ3swSY,0,9,1.23,1.3666666666666665,1,1,1,19680,21866,2186,36,41,4,inferred_uniform_text_timing,ffmpeg_audio_sample_rate,video_frame_index_and_fps
'-9y-fZ3swSY_0,'-9y-fZ3swSY,0,10,1.3666666666666665,1.5033333333333332,0,1,1,21866,24053,2187,40,46,5,inferred_uniform_text_timing,ffmpeg_audio_sample_rate,video_frame_index_and_fps
'-9y-fZ3swSY_0,'-9y-fZ3swSY,0,11,1.5033333333333332,1.64,1,1,1,24053,26240,2187,45,50,4,inferred_uniform_text_timing,ffmpeg_audio_sample_rate,video_frame_index_and_fps
'-9y-fZ3swSY_0,'-9y-fZ3swSY,0,12,1.64,1.7766666666666666,0,1,1,26240,28426,2186,49,54,4,inferred_uniform_text_timing,ffmpeg_audio_sample_rate,video_frame_index_and_fps
'-9y-fZ3swSY_0,'-9y-fZ3swSY,0,13,1.7766666666666666,1.913333333333333,1,1,1,28426,30613,2187,53,58,4,inferred_uniform_text_timing,ffmpeg_audio_sample_rate,video_frame_index_and_fps
'-9y-fZ3swSY_0,'-9y-fZ3swSY,0,14,1.913333333333333,2.05,0,1,1,30613,32800,2187,57,62,4,inferred_uniform_text_timing,ffmpeg_audio_sample_rate,video_frame_index_and_fps
'-9y-fZ3swSY_0,'-9y-fZ3swSY,0,15,2.05,2.1866666666666665,1,1,1,32800,34986,2186,61,66,4,inferred_uniform_text_timing,ffmpeg_audio_sample_rate,video_frame_index_and_fps
'-9y-fZ3swSY_0,'-9y-fZ3swSY,0,16,2.1866666666666665,2.3233333333333333,1,1,1,34986,37173,2187,65,70,4,inferred_uniform_text_timing,ffmpeg_audio_sample_rate,video_frame_index_and_fps
'-9y-fZ3swSY_0,'-9y-fZ3swSY,0,17,2.3233333333333333,2.46,0,1,1,37173,39360,2187,69,74,4,inferred_uniform_text_timing,ffmpeg_audio_sample_rate,video_frame_index_and_fps
'-9y-fZ3swSY_0,'-9y-fZ3swSY,0,18,2.46,2.5966666666666662,1,1,1,39360,41546,2186,73,78,4,inferred_uniform_text_timing,ffmpeg_audio_sample_rate,video_frame_index_and_fps
'-9y-fZ3swSY_0,'-9y-fZ3swSY,0,19,2.5966666666666662,2.733333333333333,0,1,1,41546,43733,2187,77,82,4,inferred_uniform_text_timing,ffmpeg_audio_sample_rate,video_frame_index_and_fps
'-9y-fZ3swSY_0,'-9y-fZ3swSY,0,20,2.733333333333333,2.87,1,1,1,43733,45920,2187,81,87,5,inferred_uniform_text_timing,ffmpeg_audio_sample_rate,video_frame_index_and_fps
'-9y-fZ3swSY_0,'-9y-fZ3swSY,0,21,2.87,3.0066666666666664,0,1,1,45920,48106,2186,86,91,4,inferred_uniform_text_timing,ffmpeg_audio_sample_rate,video_frame_index_and_fps
'-9y-fZ3swSY_0,'-9y-fZ3swSY,0,22,3.0066666666666664,3.143333333333333,1,1,1,48106,50293,2187,90,95,4,inferred_uniform_text_timing,ffmpeg_audio_sample_rate,video_frame_index_and_fps
'-9y-fZ3swSY_0,'-9y-fZ3swSY,0,23,3.143333333333333,3.28,0,1,1,50293,52480,2187,94,99,4,inferred_uniform_text_timing,ffmpeg_audio_sample_rate,video_frame_index_and_fps
'-9y-fZ3swSY_0,'-9y-fZ3swSY,0,24,3.28,3.416666666666666,1,1,1,52480,54666,2186,98,103,4,inferred_uniform_text_timing,ffmpeg_audio_sample_rate,video_frame_index_and_fps
'-9y-fZ3swSY_0,'-9y-fZ3swSY,0,25,3.416666666666666,3.5533333333333332,1,1,1,54666,56853,2187,102,107,4,inferred_uniform_text_timing,ffmpeg_audio_sample_rate,video_frame_index_and_fps
'-9y-fZ3swSY_0,'-9y-fZ3swSY,0,26,3.5533333333333332,3.69,0,1,1,56853,59040,2187,106,111,4,inferred_uniform_text_timing,ffmpeg_audio_sample_rate,video_frame_index_and_fps
'-9y-fZ3swSY_0,'-9y-fZ3swSY,0,27,3.69,3.826666666666666,1,1,1,59040,61226,2186,110,115,4,inferred_uniform_text_timing,ffmpeg_audio_sample_rate,video_frame_index_and_fps
'-9y-fZ3swSY_0,'-9y-fZ3swSY,0,28,3.826666666666666,3.963333333333333,0,1,1,61226,63413,2187,114,119,4,inferred_uniform_text_timing,ffmpeg_audio_sample_rate,video_frame_index_and_fps
'-9y-fZ3swSY_0,'-9y-fZ3swSY,0,29,3.963333333333333,4.1,1,1,1,63413,65600,2187,118,123,4,inferred_uniform_text_timing,ffmpeg_audio_sample_rate,video_frame_index_and_fps
'-9y-fZ3swSY_0,'-9y-fZ3swSY,0,30,4.1,4.236666666666666,0,1,1,65600,67786,2186,122,128,5,inferred_uniform_text_timing,ffmpeg_audio_sample_rate,video_frame_index_and_fps
'-9y-fZ3swSY_0,'-9y-fZ3swSY,0,31,4.236666666666666,4.373333333333333,1,1,1,67786,69973,2187,127,132,4,inferred_uniform_text_timing,ffmpeg_audio_sample_rate,video_frame_index_and_fps
'-9y-fZ3swSY_0,'-9y-fZ3swSY,0,32,4.373333333333333,4.51,0,1,1,69973,72160,2187,131,136,4,inferred_uniform_text_timing,ffmpeg_audio_sample_rate,video_frame_index_and_fps
'-9y-fZ3swSY_0,'-9y-fZ3swSY,0,33,4.51,4.6466666666666665,1,1,1,72160,74346,2186,135,140,4,inferred_uniform_text_timing,ffmpeg_audio_sample_rate,video_frame_index_and_fps
'-9y-fZ3swSY_0,'-9y-fZ3swSY,0,34,4.6466666666666665,4.783333333333333,1,1,1,74346,76533,2187,139,144,4,inferred_uniform_text_timing,ffmpeg_audio_sample_rate,video_frame_index_and_fps
'-9y-fZ3swSY_0,'-9y-fZ3swSY,0,35,4.783333333333333,4.92,0,1,1,76533,78720,2187,143,148,4,inferred_uniform_text_timing,ffmpeg_audio_sample_rate,video_frame_index_and_fps
'-9y-fZ3swSY_0,'-9y-fZ3swSY,0,36,4.92,5.056666666666667,1,1,1,78720,80906,2186,147,152,4,inferred_uniform_text_timing,ffmpeg_audio_sample_rate,video_frame_index_and_fps
'-9y-fZ3swSY_0,'-9y-fZ3swSY,0,37,5.056666666666667,5.1933333333333325,0,1,1,80906,83093,2187,151,156,4,inferred_uniform_text_timing,ffmpeg_audio_sample_rate,video_frame_index_and_fps
'-9y-fZ3swSY_0,'-9y-fZ3swSY,0,38,5.1933333333333325,5.33,1,1,1,83093,85280,2187,155,160,4,inferred_uniform_text_timing,ffmpeg_audio_sample_rate,video_frame_index_and_fps
'-9y-fZ3swSY_0,'-9y-fZ3swSY,0,39,5.33,5.466666666666666,0,1,1,85280,87466,2186,159,164,4,inferred_uniform_text_timing,ffmpeg_audio_sample_rate,video_frame_index_and_fps
'-9y-fZ3swSY_0,'-9y-fZ3swSY,0,40,5.466666666666666,5.603333333333333,1,1,1,87466,89653,2187,163,169,5,inferred_uniform_text_timing,ffmpeg_audio_sample_rate,video_frame_index_and_fps
'-9y-fZ3swSY_0,'-9y-fZ3swSY,0,41,5.603333333333333,5.74,1,1,1,89653,91840,2187,168,173,4,inferred_uniform_text_timing,ffmpeg_audio_sample_rate,video_frame_index_and_fps
'-9y-fZ3swSY_0,'-9y-fZ3swSY,0,42,5.74,5.876666666666666,0,1,1,91840,94026,2186,172,177,4,inferred_uniform_text_timing,ffmpeg_audio_sample_rate,video_frame_index_and_fps
'-9y-fZ3swSY_0,'-9y-fZ3swSY,0,43,5.876666666666666,6.013333333333333,1,1,1,94026,96213,2187,176,181,4,inferred_uniform_text_timing,ffmpeg_audio_sample_rate,video_frame_index_and_fps
'-9y-fZ3swSY_0,'-9y-fZ3swSY,0,44,6.013333333333333,6.15,0,1,1,96213,98400,2187,180,185,4,inferred_uniform_text_timing,ffmpeg_audio_sample_rate,video_frame_index_and_fps
'-9y-fZ3swSY_0,'-9y-fZ3swSY,0,45,6.15,6.286666666666666,1,1,1,98400,100586,2186,184,189,4,inferred_uniform_text_timing,ffmpeg_audio_sample_rate,video_frame_index_and_fps
'-9y-fZ3swSY_0,'-9y-fZ3swSY,0,46,6.286666666666666,6.423333333333333,0,1,1,100586,102773,2187,188,193,4,inferred_uniform_text_timing,ffmpeg_audio_sample_rate,video_frame_index_and_fps
'-9y-fZ3swSY_0,'-9y-fZ3swSY,0,47,6.423333333333333,6.56,1,1,1,102773,104960,2187,192,197,4,inferred_uniform_text_timing,ffmpeg_audio_sample_rate,video_frame_index_and_fps
'-9y-fZ3swSY_0,'-9y-fZ3swSY,0,48,6.56,6.696666666666666,0,1,1,104960,107146,2186,196,201,4,inferred_uniform_text_timing,ffmpeg_audio_sample_rate,video_frame_index_and_fps
'-9y-fZ3swSY_0,'-9y-fZ3swSY,0,49,6.696666666666666,6.833333333333332,1,1,1,107146,109333,966,200,205,4,inferred_uniform_text_timing,ffmpeg_audio_sample_rate,video_frame_index_and_fps
'-9y-fZ3swSY_4,'-9y-fZ3swSY,4,0,0.0,0.054000000000000006,0,1,1,0,864,864,0,2,2,inferred_uniform_text_timing,ffmpeg_audio_sample_rate,video_frame_index_and_fps
'-9y-fZ3swSY_4,'-9y-fZ3swSY,4,1,0.054000000000000006,0.10800000000000001,0,1,1,864,1728,864,1,4,2,inferred_uniform_text_timing,ffmpeg_audio_sample_rate,video_frame_index_and_fps
'-9y-fZ3swSY_4,'-9y-fZ3swSY,4,2,0.10800000000000001,0.16200000000000003,1,1,1,1728,2592,864,3,5,1,inferred_uniform_text_timing,ffmpeg_audio_sample_rate,video_frame_index_and_fps
'-9y-fZ3swSY_4,'-9y-fZ3swSY,4,3,0.16200000000000003,0.21600000000000003,0,1,1,2592,3456,864,4,7,2,inferred_uniform_text_timing,ffmpeg_audio_sample_rate,video_frame_index_and_fps
'-9y-fZ3swSY_4,'-9y-fZ3swSY,4,4,0.21600000000000003,0.27,0,1,1,3456,4320,864,6,9,2,inferred_uniform_text_timing,ffmpeg_audio_sample_rate,video_frame_index_and_fps
'-9y-fZ3swSY_4,'-9y-fZ3swSY,4,5,0.27,0.32400000000000007,0,1,1,4320,5184,864,8,10,1,inferred_uniform_text_timing,ffmpeg_audio_sample_rate,video_frame_index_and_fps
'-9y-fZ3swSY_4,'-9y-fZ3swSY,4,6,0.32400000000000007,0.37800000000000006,1,1,1,5184,6048,864,9,12,2,inferred_uniform_text_timing,ffmpeg_audio_sample_rate,video_frame_index_and_fps
'-9y-fZ3swSY_4,'-9y-fZ3swSY,4,7,0.37800000000000006,0.43200000000000005,0,1,1,6048,6912,864,11,13,1,inferred_uniform_text_timing,ffmpeg_audio_sample_rate,video_frame_index_and_fps
'-9y-fZ3swSY_4,'-9y-fZ3swSY,4,8,0.43200000000000005,0.486,0,1,1,6912,7776,864,12,15,2,inferred_uniform_text_timing,ffmpeg_audio_sample_rate,video_frame_index_and_fps
'-9y-fZ3swSY_4,'-9y-fZ3swSY,4,9,0.486,0.54,0,1,1,7776,8640,864,14,17,2,inferred_uniform_text_timing,ffmpeg_audio_sample_rate,video_frame_index_and_fps
'-9y-fZ3swSY_4,'-9y-fZ3swSY,4,10,0.54,0.5940000000000001,0,1,1,8640,9504,864,16,18,1,inferred_uniform_text_timing,ffmpeg_audio_sample_rate,video_frame_index_and_fps
'-9y-fZ3swSY_4,'-9y-fZ3swSY,4,11,0.5940000000000001,0.6480000000000001,1,1,1,9504,10368,864,17,20,2,inferred_uniform_text_timing,ffmpeg_audio_sample_rate,video_frame_index_and_fps
'-9y-fZ3swSY_4,'-9y-fZ3swSY,4,12,0.6480000000000001,0.7020000000000001,0,1,1,10368,11232,864,19,22,2,inferred_uniform_text_timing,ffmpeg_audio_sample_rate,video_frame_index_and_fps
'-9y-fZ3swSY_4,'-9y-fZ3swSY,4,13,0.7020000000000001,0.7560000000000001,0,1,1,11232,12096,864,21,23,1,inferred_uniform_text_timing,ffmpeg_audio_sample_rate,video_frame_index_and_fps
'-9y-fZ3swSY_4,'-9y-fZ3swSY,4,14,0.7560000000000001,0.81,0,1,1,12096,12960,864,22,25,2,inferred_uniform_text_timing,ffmpeg_audio_sample_rate,video_frame_index_and_fps
'-9y-fZ3swSY_4,'-9y-fZ3swSY,4,15,0.81,0.8640000000000001,1,1,1,12960,13824,864,24,26,1,inferred_uniform_text_timing,ffmpeg_audio_sample_rate,video_frame_index_and_fps
'-9y-fZ3swSY_4,'-9y-fZ3swSY,4,16,0.8640000000000001,0.9180000000000001,0,1,1,13824,14688,864,25,28,2,inferred_uniform_text_timing,ffmpeg_audio_sample_rate,video_frame_index_and_fps
'-9y-fZ3swSY_4,'-9y-fZ3swSY,4,17,0.9180000000000001,0.972,0,1,1,14688,15552,864,27,30,2,inferred_uniform_text_timing,ffmpeg_audio_sample_rate,video_frame_index_and_fps
'-9y-fZ3swSY_4,'-9y-fZ3swSY,4,18,0.972,1.026,0,1,1,15552,16416,864,29,31,1,inferred_uniform_text_timing,ffmpeg_audio_sample_rate,video_frame_index_and_fps
'-9y-fZ3swSY_4,'-9y-fZ3swSY,4,19,1.026,1.08,0,1,1,16416,17280,864,30,33,2,inferred_uniform_text_timing,ffmpeg_audio_sample_rate,video_frame_index_and_fps
'-9y-fZ3swSY_4,'-9y-fZ3swSY,4,20,1.08,1.1340000000000001,1,1,1,17280,18144,864,32,35,2,inferred_uniform_text_timing,ffmpeg_audio_sample_rate,video_frame_index_and_fps
'-9y-fZ3swSY_4,'-9y-fZ3swSY,4,21,1.1340000000000001,1.1880000000000002,0,1,1,18144,19008,864,34,36,1,inferred_uniform_text_timing,ffmpeg_audio_sample_rate,video_frame_index_and_fps
'-9y-fZ3swSY_4,'-9y-fZ3swSY,4,22,1.1880000000000002,1.242,0,1,1,19008,19872,864,35,38,2,inferred_uniform_text_timing,ffmpeg_audio_sample_rate,video_frame_index_and_fps
'-9y-fZ3swSY_4,'-9y-fZ3swSY,4,23,1.242,1.2960000000000003,0,1,1,19872,20736,864,37,39,1,inferred_uniform_text_timing,ffmpeg_audio_sample_rate,video_frame_index_and_fps
'-9y-fZ3swSY_4,'-9y-fZ3swSY,4,24,1.2960000000000003,1.35,0,1,1,20736,21600,864,38,41,2,inferred_uniform_text_timing,ffmpeg_audio_sample_rate,video_frame_index_and_fps
'-9y-fZ3swSY_4,'-9y-fZ3swSY,4,25,1.35,1.4040000000000001,1,1,1,21600,22464,864,40,43,2,inferred_uniform_text_timing,ffmpeg_audio_sample_rate,video_frame_index_and_fps
'-9y-fZ3swSY_4,'-9y-fZ3swSY,4,26,1.4040000000000001,1.4580000000000002,0,1,1,22464,23328,864,42,44,1,inferred_uniform_text_timing,ffmpeg_audio_sample_rate,video_frame_index_and_fps
'-9y-fZ3swSY_4,'-9y-fZ3swSY,4,27,1.4580000000000002,1.5120000000000002,0,1,1,23328,24192,864,43,46,2,inferred_uniform_text_timing,ffmpeg_audio_sample_rate,video_frame_index_and_fps
'-9y-fZ3swSY_4,'-9y-fZ3swSY,4,28,1.5120000000000002,1.5660000000000003,0,1,1,24192,25056,864,45,47,1,inferred_uniform_text_timing,ffmpeg_audio_sample_rate,video_frame_index_and_fps
'-9y-fZ3swSY_4,'-9y-fZ3swSY,4,29,1.5660000000000003,1.62,1,1,1,25056,25920,864,46,49,2,inferred_uniform_text_timing,ffmpeg_audio_sample_rate,video_frame_index_and_fps
'-9y-fZ3swSY_4,'-9y-fZ3swSY,4,30,1.62,1.6740000000000002,0,1,1,25920,26784,864,48,51,2,inferred_uniform_text_timing,ffmpeg_audio_sample_rate,video_frame_index_and_fps
'-9y-fZ3swSY_4,'-9y-fZ3swSY,4,31,1.6740000000000002,1.7280000000000002,0,1,1,26784,27648,864,50,52,1,inferred_uniform_text_timing,ffmpeg_audio_sample_rate,video_frame_index_and_fps
'-9y-fZ3swSY_4,'-9y-fZ3swSY,4,32,1.7280000000000002,1.7820000000000003,0,1,1,27648,28512,864,51,54,2,inferred_uniform_text_timing,ffmpeg_audio_sample_rate,video_frame_index_and_fps
'-9y-fZ3swSY_4,'-9y-fZ3swSY,4,33,1.7820000000000003,1.8360000000000003,0,1,1,28512,29376,864,53,56,2,inferred_uniform_text_timing,ffmpeg_audio_sample_rate,video_frame_index_and_fps
'-9y-fZ3swSY_4,'-9y-fZ3swSY,4,34,1.8360000000000003,1.89,1,1,1,29376,30240,864,55,57,1,inferred_uniform_text_timing,ffmpeg_audio_sample_rate,video_frame_index_and_fps
'-9y-fZ3swSY_4,'-9y-fZ3swSY,4,35,1.89,1.944,0,1,1,30240,31104,864,56,59,2,inferred_uniform_text_timing,ffmpeg_audio_sample_rate,video_frame_index_and_fps
'-9y-fZ3swSY_4,'-9y-fZ3swSY,4,36,1.944,1.9980000000000002,0,1,1,31104,31968,864,58,60,1,inferred_uniform_text_timing,ffmpeg_audio_sample_rate,video_frame_index_and_fps
'-9y-fZ3swSY_4,'-9y-fZ3swSY,4,37,1.9980000000000002,2.052,0,1,1,31968,32832,864,59,62,2,inferred_uniform_text_timing,ffmpeg_audio_sample_rate,video_frame_index_and_fps
'-9y-fZ3swSY_4,'-9y-fZ3swSY,4,38,2.052,2.1060000000000003,1,1,1,32832,33696,864,61,64,2,inferred_uniform_text_timing,ffmpeg_audio_sample_rate,video_frame_index_and_fps
'-9y-fZ3swSY_4,'-9y-fZ3swSY,4,39,2.1060000000000003,2.16,0,1,1,33696,34560,864,63,65,1,inferred_uniform_text_timing,ffmpeg_audio_sample_rate,video_frame_index_and_fps
'-9y-fZ3swSY_4,'-9y-fZ3swSY,4,40,2.16,2.214,0,1,1,34560,35424,864,64,67,2,inferred_uniform_text_timing,ffmpeg_audio_sample_rate,video_frame_index_and_fps
'-9y-fZ3swSY_4,'-9y-fZ3swSY,4,41,2.214,2.2680000000000002,0,1,1,35424,36288,864,66,69,2,inferred_uniform_text_timing,ffmpeg_audio_sample_rate,video_frame_index_and_fps
'-9y-fZ3swSY_4,'-9y-fZ3swSY,4,42,2.2680000000000002,2.322,0,1,1,36288,37152,864,68,70,1,inferred_uniform_text_timing,ffmpeg_audio_sample_rate,video_frame_index_and_fps
'-9y-fZ3swSY_4,'-9y-fZ3swSY,4,43,2.322,2.3760000000000003,1,1,1,37152,38016,864,69,72,2,inferred_uniform_text_timing,ffmpeg_audio_sample_rate,video_frame_index_and_fps
'-9y-fZ3swSY_4,'-9y-fZ3swSY,4,44,2.3760000000000003,2.43,0,1,1,38016,38880,864,71,73,1,inferred_uniform_text_timing,ffmpeg_audio_sample_rate,video_frame_index_and_fps
'-9y-fZ3swSY_4,'-9y-fZ3swSY,4,45,2.43,2.484,0,1,1,38880,39744,864,72,75,2,inferred_uniform_text_timing,ffmpeg_audio_sample_rate,video_frame_index_and_fps
'-9y-fZ3swSY_4,'-9y-fZ3swSY,4,46,2.484,2.5380000000000003,0,1,1,39744,40608,864,74,77,2,inferred_uniform_text_timing,ffmpeg_audio_sample_rate,video_frame_index_and_fps
'-9y-fZ3swSY_4,'-9y-fZ3swSY,4,47,2.5380000000000003,2.5920000000000005,1,1,1,40608,41472,864,76,78,1,inferred_uniform_text_timing,ffmpeg_audio_sample_rate,video_frame_index_and_fps
'-9y-fZ3swSY_4,'-9y-fZ3swSY,4,48,2.5920000000000005,2.6460000000000004,0,1,1,41472,42336,864,77,80,2,inferred_uniform_text_timing,ffmpeg_audio_sample_rate,video_frame_index_and_fps
'-9y-fZ3swSY_4,'-9y-fZ3swSY,4,49,2.6460000000000004,2.7,0,1,1,42336,43200,301,79,81,1,inferred_uniform_text_timing,ffmpeg_audio_sample_rate,video_frame_index_and_fps
'-9y-fZ3swSY_8,'-9y-fZ3swSY,8,0,0.0,0.09933333333333333,0,1,1,0,1589,1589,0,3,3,inferred_uniform_text_timing,ffmpeg_audio_sample_rate,video_frame_index_and_fps
'-9y-fZ3swSY_8,'-9y-fZ3swSY,8,1,0.09933333333333333,0.19866666666666666,1,1,1,1589,3178,1589,2,6,3,inferred_uniform_text_timing,ffmpeg_audio_sample_rate,video_frame_index_and_fps
'-9y-fZ3swSY_8,'-9y-fZ3swSY,8,2,0.19866666666666666,0.298,0,1,1,3178,4768,1590,5,9,3,inferred_uniform_text_timing,ffmpeg_audio_sample_rate,video_frame_index_and_fps
'-9y-fZ3swSY_8,'-9y-fZ3swSY,8,3,0.298,0.3973333333333333,0,1,1,4768,6357,1589,8,12,3,inferred_uniform_text_timing,ffmpeg_audio_sample_rate,video_frame_index_and_fps
'-9y-fZ3swSY_8,'-9y-fZ3swSY,8,4,0.3973333333333333,0.4966666666666667,0,1,1,6357,7946,1589,11,15,3,inferred_uniform_text_timing,ffmpeg_audio_sample_rate,video_frame_index_and_fps
'-9y-fZ3swSY_8,'-9y-fZ3swSY,8,5,0.4966666666666667,0.596,1,1,1,7946,9536,1590,14,18,3,inferred_uniform_text_timing,ffmpeg_audio_sample_rate,video_frame_index_and_fps
'-9y-fZ3swSY_8,'-9y-fZ3swSY,8,6,0.596,0.6953333333333334,0,1,1,9536,11125,1589,17,21,3,inferred_uniform_text_timing,ffmpeg_audio_sample_rate,video_frame_index_and_fps
'-9y-fZ3swSY_8,'-9y-fZ3swSY,8,7,0.6953333333333334,0.7946666666666666,0,1,1,11125,12714,1589,20,24,3,inferred_uniform_text_timing,ffmpeg_audio_sample_rate,video_frame_index_and_fps
'-9y-fZ3swSY_8,'-9y-fZ3swSY,8,8,0.7946666666666666,0.894,1,1,1,12714,14304,1590,23,27,3,inferred_uniform_text_timing,ffmpeg_audio_sample_rate,video_frame_index_and_fps
'-9y-fZ3swSY_8,'-9y-fZ3swSY,8,9,0.894,0.9933333333333334,0,1,1,14304,15893,1589,26,30,3,inferred_uniform_text_timing,ffmpeg_audio_sample_rate,video_frame_index_and_fps
'-9y-fZ3swSY_8,'-9y-fZ3swSY,8,10,0.9933333333333334,1.0926666666666667,0,1,1,15893,17482,1589,29,33,3,inferred_uniform_text_timing,ffmpeg_audio_sample_rate,video_frame_index_and_fps
'-9y-fZ3swSY_8,'-9y-fZ3swSY,8,11,1.0926666666666667,1.192,0,1,1,17482,19072,1590,32,36,3,inferred_uniform_text_timing,ffmpeg_audio_sample_rate,video_frame_index_and_fps
'-9y-fZ3swSY_8,'-9y-fZ3swSY,8,12,1.192,1.2913333333333332,1,1,1,19072,20661,1589,35,39,3,inferred_uniform_text_timing,ffmpeg_audio_sample_rate,video_frame_index_and_fps
'-9y-fZ3swSY_8,'-9y-fZ3swSY,8,13,1.2913333333333332,1.3906666666666667,0,1,1,20661,22250,1589,38,42,3,inferred_uniform_text_timing,ffmpeg_audio_sample_rate,video_frame_index_and_fps
'-9y-fZ3swSY_8,'-9y-fZ3swSY,8,14,1.3906666666666667,1.49,0,1,1,22250,23840,1590,41,45,3,inferred_uniform_text_timing,ffmpeg_audio_sample_rate,video_frame_index_and_fps
'-9y-fZ3swSY_8,'-9y-fZ3swSY,8,15,1.49,1.5893333333333333,0,1,1,23840,25429,1589,44,48,3,inferred_uniform_text_timing,ffmpeg_audio_sample_rate,video_frame_index_and_fps
'-9y-fZ3swSY_8,'-9y-fZ3swSY,8,16,1.5893333333333333,1.6886666666666668,1,1,1,25429,27018,1589,47,51,3,inferred_uniform_text_timing,ffmpeg_audio_sample_rate,video_frame_index_and_fps
'-9y-fZ3swSY_8,'-9y-fZ3swSY,8,17,1.6886666666666668,1.788,0,1,1,27018,28608,1590,50,54,3,inferred_uniform_text_timing,ffmpeg_audio_sample_rate,video_frame_index_and_fps
'-9y-fZ3swSY_8,'-9y-fZ3swSY,8,18,1.788,1.8873333333333335,0,1,1,28608,30197,1589,53,57,3,inferred_uniform_text_timing,ffmpeg_audio_sample_rate,video_frame_index_and_fps
'-9y-fZ3swSY_8,'-9y-fZ3swSY,8,19,1.8873333333333335,1.9866666666666668,1,1,1,30197,31786,1589,56,60,3,inferred_uniform_text_timing,ffmpeg_audio_sample_rate,video_frame_index_and_fps
'-9y-fZ3swSY_8,'-9y-fZ3swSY,8,20,1.9866666666666668,2.086,0,1,1,31786,33376,1590,59,63,3,inferred_uniform_text_timing,ffmpeg_audio_sample_rate,video_frame_index_and_fps
'-9y-fZ3swSY_8,'-9y-fZ3swSY,8,21,2.086,2.1853333333333333,0,1,1,33376,34965,1589,62,66,3,inferred_uniform_text_timing,ffmpeg_audio_sample_rate,video_frame_index_and_fps
'-9y-fZ3swSY_8,'-9y-fZ3swSY,8,22,2.1853333333333333,2.284666666666667,0,1,1,34965,36554,1589,65,69,3,inferred_uniform_text_timing,ffmpeg_audio_sample_rate,video_frame_index_and_fps
'-9y-fZ3swSY_8,'-9y-fZ3swSY,8,23,2.284666666666667,2.384,1,1,1,36554,38144,1590,68,72,3,inferred_uniform_text_timing,ffmpeg_audio_sample_rate,video_frame_index_and_fps
'-9y-fZ3swSY_8,'-9y-fZ3swSY,8,24,2.384,2.4833333333333334,0,1,1,38144,39733,1589,71,75,3,inferred_uniform_text_timing,ffmpeg_audio_sample_rate,video_frame_index_and_fps
'-9y-fZ3swSY_8,'-9y-fZ3swSY,8,25,2.4833333333333334,2.5826666666666664,0,1,1,39733,41322,1589,74,78,3,inferred_uniform_text_timing,ffmpeg_audio_sample_rate,video_frame_index_and_fps
'-9y-fZ3swSY_8,'-9y-fZ3swSY,8,26,2.5826666666666664,2.682,1,1,1,41322,42912,1590,77,81,3,inferred_uniform_text_timing,ffmpeg_audio_sample_rate,video_frame_index_and_fps
'-9y-fZ3swSY_8,'-9y-fZ3swSY,8,27,2.682,2.7813333333333334,0,1,1,42912,44501,1589,80,84,3,inferred_uniform_text_timing,ffmpeg_audio_sample_rate,video_frame_index_and_fps
'-9y-fZ3swSY_8,'-9y-fZ3swSY,8,28,2.7813333333333334,2.8806666666666665,0,1,1,44501,46090,1589,83,87,3,inferred_uniform_text_timing,ffmpeg_audio_sample_rate,video_frame_index_and_fps
'-9y-fZ3swSY_8,'-9y-fZ3swSY,8,29,2.8806666666666665,2.98,0,1,1,46090,47680,1590,86,90,3,inferred_uniform_text_timing,ffmpeg_audio_sample_rate,video_frame_index_and_fps
'-9y-fZ3swSY_8,'-9y-fZ3swSY,8,30,2.98,3.0793333333333335,1,1,1,47680,49269,1589,89,93,3,inferred_uniform_text_timing,ffmpeg_audio_sample_rate,video_frame_index_and_fps
'-9y-fZ3swSY_8,'-9y-fZ3swSY,8,31,3.0793333333333335,3.1786666666666665,0,1,1,49269,50858,1589,92,96,3,inferred_uniform_text_timing,ffmpeg_audio_sample_rate,video_frame_index_and_fps
'-9y-fZ3swSY_8,'-9y-fZ3swSY,8,32,3.1786666666666665,3.278,0,1,1,50858,52448,1590,95,99,3,inferred_uniform_text_timing,ffmpeg_audio_sample_rate,video_frame_index_and_fps
'-9y-fZ3swSY_8,'-9y-fZ3swSY,8,33,3.278,3.3773333333333335,1,1,1,52448,54037,1589,98,102,3,inferred_uniform_text_timing,ffmpeg_audio_sample_rate,video_frame_index_and_fps
'-9y-fZ3swSY_8,'-9y-fZ3swSY,8,34,3.3773333333333335,3.476666666666667,0,1,1,54037,55626,1589,101,105,3,inferred_uniform_text_timing,ffmpeg_audio_sample_rate,video_frame_index_and_fps
'-9y-fZ3swSY_8,'-9y-fZ3swSY,8,35,3.476666666666667,3.576,0,1,1,55626,57216,1590,104,108,3,inferred_uniform_text_timing,ffmpeg_audio_sample_rate,video_frame_index_and_fps
'-9y-fZ3swSY_8,'-9y-fZ3swSY,8,36,3.576,3.6753333333333336,0,1,1,57216,58805,1589,107,111,3,inferred_uniform_text_timing,ffmpeg_audio_sample_rate,video_frame_index_and_fps
'-9y-fZ3swSY_8,'-9y-fZ3swSY,8,37,3.6753333333333336,3.774666666666667,1,1,1,58805,60394,1589,110,114,3,inferred_uniform_text_timing,ffmpeg_audio_sample_rate,video_frame_index_and_fps
'-9y-fZ3swSY_8,'-9y-fZ3swSY,8,38,3.774666666666667,3.8740000000000006,0,1,1,60394,61984,1590,113,117,3,inferred_uniform_text_timing,ffmpeg_audio_sample_rate,video_frame_index_and_fps
'-9y-fZ3swSY_8,'-9y-fZ3swSY,8,39,3.8740000000000006,3.9733333333333336,0,1,1,61984,63573,1589,116,120,3,inferred_uniform_text_timing,ffmpeg_audio_sample_rate,video_frame_index_and_fps
'-9y-fZ3swSY_8,'-9y-fZ3swSY,8,40,3.9733333333333336,4.072666666666667,0,1,1,63573,65162,1589,119,123,3,inferred_uniform_text_timing,ffmpeg_audio_sample_rate,video_frame_index_and_fps
'-9y-fZ3swSY_8,'-9y-fZ3swSY,8,41,4.072666666666667,4.172,1,1,1,65162,66752,1590,122,126,3,inferred_uniform_text_timing,ffmpeg_audio_sample_rate,video_frame_index_and_fps
'-9y-fZ3swSY_8,'-9y-fZ3swSY,8,42,4.172,4.271333333333334,0,1,1,66752,68341,1589,125,129,3,inferred_uniform_text_timing,ffmpeg_audio_sample_rate,video_frame_index_and_fps
'-9y-fZ3swSY_8,'-9y-fZ3swSY,8,43,4.271333333333334,4.370666666666667,0,1,1,68341,69930,1589,128,132,3,inferred_uniform_text_timing,ffmpeg_audio_sample_rate,video_frame_index_and_fps
'-9y-fZ3swSY_8,'-9y-fZ3swSY,8,44,4.370666666666667,4.47,1,1,1,69930,71520,1590,131,135,3,inferred_uniform_text_timing,ffmpeg_audio_sample_rate,video_frame_index_and_fps
'-9y-fZ3swSY_8,'-9y-fZ3swSY,8,45,4.47,4.569333333333334,0,1,1,71520,73109,1589,134,138,3,inferred_uniform_text_timing,ffmpeg_audio_sample_rate,video_frame_index_and_fps
'-9y-fZ3swSY_8,'-9y-fZ3swSY,8,46,4.569333333333334,4.668666666666667,0,1,1,73109,74698,1589,137,141,3,inferred_uniform_text_timing,ffmpeg_audio_sample_rate,video_frame_index_and_fps
'-9y-fZ3swSY_8,'-9y-fZ3swSY,8,47,4.668666666666667,4.768,0,1,1,74698,76288,1590,140,144,3,inferred_uniform_text_timing,ffmpeg_audio_sample_rate,video_frame_index_and_fps
'-9y-fZ3swSY_8,'-9y-fZ3swSY,8,48,4.768,4.867333333333334,1,1,1,76288,77877,1589,143,147,3,inferred_uniform_text_timing,ffmpeg_audio_sample_rate,video_frame_index_and_fps
'-9y-fZ3swSY_8,'-9y-fZ3swSY,8,49,4.867333333333334,4.966666666666667,0,1,1,77877,79466,795,146,149,2,inferred_uniform_text_timing,ffmpeg_audio_sample_rate,video_frame_index_and_fps
'-AUZQgSxyPQ_2,'-AUZQgSxyPQ,2,0,0.0,0.4493333333333333,1,1,1,0,7189,7189,0,14,14,inferred_uniform_text_timing,ffmpeg_audio_sample_rate,video_frame_index_and_fps
'-AUZQgSxyPQ_2,'-AUZQgSxyPQ,2,1,0.4493333333333333,0.8986666666666666,1,1,1,7189,14378,7189,13,27,13,inferred_uniform_text_timing,ffmpeg_audio_sample_rate,video_frame_index_and_fps
'-AUZQgSxyPQ_2,'-AUZQgSxyPQ,2,2,0.8986666666666666,1.3479999999999999,1,1,1,14378,21567,7189,26,41,14,inferred_uniform_text_timing,ffmpeg_audio_sample_rate,video_frame_index_and_fps
'-AUZQgSxyPQ_2,'-AUZQgSxyPQ,2,3,1.3479999999999999,1.7973333333333332,1,1,1,21567,28757,7190,40,54,13,inferred_uniform_text_timing,ffmpeg_audio_sample_rate,video_frame_index_and_fps
'-AUZQgSxyPQ_2,'-AUZQgSxyPQ,2,4,1.7973333333333332,2.2466666666666666,1,1,1,28757,35946,7189,53,68,14,inferred_uniform_text_timing,ffmpeg_audio_sample_rate,video_frame_index_and_fps
'-AUZQgSxyPQ_2,'-AUZQgSxyPQ,2,5,2.2466666666666666,2.6959999999999997,1,1,1,35946,43135,7189,67,81,13,inferred_uniform_text_timing,ffmpeg_audio_sample_rate,video_frame_index_and_fps
'-AUZQgSxyPQ_2,'-AUZQgSxyPQ,2,6,2.6959999999999997,3.145333333333333,0,1,1,43135,50325,7190,80,95,14,inferred_uniform_text_timing,ffmpeg_audio_sample_rate,video_frame_index_and_fps
'-AUZQgSxyPQ_2,'-AUZQgSxyPQ,2,7,3.145333333333333,3.5946666666666665,1,1,1,50325,57514,7189,94,108,13,inferred_uniform_text_timing,ffmpeg_audio_sample_rate,video_frame_index_and_fps
'-AUZQgSxyPQ_2,'-AUZQgSxyPQ,2,8,3.5946666666666665,4.044,1,1,1,57514,64703,7189,107,122,14,inferred_uniform_text_timing,ffmpeg_audio_sample_rate,video_frame_index_and_fps
'-AUZQgSxyPQ_2,'-AUZQgSxyPQ,2,9,4.044,4.493333333333333,1,1,1,64703,71893,7190,121,135,13,inferred_uniform_text_timing,ffmpeg_audio_sample_rate,video_frame_index_and_fps
'-AUZQgSxyPQ_2,'-AUZQgSxyPQ,2,10,4.493333333333333,4.942666666666667,1,1,1,71893,79082,7189,134,149,14,inferred_uniform_text_timing,ffmpeg_audio_sample_rate,video_frame_index_and_fps
'-AUZQgSxyPQ_2,'-AUZQgSxyPQ,2,11,4.942666666666667,5.3919999999999995,1,1,1,79082,86271,7189,148,162,13,inferred_uniform_text_timing,ffmpeg_audio_sample_rate,video_frame_index_and_fps
'-AUZQgSxyPQ_2,'-AUZQgSxyPQ,2,12,5.3919999999999995,5.841333333333333,1,1,1,86271,93461,7190,161,176,14,inferred_uniform_text_timing,ffmpeg_audio_sample_rate,video_frame_index_and_fps
'-AUZQgSxyPQ_2,'-AUZQgSxyPQ,2,13,5.841333333333333,6.290666666666666,1,1,1,93461,100650,7189,175,189,13,inferred_uniform_text_timing,ffmpeg_audio_sample_rate,video_frame_index_and_fps
'-AUZQgSxyPQ_2,'-AUZQgSxyPQ,2,14,6.290666666666666,6.74,1,1,1,100650,107840,7190,188,203,14,inferred_uniform_text_timing,ffmpeg_audio_sample_rate,video_frame_index_and_fps
'-AUZQgSxyPQ_2,'-AUZQgSxyPQ,2,15,6.74,7.189333333333333,1,1,1,107840,115029,7189,202,216,13,inferred_uniform_text_timing,ffmpeg_audio_sample_rate,video_frame_index_and_fps
'-AUZQgSxyPQ_2,'-AUZQgSxyPQ,2,16,7.189333333333333,7.638666666666666,1,1,1,115029,122218,7189,215,230,14,inferred_uniform_text_timing,ffmpeg_audio_sample_rate,video_frame_index_and_fps
'-AUZQgSxyPQ_2,'-AUZQgSxyPQ,2,17,7.638666666666666,8.088,1,1,1,122218,129407,7189,229,243,13,inferred_uniform_text_timing,ffmpeg_audio_sample_rate,video_frame_index_and_fps
'-AUZQgSxyPQ_2,'-AUZQgSxyPQ,2,18,8.088,8.537333333333333,0,1,1,129407,136597,7190,242,257,14,inferred_uniform_text_timing,ffmpeg_audio_sample_rate,video_frame_index_and_fps
'-AUZQgSxyPQ_2,'-AUZQgSxyPQ,2,19,8.537333333333333,8.986666666666666,1,1,1,136597,143786,7189,256,270,13,inferred_uniform_text_timing,ffmpeg_audio_sample_rate,video_frame_index_and_fps
'-AUZQgSxyPQ_2,'-AUZQgSxyPQ,2,20,8.986666666666666,9.436,1,1,1,143786,150976,7190,269,284,14,inferred_uniform_text_timing,ffmpeg_audio_sample_rate,video_frame_index_and_fps
'-AUZQgSxyPQ_2,'-AUZQgSxyPQ,2,21,9.436,9.885333333333334,1,1,1,150976,158165,7189,283,297,13,inferred_uniform_text_timing,ffmpeg_audio_sample_rate,video_frame_index_and_fps
'-AUZQgSxyPQ_2,'-AUZQgSxyPQ,2,22,9.885333333333334,10.334666666666667,1,1,1,158165,165354,7189,296,311,14,inferred_uniform_text_timing,ffmpeg_audio_sample_rate,video_frame_index_and_fps
'-AUZQgSxyPQ_2,'-AUZQgSxyPQ,2,23,10.334666666666667,10.783999999999999,1,1,1,165354,172543,7189,310,324,13,inferred_uniform_text_timing,ffmpeg_audio_sample_rate,video_frame_index_and_fps
'-AUZQgSxyPQ_2,'-AUZQgSxyPQ,2,24,10.783999999999999,11.233333333333333,1,1,1,172543,179733,7190,323,337,13,inferred_uniform_text_timing,ffmpeg_audio_sample_rate,video_frame_index_and_fps
'-AUZQgSxyPQ_2,'-AUZQgSxyPQ,2,25,11.233333333333333,11.682666666666666,1,1,1,179733,186922,7189,337,351,14,inferred_uniform_text_timing,ffmpeg_audio_sample_rate,video_frame_index_and_fps
'-AUZQgSxyPQ_2,'-AUZQgSxyPQ,2,26,11.682666666666666,12.131999999999998,1,1,1,186922,194111,7189,350,364,13,inferred_uniform_text_timing,ffmpeg_audio_sample_rate,video_frame_index_and_fps
'-AUZQgSxyPQ_2,'-AUZQgSxyPQ,2,27,12.131999999999998,12.581333333333331,1,1,1,194111,201301,7190,363,378,14,inferred_uniform_text_timing,ffmpeg_audio_sample_rate,video_frame_index_and_fps
'-AUZQgSxyPQ_2,'-AUZQgSxyPQ,2,28,12.581333333333331,13.030666666666667,1,1,1,201301,208490,7189,377,391,13,inferred_uniform_text_timing,ffmpeg_audio_sample_rate,video_frame_index_and_fps
'-AUZQgSxyPQ_2,'-AUZQgSxyPQ,2,29,13.030666666666667,13.48,1,1,1,208490,215680,7190,390,405,14,inferred_uniform_text_timing,ffmpeg_audio_sample_rate,video_frame_index_and_fps
'-AUZQgSxyPQ_2,'-AUZQgSxyPQ,2,30,13.48,13.929333333333332,1,1,1,215680,222869,7189,404,418,13,inferred_uniform_text_timing,ffmpeg_audio_sample_rate,video_frame_index_and_fps
'-AUZQgSxyPQ_2,'-AUZQgSxyPQ,2,31,13.929333333333332,14.378666666666666,0,1,1,222869,230058,7189,417,432,14,inferred_uniform_text_timing,ffmpeg_audio_sample_rate,video_frame_index_and_fps
'-AUZQgSxyPQ_2,'-AUZQgSxyPQ,2,32,14.378666666666666,14.828,1,1,1,230058,237248,7190,431,445,13,inferred_uniform_text_timing,ffmpeg_audio_sample_rate,video_frame_index_and_fps
'-AUZQgSxyPQ_2,'-AUZQgSxyPQ,2,33,14.828,15.277333333333331,1,1,1,237248,244437,7189,444,459,14,inferred_uniform_text_timing,ffmpeg_audio_sample_rate,video_frame_index_and_fps
'-AUZQgSxyPQ_2,'-AUZQgSxyPQ,2,34,15.277333333333331,15.726666666666665,1,1,1,244437,251626,7189,458,472,13,inferred_uniform_text_timing,ffmpeg_audio_sample_rate,video_frame_index_and_fps
'-AUZQgSxyPQ_2,'-AUZQgSxyPQ,2,35,15.726666666666665,16.176,1,1,1,251626,258815,7189,471,486,14,inferred_uniform_text_timing,ffmpeg_audio_sample_rate,video_frame_index_and_fps
'-AUZQgSxyPQ_2,'-AUZQgSxyPQ,2,36,16.176,16.625333333333334,1,1,1,258815,266005,7190,485,499,13,inferred_uniform_text_timing,ffmpeg_audio_sample_rate,video_frame_index_and_fps
'-AUZQgSxyPQ_2,'-AUZQgSxyPQ,2,37,16.625333333333334,17.074666666666666,1,1,1,266005,273194,7189,498,513,14,inferred_uniform_text_timing,ffmpeg_audio_sample_rate,video_frame_index_and_fps
'-AUZQgSxyPQ_2,'-AUZQgSxyPQ,2,38,17.074666666666666,17.523999999999997,1,1,1,273194,280383,7189,512,526,13,inferred_uniform_text_timing,ffmpeg_audio_sample_rate,video_frame_index_and_fps
'-AUZQgSxyPQ_2,'-AUZQgSxyPQ,2,39,17.523999999999997,17.973333333333333,1,1,1,280383,287573,7190,525,540,14,inferred_uniform_text_timing,ffmpeg_audio_sample_rate,video_frame_index_and_fps
'-AUZQgSxyPQ_2,'-AUZQgSxyPQ,2,40,17.973333333333333,18.422666666666665,1,1,1,287573,294762,7189,539,553,13,inferred_uniform_text_timing,ffmpeg_audio_sample_rate,video_frame_index_and_fps
'-AUZQgSxyPQ_2,'-AUZQgSxyPQ,2,41,18.422666666666665,18.872,1,1,1,294762,301952,7190,552,567,14,inferred_uniform_text_timing,ffmpeg_audio_sample_rate,video_frame_index_and_fps
'-AUZQgSxyPQ_2,'-AUZQgSxyPQ,2,42,18.872,19.32133333333333,1,1,1,301952,309141,7189,566,580,13,inferred_uniform_text_timing,ffmpeg_audio_sample_rate,video_frame_index_and_fps
'-AUZQgSxyPQ_2,'-AUZQgSxyPQ,2,43,19.32133333333333,19.770666666666667,0,1,1,309141,316330,7189,579,594,14,inferred_uniform_text_timing,ffmpeg_audio_sample_rate,video_frame_index_and_fps
'-AUZQgSxyPQ_2,'-AUZQgSxyPQ,2,44,19.770666666666667,20.22,1,1,1,316330,323520,7190,593,607,13,inferred_uniform_text_timing,ffmpeg_audio_sample_rate,video_frame_index_and_fps
'-AUZQgSxyPQ_2,'-AUZQgSxyPQ,2,45,20.22,20.669333333333334,1,1,1,323520,330709,7189,606,621,14,inferred_uniform_text_timing,ffmpeg_audio_sample_rate,video_frame_index_and_fps
'-AUZQgSxyPQ_2,'-AUZQgSxyPQ,2,46,20.669333333333334,21.118666666666662,1,1,1,330709,337898,7189,620,634,13,inferred_uniform_text_timing,ffmpeg_audio_sample_rate,video_frame_index_and_fps
'-AUZQgSxyPQ_2,'-AUZQgSxyPQ,2,47,21.118666666666662,21.567999999999998,1,1,1,337898,345087,7189,633,648,14,inferred_uniform_text_timing,ffmpeg_audio_sample_rate,video_frame_index_and_fps
'-AUZQgSxyPQ_2,'-AUZQgSxyPQ,2,48,21.567999999999998,22.01733333333333,1,1,1,345087,352277,7190,647,661,13,inferred_uniform_text_timing,ffmpeg_audio_sample_rate,video_frame_index_and_fps
'-AUZQgSxyPQ_2,'-AUZQgSxyPQ,2,49,22.01733333333333,22.466666666666665,1,1,1,352277,359466,6196,660,674,13,inferred_uniform_text_timing,ffmpeg_audio_sample_rate,video_frame_index_and_fps
'-HeZS2-Prhc_2,'-HeZS2-Prhc,2,0,0.0,0.16399999999999998,0,1,1,0,2623,2623,0,5,5,inferred_uniform_text_timing,ffmpeg_audio_sample_rate,video_frame_index_and_fps
'-HeZS2-Prhc_2,'-HeZS2-Prhc,2,1,0.16399999999999998,0.32799999999999996,1,1,1,2623,5247,2624,4,10,5,inferred_uniform_text_timing,ffmpeg_audio_sample_rate,video_frame_index_and_fps
'-HeZS2-Prhc_2,'-HeZS2-Prhc,2,2,0.32799999999999996,0.49199999999999994,0,1,1,5247,7871,2624,9,15,5,inferred_uniform_text_timing,ffmpeg_audio_sample_rate,video_frame_index_and_fps
'-HeZS2-Prhc_2,'-HeZS2-Prhc,2,3,0.49199999999999994,0.6559999999999999,0,1,1,7871,10495,2624,14,20,5,inferred_uniform_text_timing,ffmpeg_audio_sample_rate,video_frame_index_and_fps
'-HeZS2-Prhc_2,'-HeZS2-Prhc,2,4,0.6559999999999999,0.82,1,1,1,10495,13120,2625,19,25,5,inferred_uniform_text_timing,ffmpeg_audio_sample_rate,video_frame_index_and_fps
'-HeZS2-Prhc_2,'-HeZS2-Prhc,2,5,0.82,0.9839999999999999,0,1,1,13120,15743,2623,24,30,5,inferred_uniform_text_timing,ffmpeg_audio_sample_rate,video_frame_index_and_fps
'-HeZS2-Prhc_2,'-HeZS2-Prhc,2,6,0.9839999999999999,1.148,0,1,1,15743,18368,2625,29,35,5,inferred_uniform_text_timing,ffmpeg_audio_sample_rate,video_frame_index_and_fps
'-HeZS2-Prhc_2,'-HeZS2-Prhc,2,7,1.148,1.3119999999999998,1,1,1,18368,20991,2623,34,40,5,inferred_uniform_text_timing,ffmpeg_audio_sample_rate,video_frame_index_and_fps
'-HeZS2-Prhc_2,'-HeZS2-Prhc,2,8,1.3119999999999998,1.476,0,1,1,20991,23616,2625,39,45,5,inferred_uniform_text_timing,ffmpeg_audio_sample_rate,video_frame_index_and_fps
'-HeZS2-Prhc_2,'-HeZS2-Prhc,2,9,1.476,1.64,0,1,1,23616,26240,2624,44,50,5,inferred_uniform_text_timing,ffmpeg_audio_sample_rate,video_frame_index_and_fps
'-HeZS2-Prhc_2,'-HeZS2-Prhc,2,10,1.64,1.8039999999999998,1,1,1,26240,28863,2623,49,55,5,inferred_uniform_text_timing,ffmpeg_audio_sample_rate,video_frame_index_and_fps
'-HeZS2-Prhc_2,'-HeZS2-Prhc,2,11,1.8039999999999998,1.9679999999999997,0,1,1,28863,31487,2624,54,60,5,inferred_uniform_text_timing,ffmpeg_audio_sample_rate,video_frame_index_and_fps
'-HeZS2-Prhc_2,'-HeZS2-Prhc,2,12,1.9679999999999997,2.1319999999999997,0,1,1,31487,34111,2624,59,64,4,inferred_uniform_text_timing,ffmpeg_audio_sample_rate,video_frame_index_and_fps
'-HeZS2-Prhc_2,'-HeZS2-Prhc,2,13,2.1319999999999997,2.296,1,1,1,34111,36736,2625,63,69,5,inferred_uniform_text_timing,ffmpeg_audio_sample_rate,video_frame_index_and_fps
'-HeZS2-Prhc_2,'-HeZS2-Prhc,2,14,2.296,2.4599999999999995,0,1,1,36736,39359,2623,68,74,5,inferred_uniform_text_timing,ffmpeg_audio_sample_rate,video_frame_index_and_fps
'-HeZS2-Prhc_2,'-HeZS2-Prhc,2,15,2.4599999999999995,2.6239999999999997,0,1,1,39359,41983,2624,73,79,5,inferred_uniform_text_timing,ffmpeg_audio_sample_rate,video_frame_index_and_fps
'-HeZS2-Prhc_2,'-HeZS2-Prhc,2,16,2.6239999999999997,2.7879999999999994,1,1,1,41983,44607,2624,78,84,5,inferred_uniform_text_timing,ffmpeg_audio_sample_rate,video_frame_index_and_fps
'-HeZS2-Prhc_2,'-HeZS2-Prhc,2,17,2.7879999999999994,2.952,0,1,1,44607,47232,2625,83,89,5,inferred_uniform_text_timing,ffmpeg_audio_sample_rate,video_frame_index_and_fps
'-HeZS2-Prhc_2,'-HeZS2-Prhc,2,18,2.952,3.1159999999999997,0,1,1,47232,49855,2623,88,94,5,inferred_uniform_text_timing,ffmpeg_audio_sample_rate,video_frame_index_and_fps
'-HeZS2-Prhc_2,'-HeZS2-Prhc,2,19,3.1159999999999997,3.28,1,1,1,49855,52480,2625,93,99,5,inferred_uniform_text_timing,ffmpeg_audio_sample_rate,video_frame_index_and_fps
'-HeZS2-Prhc_2,'-HeZS2-Prhc,2,20,3.28,3.444,0,1,1,52480,55104,2624,98,104,5,inferred_uniform_text_timing,ffmpeg_audio_sample_rate,video_frame_index_and_fps
'-HeZS2-Prhc_2,'-HeZS2-Prhc,2,21,3.444,3.6079999999999997,0,1,1,55104,57727,2623,103,109,5,inferred_uniform_text_timing,ffmpeg_audio_sample_rate,video_frame_index_and_fps
'-HeZS2-Prhc_2,'-HeZS2-Prhc,2,22,3.6079999999999997,3.772,1,1,1,57727,60352,2625,108,114,5,inferred_uniform_text_timing,ffmpeg_audio_sample_rate,video_frame_index_and_fps
'-HeZS2-Prhc_2,'-HeZS2-Prhc,2,23,3.772,3.9359999999999995,0,1,1,60352,62975,2623,113,119,5,inferred_uniform_text_timing,ffmpeg_audio_sample_rate,video_frame_index_and_fps
'-HeZS2-Prhc_2,'-HeZS2-Prhc,2,24,3.9359999999999995,4.1,0,1,1,62975,65600,2625,118,123,4,inferred_uniform_text_timing,ffmpeg_audio_sample_rate,video_frame_index_and_fps
'-HeZS2-Prhc_2,'-HeZS2-Prhc,2,25,4.1,4.263999999999999,1,1,1,65600,68223,2623,122,128,5,inferred_uniform_text_timing,ffmpeg_audio_sample_rate,video_frame_index_and_fps
'-HeZS2-Prhc_2,'-HeZS2-Prhc,2,26,4.263999999999999,4.428,0,1,1,68223,70848,2625,127,133,5,inferred_uniform_text_timing,ffmpeg_audio_sample_rate,video_frame_index_and_fps
'-HeZS2-Prhc_2,'-HeZS2-Prhc,2,27,4.428,4.592,1,1,1,70848,73472,2624,132,138,5,inferred_uniform_text_timing,ffmpeg_audio_sample_rate,video_frame_index_and_fps
'-HeZS2-Prhc_2,'-HeZS2-Prhc,2,28,4.592,4.755999999999999,0,1,1,73472,76095,2623,137,143,5,inferred_uniform_text_timing,ffmpeg_audio_sample_rate,video_frame_index_and_fps
'-HeZS2-Prhc_2,'-HeZS2-Prhc,2,29,4.755999999999999,4.919999999999999,0,1,1,76095,78719,2624,142,148,5,inferred_uniform_text_timing,ffmpeg_audio_sample_rate,video_frame_index_and_fps
'-HeZS2-Prhc_2,'-HeZS2-Prhc,2,30,4.919999999999999,5.084,1,1,1,78719,81344,2625,147,153,5,inferred_uniform_text_timing,ffmpeg_audio_sample_rate,video_frame_index_and_fps
'-HeZS2-Prhc_2,'-HeZS2-Prhc,2,31,5.084,5.247999999999999,0,1,1,81344,83967,2623,152,158,5,inferred_uniform_text_timing,ffmpeg_audio_sample_rate,video_frame_index_and_fps
'-HeZS2-Prhc_2,'-HeZS2-Prhc,2,32,5.247999999999999,5.411999999999999,0,1,1,83967,86591,2624,157,163,5,inferred_uniform_text_timing,ffmpeg_audio_sample_rate,video_frame_index_and_fps
'-HeZS2-Prhc_2,'-HeZS2-Prhc,2,33,5.411999999999999,5.575999999999999,1,1,1,86591,89215,2624,162,168,5,inferred_uniform_text_timing,ffmpeg_audio_sample_rate,video_frame_index_and_fps
'-HeZS2-Prhc_2,'-HeZS2-Prhc,2,34,5.575999999999999,5.74,0,1,1,89215,91840,2625,167,173,5,inferred_uniform_text_timing,ffmpeg_audio_sample_rate,video_frame_index_and_fps
'-HeZS2-Prhc_2,'-HeZS2-Prhc,2,35,5.74,5.904,0,1,1,91840,94464,2624,172,178,5,inferred_uniform_text_timing,ffmpeg_audio_sample_rate,video_frame_index_and_fps
'-HeZS2-Prhc_2,'-HeZS2-Prhc,2,36,5.904,6.068,1,1,1,94464,97088,2624,177,183,5,inferred_uniform_text_timing,ffmpeg_audio_sample_rate,video_frame_index_and_fps
'-HeZS2-Prhc_2,'-HeZS2-Prhc,2,37,6.068,6.231999999999999,0,1,1,97088,99711,2623,182,187,4,inferred_uniform_text_timing,ffmpeg_audio_sample_rate,video_frame_index_and_fps
'-HeZS2-Prhc_2,'-HeZS2-Prhc,2,38,6.231999999999999,6.395999999999999,0,1,1,99711,102335,2624,186,192,5,inferred_uniform_text_timing,ffmpeg_audio_sample_rate,video_frame_index_and_fps
'-HeZS2-Prhc_2,'-HeZS2-Prhc,2,39,6.395999999999999,6.56,1,1,1,102335,104960,2625,191,197,5,inferred_uniform_text_timing,ffmpeg_audio_sample_rate,video_frame_index_and_fps
'-HeZS2-Prhc_2,'-HeZS2-Prhc,2,40,6.56,6.724,0,1,1,104960,107584,2624,196,202,5,inferred_uniform_text_timing,ffmpeg_audio_sample_rate,video_frame_index_and_fps
'-HeZS2-Prhc_2,'-HeZS2-Prhc,2,41,6.724,6.888,0,1,1,107584,110208,2624,201,207,5,inferred_uniform_text_timing,ffmpeg_audio_sample_rate,video_frame_index_and_fps
'-HeZS2-Prhc_2,'-HeZS2-Prhc,2,42,6.888,7.052,1,1,1,110208,112832,2624,206,212,5,inferred_uniform_text_timing,ffmpeg_audio_sample_rate,video_frame_index_and_fps
'-HeZS2-Prhc_2,'-HeZS2-Prhc,2,43,7.052,7.215999999999999,0,1,1,112832,115455,2623,211,217,5,inferred_uniform_text_timing,ffmpeg_audio_sample_rate,video_frame_index_and_fps
'-HeZS2-Prhc_2,'-HeZS2-Prhc,2,44,7.215999999999999,7.379999999999999,0,1,1,115455,118079,2624,216,222,5,inferred_uniform_text_timing,ffmpeg_audio_sample_rate,video_frame_index_and_fps
'-HeZS2-Prhc_2,'-HeZS2-Prhc,2,45,7.379999999999999,7.544,1,1,1,118079,120704,2625,221,227,5,inferred_uniform_text_timing,ffmpeg_audio_sample_rate,video_frame_index_and_fps
'-HeZS2-Prhc_2,'-HeZS2-Prhc,2,46,7.544,7.707999999999999,0,1,1,120704,123327,2623,226,232,5,inferred_uniform_text_timing,ffmpeg_audio_sample_rate,video_frame_index_and_fps
'-HeZS2-Prhc_2,'-HeZS2-Prhc,2,47,7.707999999999999,7.871999999999999,0,1,1,123327,125951,2624,231,237,5,inferred_uniform_text_timing,ffmpeg_audio_sample_rate,video_frame_index_and_fps
'-HeZS2-Prhc_2,'-HeZS2-Prhc,2,48,7.871999999999999,8.036,1,1,1,125951,128576,2625,236,242,5,inferred_uniform_text_timing,ffmpeg_audio_sample_rate,video_frame_index_and_fps
'-HeZS2-Prhc_2,'-HeZS2-Prhc,2,49,8.036,8.2,0,1,1,128576,131200,1838,241,246,4,inferred_uniform_text_timing,ffmpeg_audio_sample_rate,video_frame_index_and_fps
'-MeTTeMJBNc_0,'-MeTTeMJBNc,0,0,0.0,0.18600000000000003,0,1,1,0,2976,2976,0,6,6,inferred_uniform_text_timing,ffmpeg_audio_sample_rate,video_frame_index_and_fps
'-MeTTeMJBNc_0,'-MeTTeMJBNc,0,1,0.18600000000000003,0.37200000000000005,1,1,1,2976,5952,2976,5,12,6,inferred_uniform_text_timing,ffmpeg_audio_sample_rate,video_frame_index_and_fps
'-MeTTeMJBNc_0,'-MeTTeMJBNc,0,2,0.37200000000000005,0.558,0,1,1,5952,8928,2976,11,17,5,inferred_uniform_text_timing,ffmpeg_audio_sample_rate,video_frame_index_and_fps
'-MeTTeMJBNc_0,'-MeTTeMJBNc,0,3,0.558,0.7440000000000001,1,1,1,8928,11904,2976,16,23,6,inferred_uniform_text_timing,ffmpeg_audio_sample_rate,video_frame_index_and_fps
'-MeTTeMJBNc_0,'-MeTTeMJBNc,0,4,0.7440000000000001,0.93,0,1,1,11904,14880,2976,22,28,5,inferred_uniform_text_timing,ffmpeg_audio_sample_rate,video_frame_index_and_fps
'-MeTTeMJBNc_0,'-MeTTeMJBNc,0,5,0.93,1.116,1,1,1,14880,17856,2976,27,34,6,inferred_uniform_text_timing,ffmpeg_audio_sample_rate,video_frame_index_and_fps
'-MeTTeMJBNc_0,'-MeTTeMJBNc,0,6,1.116,1.3020000000000003,0,1,1,17856,20832,2976,33,40,6,inferred_uniform_text_timing,ffmpeg_audio_sample_rate,video_frame_index_and_fps
'-MeTTeMJBNc_0,'-MeTTeMJBNc,0,7,1.3020000000000003,1.4880000000000002,1,1,1,20832,23808,2976,39,45,5,inferred_uniform_text_timing,ffmpeg_audio_sample_rate,video_frame_index_and_fps
'-MeTTeMJBNc_0,'-MeTTeMJBNc,0,8,1.4880000000000002,1.6740000000000002,0,1,1,23808,26784,2976,44,51,6,inferred_uniform_text_timing,ffmpeg_audio_sample_rate,video_frame_index_and_fps
'-MeTTeMJBNc_0,'-MeTTeMJBNc,0,9,1.6740000000000002,1.86,1,1,1,26784,29760,2976,50,56,5,inferred_uniform_text_timing,ffmpeg_audio_sample_rate,video_frame_index_and_fps
'-MeTTeMJBNc_0,'-MeTTeMJBNc,0,10,1.86,2.0460000000000003,0,1,1,29760,32736,2976,55,62,6,inferred_uniform_text_timing,ffmpeg_audio_sample_rate,video_frame_index_and_fps
'-MeTTeMJBNc_0,'-MeTTeMJBNc,0,11,2.0460000000000003,2.232,1,1,1,32736,35712,2976,61,67,5,inferred_uniform_text_timing,ffmpeg_audio_sample_rate,video_frame_index_and_fps
'-MeTTeMJBNc_0,'-MeTTeMJBNc,0,12,2.232,2.418,0,1,1,35712,38688,2976,66,73,6,inferred_uniform_text_timing,ffmpeg_audio_sample_rate,video_frame_index_and_fps
'-MeTTeMJBNc_0,'-MeTTeMJBNc,0,13,2.418,2.6040000000000005,1,1,1,38688,41664,2976,72,79,6,inferred_uniform_text_timing,ffmpeg_audio_sample_rate,video_frame_index_and_fps
'-MeTTeMJBNc_0,'-MeTTeMJBNc,0,14,2.6040000000000005,2.79,0,1,1,41664,44640,2976,78,84,5,inferred_uniform_text_timing,ffmpeg_audio_sample_rate,video_frame_index_and_fps
'-MeTTeMJBNc_0,'-MeTTeMJBNc,0,15,2.79,2.9760000000000004,1,1,1,44640,47616,2976,83,90,6,inferred_uniform_text_timing,ffmpeg_audio_sample_rate,video_frame_index_and_fps
'-MeTTeMJBNc_0,'-MeTTeMJBNc,0,16,2.9760000000000004,3.1620000000000004,0,1,1,47616,50592,2976,89,95,5,inferred_uniform_text_timing,ffmpeg_audio_sample_rate,video_frame_index_and_fps
'-MeTTeMJBNc_0,'-MeTTeMJBNc,0,17,3.1620000000000004,3.3480000000000003,1,1,1,50592,53568,2976,94,101,6,inferred_uniform_text_timing,ffmpeg_audio_sample_rate,video_frame_index_and_fps
'-MeTTeMJBNc_0,'-MeTTeMJBNc,0,18,3.3480000000000003,3.5340000000000003,0,1,1,53568,56544,2976,100,107,6,inferred_uniform_text_timing,ffmpeg_audio_sample_rate,video_frame_index_and_fps
'-MeTTeMJBNc_0,'-MeTTeMJBNc,0,19,3.5340000000000003,3.72,1,1,1,56544,59520,2976,106,112,5,inferred_uniform_text_timing,ffmpeg_audio_sample_rate,video_frame_index_and_fps
'-MeTTeMJBNc_0,'-MeTTeMJBNc,0,20,3.72,3.906,0,1,1,59520,62496,2976,111,118,6,inferred_uniform_text_timing,ffmpeg_audio_sample_rate,video_frame_index_and_fps
'-MeTTeMJBNc_0,'-MeTTeMJBNc,0,21,3.906,4.0920000000000005,1,1,1,62496,65472,2976,117,123,5,inferred_uniform_text_timing,ffmpeg_audio_sample_rate,video_frame_index_and_fps
'-MeTTeMJBNc_0,'-MeTTeMJBNc,0,22,4.0920000000000005,4.2780000000000005,0,1,1,65472,68448,2976,122,129,6,inferred_uniform_text_timing,ffmpeg_audio_sample_rate,video_frame_index_and_fps
'-MeTTeMJBNc_0,'-MeTTeMJBNc,0,23,4.2780000000000005,4.464,1,1,1,68448,71424,2976,128,134,5,inferred_uniform_text_timing,ffmpeg_audio_sample_rate,video_frame_index_and_fps
'-MeTTeMJBNc_0,'-MeTTeMJBNc,0,24,4.464,4.65,0,1,1,71424,74400,2976,133,140,6,inferred_uniform_text_timing,ffmpeg_audio_sample_rate,video_frame_index_and_fps
'-MeTTeMJBNc_0,'-MeTTeMJBNc,0,25,4.65,4.836,0,1,1,74400,77376,2976,139,146,6,inferred_uniform_text_timing,ffmpeg_audio_sample_rate,video_frame_index_and_fps
'-MeTTeMJBNc_0,'-MeTTeMJBNc,0,26,4.836,5.022,1,1,1,77376,80352,2976,145,151,5,inferred_uniform_text_timing,ffmpeg_audio_sample_rate,video_frame_index_and_fps
'-MeTTeMJBNc_0,'-MeTTeMJBNc,0,27,5.022,5.208000000000001,0,1,1,80352,83328,2976,150,157,6,inferred_uniform_text_timing,ffmpeg_audio_sample_rate,video_frame_index_and_fps
'-MeTTeMJBNc_0,'-MeTTeMJBNc,0,28,5.208000000000001,5.394000000000001,1,1,1,83328,86304,2976,156,162,5,inferred_uniform_text_timing,ffmpeg_audio_sample_rate,video_frame_index_and_fps
'-MeTTeMJBNc_0,'-MeTTeMJBNc,0,29,5.394000000000001,5.58,0,1,1,86304,89280,2976,161,168,6,inferred_uniform_text_timing,ffmpeg_audio_sample_rate,video_frame_index_and_fps
'-MeTTeMJBNc_0,'-MeTTeMJBNc,0,30,5.58,5.766,1,1,1,89280,92256,2976,167,173,5,inferred_uniform_text_timing,ffmpeg_audio_sample_rate,video_frame_index_and_fps
'-MeTTeMJBNc_0,'-MeTTeMJBNc,0,31,5.766,5.952000000000001,0,1,1,92256,95232,2976,172,179,6,inferred_uniform_text_timing,ffmpeg_audio_sample_rate,video_frame_index_and_fps
'-MeTTeMJBNc_0,'-MeTTeMJBNc,0,32,5.952000000000001,6.138000000000001,1,1,1,95232,98208,2976,178,185,6,inferred_uniform_text_timing,ffmpeg_audio_sample_rate,video_frame_index_and_fps
'-MeTTeMJBNc_0,'-MeTTeMJBNc,0,33,6.138000000000001,6.324000000000001,0,1,1,98208,101184,2976,184,190,5,inferred_uniform_text_timing,ffmpeg_audio_sample_rate,video_frame_index_and_fps
'-MeTTeMJBNc_0,'-MeTTeMJBNc,0,34,6.324000000000001,6.51,1,1,1,101184,104160,2976,189,196,6,inferred_uniform_text_timing,ffmpeg_audio_sample_rate,video_frame_index_and_fps
'-MeTTeMJBNc_0,'-MeTTeMJBNc,0,35,6.51,6.696000000000001,0,1,1,104160,107136,2976,195,201,5,inferred_uniform_text_timing,ffmpeg_audio_sample_rate,video_frame_index_and_fps
'-MeTTeMJBNc_0,'-MeTTeMJBNc,0,36,6.696000000000001,6.882000000000001,1,1,1,107136,110112,2976,200,207,6,inferred_uniform_text_timing,ffmpeg_audio_sample_rate,video_frame_index_and_fps
'-MeTTeMJBNc_0,'-MeTTeMJBNc,0,37,6.882000000000001,7.0680000000000005,0,1,1,110112,113088,2976,206,213,6,inferred_uniform_text_timing,ffmpeg_audio_sample_rate,video_frame_index_and_fps
'-MeTTeMJBNc_0,'-MeTTeMJBNc,0,38,7.0680000000000005,7.254000000000001,1,1,1,113088,116064,2976,212,218,5,inferred_uniform_text_timing,ffmpeg_audio_sample_rate,video_frame_index_and_fps
'-MeTTeMJBNc_0,'-MeTTeMJBNc,0,39,7.254000000000001,7.44,0,1,1,116064,119040,2976,217,224,6,inferred_uniform_text_timing,ffmpeg_audio_sample_rate,video_frame_index_and_fps
'-MeTTeMJBNc_0,'-MeTTeMJBNc,0,40,7.44,7.626,1,1,1,119040,122016,2976,223,229,5,inferred_uniform_text_timing,ffmpeg_audio_sample_rate,video_frame_index_and_fps
'-MeTTeMJBNc_0,'-MeTTeMJBNc,0,41,7.626,7.812,0,1,1,122016,124992,2976,228,235,6,inferred_uniform_text_timing,ffmpeg_audio_sample_rate,video_frame_index_and_fps
'-MeTTeMJBNc_0,'-MeTTeMJBNc,0,42,7.812,7.998000000000001,1,1,1,124992,127968,2976,234,240,5,inferred_uniform_text_timing,ffmpeg_audio_sample_rate,video_frame_index_and_fps
'-MeTTeMJBNc_0,'-MeTTeMJBNc,0,43,7.998000000000001,8.184000000000001,0,1,1,127968,130944,2976,239,246,6,inferred_uniform_text_timing,ffmpeg_audio_sample_rate,video_frame_index_and_fps
'-MeTTeMJBNc_0,'-MeTTeMJBNc,0,44,8.184000000000001,8.370000000000001,1,1,1,130944,133920,2976,245,252,6,inferred_uniform_text_timing,ffmpeg_audio_sample_rate,video_frame_index_and_fps
'-MeTTeMJBNc_0,'-MeTTeMJBNc,0,45,8.370000000000001,8.556000000000001,0,1,1,133920,136896,2976,251,257,5,inferred_uniform_text_timing,ffmpeg_audio_sample_rate,video_frame_index_and_fps
'-MeTTeMJBNc_0,'-MeTTeMJBNc,0,46,8.556000000000001,8.742,1,1,1,136896,139872,2976,256,263,6,inferred_uniform_text_timing,ffmpeg_audio_sample_rate,video_frame_index_and_fps
'-MeTTeMJBNc_0,'-MeTTeMJBNc,0,47,8.742,8.928,0,1,1,139872,142848,2976,262,268,5,inferred_uniform_text_timing,ffmpeg_audio_sample_rate,video_frame_index_and_fps
'-MeTTeMJBNc_0,'-MeTTeMJBNc,0,48,8.928,9.114,1,1,1,142848,145824,2976,267,274,6,inferred_uniform_text_timing,ffmpeg_audio_sample_rate,video_frame_index_and_fps
'-MeTTeMJBNc_0,'-MeTTeMJBNc,0,49,9.114,9.3,0,1,1,145824,148800,1669,273,279,5,inferred_uniform_text_timing,ffmpeg_audio_sample_rate,video_frame_index_and_fps
'-MeTTeMJBNc_13,'-MeTTeMJBNc,13,0,0.0,0.106,0,1,1,0,1696,1696,0,4,4,inferred_uniform_text_timing,ffmpeg_audio_sample_rate,video_frame_index_and_fps
'-MeTTeMJBNc_13,'-MeTTeMJBNc,13,1,0.106,0.212,1,1,1,1696,3392,1696,3,7,3,inferred_uniform_text_timing,ffmpeg_audio_sample_rate,video_frame_index_and_fps
'-MeTTeMJBNc_13,'-MeTTeMJBNc,13,2,0.212,0.31799999999999995,0,1,1,3392,5087,1695,6,10,3,inferred_uniform_text_timing,ffmpeg_audio_sample_rate,video_frame_index_and_fps
'-MeTTeMJBNc_13,'-MeTTeMJBNc,13,3,0.31799999999999995,0.424,0,1,1,5087,6784,1697,9,13,3,inferred_uniform_text_timing,ffmpeg_audio_sample_rate,video_frame_index_and_fps
'-MeTTeMJBNc_13,'-MeTTeMJBNc,13,4,0.424,0.53,1,1,1,6784,8480,1696,12,16,3,inferred_uniform_text_timing,ffmpeg_audio_sample_rate,video_frame_index_and_fps
'-MeTTeMJBNc_13,'-MeTTeMJBNc,13,5,0.53,0.6359999999999999,0,1,1,8480,10175,1695,15,20,4,inferred_uniform_text_timing,ffmpeg_audio_sample_rate,video_frame_index_and_fps
'-MeTTeMJBNc_13,'-MeTTeMJBNc,13,6,0.6359999999999999,0.742,0,1,1,10175,11872,1697,19,23,3,inferred_uniform_text_timing,ffmpeg_audio_sample_rate,video_frame_index_and_fps
'-MeTTeMJBNc_13,'-MeTTeMJBNc,13,7,0.742,0.848,1,1,1,11872,13568,1696,22,26,3,inferred_uniform_text_timing,ffmpeg_audio_sample_rate,video_frame_index_and_fps
'-MeTTeMJBNc_13,'-MeTTeMJBNc,13,8,0.848,0.954,0,1,1,13568,15264,1696,25,29,3,inferred_uniform_text_timing,ffmpeg_audio_sample_rate,video_frame_index_and_fps
'-MeTTeMJBNc_13,'-MeTTeMJBNc,13,9,0.954,1.06,0,1,1,15264,16960,1696,28,32,3,inferred_uniform_text_timing,ffmpeg_audio_sample_rate,video_frame_index_and_fps
'-MeTTeMJBNc_13,'-MeTTeMJBNc,13,10,1.06,1.166,1,1,1,16960,18656,1696,31,35,3,inferred_uniform_text_timing,ffmpeg_audio_sample_rate,video_frame_index_and_fps
'-MeTTeMJBNc_13,'-MeTTeMJBNc,13,11,1.166,1.2719999999999998,0,1,1,18656,20351,1695,34,39,4,inferred_uniform_text_timing,ffmpeg_audio_sample_rate,video_frame_index_and_fps
'-MeTTeMJBNc_13,'-MeTTeMJBNc,13,12,1.2719999999999998,1.378,0,1,1,20351,22048,1697,38,42,3,inferred_uniform_text_timing,ffmpeg_audio_sample_rate,video_frame_index_and_fps
'-MeTTeMJBNc_13,'-MeTTeMJBNc,13,13,1.378,1.484,0,1,1,22048,23744,1696,41,45,3,inferred_uniform_text_timing,ffmpeg_audio_sample_rate,video_frame_index_and_fps
'-MeTTeMJBNc_13,'-MeTTeMJBNc,13,14,1.484,1.59,1,1,1,23744,25440,1696,44,48,3,inferred_uniform_text_timing,ffmpeg_audio_sample_rate,video_frame_index_and_fps
'-MeTTeMJBNc_13,'-MeTTeMJBNc,13,15,1.59,1.696,0,1,1,25440,27136,1696,47,51,3,inferred_uniform_text_timing,ffmpeg_audio_sample_rate,video_frame_index_and_fps
'-MeTTeMJBNc_13,'-MeTTeMJBNc,13,16,1.696,1.8019999999999998,0,1,1,27136,28831,1695,50,55,4,inferred_uniform_text_timing,ffmpeg_audio_sample_rate,video_frame_index_and_fps
'-MeTTeMJBNc_13,'-MeTTeMJBNc,13,17,1.8019999999999998,1.908,1,1,1,28831,30528,1697,54,58,3,inferred_uniform_text_timing,ffmpeg_audio_sample_rate,video_frame_index_and_fps
'-MeTTeMJBNc_13,'-MeTTeMJBNc,13,18,1.908,2.0140000000000002,0,1,1,30528,32224,1696,57,61,3,inferred_uniform_text_timing,ffmpeg_audio_sample_rate,video_frame_index_and_fps
'-MeTTeMJBNc_13,'-MeTTeMJBNc,13,19,2.0140000000000002,2.12,0,1,1,32224,33920,1696,60,64,3,inferred_uniform_text_timing,ffmpeg_audio_sample_rate,video_frame_index_and_fps
'-MeTTeMJBNc_13,'-MeTTeMJBNc,13,20,2.12,2.226,1,1,1,33920,35616,1696,63,67,3,inferred_uniform_text_timing,ffmpeg_audio_sample_rate,video_frame_index_and_fps
'-MeTTeMJBNc_13,'-MeTTeMJBNc,13,21,2.226,2.332,0,1,1,35616,37312,1696,66,70,3,inferred_uniform_text_timing,ffmpeg_audio_sample_rate,video_frame_index_and_fps
'-MeTTeMJBNc_13,'-MeTTeMJBNc,13,22,2.332,2.4379999999999997,0,1,1,37312,39007,1695,69,74,4,inferred_uniform_text_timing,ffmpeg_audio_sample_rate,video_frame_index_and_fps
'-MeTTeMJBNc_13,'-MeTTeMJBNc,13,23,2.4379999999999997,2.5439999999999996,1,1,1,39007,40703,1696,73,77,3,inferred_uniform_text_timing,ffmpeg_audio_sample_rate,video_frame_index_and_fps
'-MeTTeMJBNc_13,'-MeTTeMJBNc,13,24,2.5439999999999996,2.65,0,1,1,40703,42400,1697,76,80,3,inferred_uniform_text_timing,ffmpeg_audio_sample_rate,video_frame_index_and_fps
'-MeTTeMJBNc_13,'-MeTTeMJBNc,13,25,2.65,2.756,0,1,1,42400,44096,1696,79,83,3,inferred_uniform_text_timing,ffmpeg_audio_sample_rate,video_frame_index_and_fps
'-MeTTeMJBNc_13,'-MeTTeMJBNc,13,26,2.756,2.862,1,1,1,44096,45792,1696,82,86,3,inferred_uniform_text_timing,ffmpeg_audio_sample_rate,video_frame_index_and_fps
'-MeTTeMJBNc_13,'-MeTTeMJBNc,13,27,2.862,2.968,0,1,1,45792,47488,1696,85,90,4,inferred_uniform_text_timing,ffmpeg_audio_sample_rate,video_frame_index_and_fps
'-MeTTeMJBNc_13,'-MeTTeMJBNc,13,28,2.968,3.074,0,1,1,47488,49184,1696,89,93,3,inferred_uniform_text_timing,ffmpeg_audio_sample_rate,video_frame_index_and_fps
'-MeTTeMJBNc_13,'-MeTTeMJBNc,13,29,3.074,3.18,1,1,1,49184,50880,1696,92,96,3,inferred_uniform_text_timing,ffmpeg_audio_sample_rate,video_frame_index_and_fps
'-MeTTeMJBNc_13,'-MeTTeMJBNc,13,30,3.18,3.2859999999999996,0,1,1,50880,52575,1695,95,99,3,inferred_uniform_text_timing,ffmpeg_audio_sample_rate,video_frame_index_and_fps
'-MeTTeMJBNc_13,'-MeTTeMJBNc,13,31,3.2859999999999996,3.392,0,1,1,52575,54272,1697,98,102,3,inferred_uniform_text_timing,ffmpeg_audio_sample_rate,video_frame_index_and_fps
'-MeTTeMJBNc_13,'-MeTTeMJBNc,13,32,3.392,3.498,1,1,1,54272,55968,1696,101,105,3,inferred_uniform_text_timing,ffmpeg_audio_sample_rate,video_frame_index_and_fps
'-MeTTeMJBNc_13,'-MeTTeMJBNc,13,33,3.498,3.6039999999999996,0,1,1,55968,57663,1695,104,109,4,inferred_uniform_text_timing,ffmpeg_audio_sample_rate,video_frame_index_and_fps
'-MeTTeMJBNc_13,'-MeTTeMJBNc,13,34,3.6039999999999996,3.71,0,1,1,57663,59360,1697,108,112,3,inferred_uniform_text_timing,ffmpeg_audio_sample_rate,video_frame_index_and_fps
'-MeTTeMJBNc_13,'-MeTTeMJBNc,13,35,3.71,3.816,1,1,1,59360,61056,1696,111,115,3,inferred_uniform_text_timing,ffmpeg_audio_sample_rate,video_frame_index_and_fps
'-MeTTeMJBNc_13,'-MeTTeMJBNc,13,36,3.816,3.9219999999999997,0,1,1,61056,62751,1695,114,118,3,inferred_uniform_text_timing,ffmpeg_audio_sample_rate,video_frame_index_and_fps
'-MeTTeMJBNc_13,'-MeTTeMJBNc,13,37,3.9219999999999997,4.0280000000000005,0,1,1,62751,64448,1697,117,121,3,inferred_uniform_text_timing,ffmpeg_audio_sample_rate,video_frame_index_and_fps
'-MeTTeMJBNc_13,'-MeTTeMJBNc,13,38,4.0280000000000005,4.1339999999999995,0,1,1,64448,66143,1695,120,125,4,inferred_uniform_text_timing,ffmpeg_audio_sample_rate,video_frame_index_and_fps
'-MeTTeMJBNc_13,'-MeTTeMJBNc,13,39,4.1339999999999995,4.24,1,1,1,66143,67840,1697,124,128,3,inferred_uniform_text_timing,ffmpeg_audio_sample_rate,video_frame_index_and_fps
'-MeTTeMJBNc_13,'-MeTTeMJBNc,13,40,4.24,4.346,0,1,1,67840,69536,1696,127,131,3,inferred_uniform_text_timing,ffmpeg_audio_sample_rate,video_frame_index_and_fps
'-MeTTeMJBNc_13,'-MeTTeMJBNc,13,41,4.346,4.452,0,1,1,69536,71232,1696,130,134,3,inferred_uniform_text_timing,ffmpeg_audio_sample_rate,video_frame_index_and_fps
'-MeTTeMJBNc_13,'-MeTTeMJBNc,13,42,4.452,4.558,1,1,1,71232,72928,1696,133,137,3,inferred_uniform_text_timing,ffmpeg_audio_sample_rate,video_frame_index_and_fps
'-MeTTeMJBNc_13,'-MeTTeMJBNc,13,43,4.558,4.664,0,1,1,72928,74624,1696,136,140,3,inferred_uniform_text_timing,ffmpeg_audio_sample_rate,video_frame_index_and_fps
'-MeTTeMJBNc_13,'-MeTTeMJBNc,13,44,4.664,4.77,0,1,1,74624,76320,1696,139,144,4,inferred_uniform_text_timing,ffmpeg_audio_sample_rate,video_frame_index_and_fps
'-MeTTeMJBNc_13,'-MeTTeMJBNc,13,45,4.77,4.8759999999999994,1,1,1,76320,78015,1695,143,147,3,inferred_uniform_text_timing,ffmpeg_audio_sample_rate,video_frame_index_and_fps
'-MeTTeMJBNc_13,'-MeTTeMJBNc,13,46,4.8759999999999994,4.982,0,1,1,78015,79712,1697,146,150,3,inferred_uniform_text_timing,ffmpeg_audio_sample_rate,video_frame_index_and_fps
'-MeTTeMJBNc_13,'-MeTTeMJBNc,13,47,4.982,5.087999999999999,0,1,1,79712,81407,1695,149,153,3,inferred_uniform_text_timing,ffmpeg_audio_sample_rate,video_frame_index_and_fps
'-MeTTeMJBNc_13,'-MeTTeMJBNc,13,48,5.087999999999999,5.194,1,1,1,81407,83104,1697,152,156,3,inferred_uniform_text_timing,ffmpeg_audio_sample_rate,video_frame_index_and_fps
'-MeTTeMJBNc_13,'-MeTTeMJBNc,13,49,5.194,5.3,0,1,1,83104,84800,984,155,159,3,inferred_uniform_text_timing,ffmpeg_audio_sample_rate,video_frame_index_and_fps
'-MeTTeMJBNc_7,'-MeTTeMJBNc,7,0,0.0,0.20933333333333334,1,1,1,0,3349,3349,0,7,7,inferred_uniform_text_timing,ffmpeg_audio_sample_rate,video_frame_index_and_fps
'-MeTTeMJBNc_7,'-MeTTeMJBNc,7,1,0.20933333333333334,0.4186666666666667,0,1,1,3349,6698,3349,6,13,6,inferred_uniform_text_timing,ffmpeg_audio_sample_rate,video_frame_index_and_fps
'-MeTTeMJBNc_7,'-MeTTeMJBNc,7,2,0.4186666666666667,0.628,1,1,1,6698,10048,3350,12,19,6,inferred_uniform_text_timing,ffmpeg_audio_sample_rate,video_frame_index_and_fps
'-MeTTeMJBNc_7,'-MeTTeMJBNc,7,3,0.628,0.8373333333333334,1,1,1,10048,13397,3349,18,26,7,inferred_uniform_text_timing,ffmpeg_audio_sample_rate,video_frame_index_and_fps
'-MeTTeMJBNc_7,'-MeTTeMJBNc,7,4,0.8373333333333334,1.0466666666666666,0,1,1,13397,16746,3349,25,32,6,inferred_uniform_text_timing,ffmpeg_audio_sample_rate,video_frame_index_and_fps
'-MeTTeMJBNc_7,'-MeTTeMJBNc,7,5,1.0466666666666666,1.256,1,1,1,16746,20096,3350,31,38,6,inferred_uniform_text_timing,ffmpeg_audio_sample_rate,video_frame_index_and_fps
'-MeTTeMJBNc_7,'-MeTTeMJBNc,7,6,1.256,1.4653333333333334,1,1,1,20096,23445,3349,37,44,6,inferred_uniform_text_timing,ffmpeg_audio_sample_rate,video_frame_index_and_fps
'-MeTTeMJBNc_7,'-MeTTeMJBNc,7,7,1.4653333333333334,1.6746666666666667,0,1,1,23445,26794,3349,43,51,7,inferred_uniform_text_timing,ffmpeg_audio_sample_rate,video_frame_index_and_fps
'-MeTTeMJBNc_7,'-MeTTeMJBNc,7,8,1.6746666666666667,1.8840000000000001,1,1,1,26794,30144,3350,50,57,6,inferred_uniform_text_timing,ffmpeg_audio_sample_rate,video_frame_index_and_fps
'-MeTTeMJBNc_7,'-MeTTeMJBNc,7,9,1.8840000000000001,2.0933333333333333,1,1,1,30144,33493,3349,56,63,6,inferred_uniform_text_timing,ffmpeg_audio_sample_rate,video_frame_index_and_fps
'-MeTTeMJBNc_7,'-MeTTeMJBNc,7,10,2.0933333333333333,2.3026666666666666,0,1,1,33493,36842,3349,62,70,7,inferred_uniform_text_timing,ffmpeg_audio_sample_rate,video_frame_index_and_fps
'-MeTTeMJBNc_7,'-MeTTeMJBNc,7,11,2.3026666666666666,2.512,1,1,1,36842,40192,3350,69,76,6,inferred_uniform_text_timing,ffmpeg_audio_sample_rate,video_frame_index_and_fps
'-MeTTeMJBNc_7,'-MeTTeMJBNc,7,12,2.512,2.7213333333333334,1,1,1,40192,43541,3349,75,82,6,inferred_uniform_text_timing,ffmpeg_audio_sample_rate,video_frame_index_and_fps
'-MeTTeMJBNc_7,'-MeTTeMJBNc,7,13,2.7213333333333334,2.9306666666666668,0,1,1,43541,46890,3349,81,88,6,inferred_uniform_text_timing,ffmpeg_audio_sample_rate,video_frame_index_and_fps
'-MeTTeMJBNc_7,'-MeTTeMJBNc,7,14,2.9306666666666668,3.14,1,1,1,46890,50240,3350,87,95,7,inferred_uniform_text_timing,ffmpeg_audio_sample_rate,video_frame_index_and_fps
'-MeTTeMJBNc_7,'-MeTTeMJBNc,7,15,3.14,3.3493333333333335,1,1,1,50240,53589,3349,94,101,6,inferred_uniform_text_timing,ffmpeg_audio_sample_rate,video_frame_index_and_fps
'-MeTTeMJBNc_7,'-MeTTeMJBNc,7,16,3.3493333333333335,3.558666666666667,0,1,1,53589,56938,3349,100,107,6,inferred_uniform_text_timing,ffmpeg_audio_sample_rate,video_frame_index_and_fps
'-MeTTeMJBNc_7,'-MeTTeMJBNc,7,17,3.558666666666667,3.7680000000000002,1,1,1,56938,60288,3350,106,114,7,inferred_uniform_text_timing,ffmpeg_audio_sample_rate,video_frame_index_and_fps
'-MeTTeMJBNc_7,'-MeTTeMJBNc,7,18,3.7680000000000002,3.9773333333333336,1,1,1,60288,63637,3349,113,120,6,inferred_uniform_text_timing,ffmpeg_audio_sample_rate,video_frame_index_and_fps
'-MeTTeMJBNc_7,'-MeTTeMJBNc,7,19,3.9773333333333336,4.1866666666666665,0,1,1,63637,66986,3349,119,126,6,inferred_uniform_text_timing,ffmpeg_audio_sample_rate,video_frame_index_and_fps
'-MeTTeMJBNc_7,'-MeTTeMJBNc,7,20,4.1866666666666665,4.396,1,1,1,66986,70336,3350,125,132,6,inferred_uniform_text_timing,ffmpeg_audio_sample_rate,video_frame_index_and_fps
'-MeTTeMJBNc_7,'-MeTTeMJBNc,7,21,4.396,4.605333333333333,1,1,1,70336,73685,3349,131,139,7,inferred_uniform_text_timing,ffmpeg_audio_sample_rate,video_frame_index_and_fps
'-MeTTeMJBNc_7,'-MeTTeMJBNc,7,22,4.605333333333333,4.814666666666667,0,1,1,73685,77034,3349,138,145,6,inferred_uniform_text_timing,ffmpeg_audio_sample_rate,video_frame_index_and_fps
'-MeTTeMJBNc_7,'-MeTTeMJBNc,7,23,4.814666666666667,5.024,1,1,1,77034,80384,3350,144,151,6,inferred_uniform_text_timing,ffmpeg_audio_sample_rate,video_frame_index_and_fps
'-MeTTeMJBNc_7,'-MeTTeMJBNc,7,24,5.024,5.233333333333333,0,1,1,80384,83733,3349,150,157,6,inferred_uniform_text_timing,ffmpeg_audio_sample_rate,video_frame_index_and_fps
'-MeTTeMJBNc_7,'-MeTTeMJBNc,7,25,5.233333333333333,5.442666666666667,1,1,1,83733,87082,3349,157,164,7,inferred_uniform_text_timing,ffmpeg_audio_sample_rate,video_frame_index_and_fps
'-MeTTeMJBNc_7,'-MeTTeMJBNc,7,26,5.442666666666667,5.652,1,1,1,87082,90432,3350,163,170,6,inferred_uniform_text_timing,ffmpeg_audio_sample_rate,video_frame_index_and_fps
'-MeTTeMJBNc_7,'-MeTTeMJBNc,7,27,5.652,5.8613333333333335,0,1,1,90432,93781,3349,169,176,6,inferred_uniform_text_timing,ffmpeg_audio_sample_rate,video_frame_index_and_fps
'-MeTTeMJBNc_7,'-MeTTeMJBNc,7,28,5.8613333333333335,6.070666666666667,1,1,1,93781,97130,3349,175,183,7,inferred_uniform_text_timing,ffmpeg_audio_sample_rate,video_frame_index_and_fps
'-MeTTeMJBNc_7,'-MeTTeMJBNc,7,29,6.070666666666667,6.28,1,1,1,97130,100480,3350,182,189,6,inferred_uniform_text_timing,ffmpeg_audio_sample_rate,video_frame_index_and_fps
'-MeTTeMJBNc_7,'-MeTTeMJBNc,7,30,6.28,6.489333333333334,0,1,1,100480,103829,3349,188,195,6,inferred_uniform_text_timing,ffmpeg_audio_sample_rate,video_frame_index_and_fps
'-MeTTeMJBNc_7,'-MeTTeMJBNc,7,31,6.489333333333334,6.698666666666667,1,1,1,103829,107178,3349,194,201,6,inferred_uniform_text_timing,ffmpeg_audio_sample_rate,video_frame_index_and_fps
'-MeTTeMJBNc_7,'-MeTTeMJBNc,7,32,6.698666666666667,6.9079999999999995,1,1,1,107178,110527,3349,200,208,7,inferred_uniform_text_timing,ffmpeg_audio_sample_rate,video_frame_index_and_fps
'-MeTTeMJBNc_7,'-MeTTeMJBNc,7,33,6.9079999999999995,7.117333333333334,0,1,1,110527,113877,3350,207,214,6,inferred_uniform_text_timing,ffmpeg_audio_sample_rate,video_frame_index_and_fps
'-MeTTeMJBNc_7,'-MeTTeMJBNc,7,34,7.117333333333334,7.326666666666666,1,1,1,113877,117226,3349,213,220,6,inferred_uniform_text_timing,ffmpeg_audio_sample_rate,video_frame_index_and_fps
'-MeTTeMJBNc_7,'-MeTTeMJBNc,7,35,7.326666666666666,7.5360000000000005,1,1,1,117226,120576,3350,219,227,7,inferred_uniform_text_timing,ffmpeg_audio_sample_rate,video_frame_index_and_fps
'-MeTTeMJBNc_7,'-MeTTeMJBNc,7,36,7.5360000000000005,7.745333333333333,0,1,1,120576,123925,3349,226,233,6,inferred_uniform_text_timing,ffmpeg_audio_sample_rate,video_frame_index_and_fps
'-MeTTeMJBNc_7,'-MeTTeMJBNc,7,37,7.745333333333333,7.954666666666667,1,1,1,123925,127274,3349,232,239,6,inferred_uniform_text_timing,ffmpeg_audio_sample_rate,video_frame_index_and_fps
'-MeTTeMJBNc_7,'-MeTTeMJBNc,7,38,7.954666666666667,8.164,1,1,1,127274,130624,3350,238,245,6,inferred_uniform_text_timing,ffmpeg_audio_sample_rate,video_frame_index_and_fps
'-MeTTeMJBNc_7,'-MeTTeMJBNc,7,39,8.164,8.373333333333333,0,1,1,130624,133973,3349,244,252,7,inferred_uniform_text_timing,ffmpeg_audio_sample_rate,video_frame_index_and_fps
'-MeTTeMJBNc_7,'-MeTTeMJBNc,7,40,8.373333333333333,8.582666666666666,1,1,1,133973,137322,3349,251,258,6,inferred_uniform_text_timing,ffmpeg_audio_sample_rate,video_frame_index_and_fps
'-MeTTeMJBNc_7,'-MeTTeMJBNc,7,41,8.582666666666666,8.792,1,1,1,137322,140672,3350,257,264,6,inferred_uniform_text_timing,ffmpeg_audio_sample_rate,video_frame_index_and_fps
'-MeTTeMJBNc_7,'-MeTTeMJBNc,7,42,8.792,9.001333333333333,0,1,1,140672,144021,3349,263,271,7,inferred_uniform_text_timing,ffmpeg_audio_sample_rate,video_frame_index_and_fps
'-MeTTeMJBNc_7,'-MeTTeMJBNc,7,43,9.001333333333333,9.210666666666667,1,1,1,144021,147370,3349,270,277,6,inferred_uniform_text_timing,ffmpeg_audio_sample_rate,video_frame_index_and_fps
'-MeTTeMJBNc_7,'-MeTTeMJBNc,7,44,9.210666666666667,9.42,1,1,1,147370,150720,3350,276,283,6,inferred_uniform_text_timing,ffmpeg_audio_sample_rate,video_frame_index_and_fps
'-MeTTeMJBNc_7,'-MeTTeMJBNc,7,45,9.42,9.629333333333333,0,1,1,150720,154069,3349,282,289,6,inferred_uniform_text_timing,ffmpeg_audio_sample_rate,video_frame_index_and_fps
'-MeTTeMJBNc_7,'-MeTTeMJBNc,7,46,9.629333333333333,9.838666666666667,1,1,1,154069,157418,3349,288,296,7,inferred_uniform_text_timing,ffmpeg_audio_sample_rate,video_frame_index_and_fps
'-MeTTeMJBNc_7,'-MeTTeMJBNc,7,47,9.838666666666667,10.048,1,1,1,157418,160768,3350,295,302,6,inferred_uniform_text_timing,ffmpeg_audio_sample_rate,video_frame_index_and_fps
'-MeTTeMJBNc_7,'-MeTTeMJBNc,7,48,10.048,10.257333333333333,0,1,1,160768,164117,3349,301,308,6,inferred_uniform_text_timing,ffmpeg_audio_sample_rate,video_frame_index_and_fps
'-MeTTeMJBNc_7,'-MeTTeMJBNc,7,49,10.257333333333333,10.466666666666667,1,1,1,164117,167466,2464,307,314,6,inferred_uniform_text_timing,ffmpeg_audio_sample_rate,video_frame_index_and_fps
'-RfYyzHpjk4_11,'-RfYyzHpjk4,11,0,0.0,0.10266666666666667,0,1,1,0,1642,1642,0,4,4,inferred_uniform_text_timing,ffmpeg_audio_sample_rate,video_frame_index_and_fps
'-RfYyzHpjk4_11,'-RfYyzHpjk4,11,1,0.10266666666666667,0.20533333333333334,1,1,1,1642,3285,1643,3,7,3,inferred_uniform_text_timing,ffmpeg_audio_sample_rate,video_frame_index_and_fps
'-RfYyzHpjk4_11,'-RfYyzHpjk4,11,2,0.20533333333333334,0.30800000000000005,0,1,1,3285,4928,1643,6,10,3,inferred_uniform_text_timing,ffmpeg_audio_sample_rate,video_frame_index_and_fps
'-RfYyzHpjk4_11,'-RfYyzHpjk4,11,3,0.30800000000000005,0.4106666666666667,1,1,1,4928,6570,1642,9,13,3,inferred_uniform_text_timing,ffmpeg_audio_sample_rate,video_frame_index_and_fps
'-RfYyzHpjk4_11,'-RfYyzHpjk4,11,4,0.4106666666666667,0.5133333333333333,0,1,1,6570,8213,1643,12,16,3,inferred_uniform_text_timing,ffmpeg_audio_sample_rate,video_frame_index_and_fps
'-RfYyzHpjk4_11,'-RfYyzHpjk4,11,5,0.5133333333333333,0.6160000000000001,0,1,1,8213,9856,1643,15,19,3,inferred_uniform_text_timing,ffmpeg_audio_sample_rate,video_frame_index_and_fps
'-RfYyzHpjk4_11,'-RfYyzHpjk4,11,6,0.6160000000000001,0.7186666666666668,1,1,1,9856,11498,1642,18,22,3,inferred_uniform_text_timing,ffmpeg_audio_sample_rate,video_frame_index_and_fps
'-RfYyzHpjk4_11,'-RfYyzHpjk4,11,7,0.7186666666666668,0.8213333333333334,0,1,1,11498,13141,1643,21,25,3,inferred_uniform_text_timing,ffmpeg_audio_sample_rate,video_frame_index_and_fps
'-RfYyzHpjk4_11,'-RfYyzHpjk4,11,8,0.8213333333333334,0.924,0,1,1,13141,14784,1643,24,28,3,inferred_uniform_text_timing,ffmpeg_audio_sample_rate,video_frame_index_and_fps
'-RfYyzHpjk4_11,'-RfYyzHpjk4,11,9,0.924,1.0266666666666666,1,1,1,14784,16426,1642,27,31,3,inferred_uniform_text_timing,ffmpeg_audio_sample_rate,video_frame_index_and_fps
'-RfYyzHpjk4_11,'-RfYyzHpjk4,11,10,1.0266666666666666,1.1293333333333333,0,1,1,16426,18069,1643,30,34,3,inferred_uniform_text_timing,ffmpeg_audio_sample_rate,video_frame_index_and_fps
'-RfYyzHpjk4_11,'-RfYyzHpjk4,11,11,1.1293333333333333,1.2320000000000002,1,1,1,18069,19712,1643,33,37,3,inferred_uniform_text_timing,ffmpeg_audio_sample_rate,video_frame_index_and_fps
'-RfYyzHpjk4_11,'-RfYyzHpjk4,11,12,1.2320000000000002,1.3346666666666667,0,1,1,19712,21354,1642,36,41,4,inferred_uniform_text_timing,ffmpeg_audio_sample_rate,video_frame_index_and_fps
'-RfYyzHpjk4_11,'-RfYyzHpjk4,11,13,1.3346666666666667,1.4373333333333336,0,1,1,21354,22997,1643,40,44,3,inferred_uniform_text_timing,ffmpeg_audio_sample_rate,video_frame_index_and_fps
'-RfYyzHpjk4_11,'-RfYyzHpjk4,11,14,1.4373333333333336,1.54,1,1,1,22997,24640,1643,43,47,3,inferred_uniform_text_timing,ffmpeg_audio_sample_rate,video_frame_index_and_fps
'-RfYyzHpjk4_11,'-RfYyzHpjk4,11,15,1.54,1.6426666666666667,0,1,1,24640,26282,1642,46,50,3,inferred_uniform_text_timing,ffmpeg_audio_sample_rate,video_frame_index_and_fps
'-RfYyzHpjk4_11,'-RfYyzHpjk4,11,16,1.6426666666666667,1.7453333333333336,0,1,1,26282,27925,1643,49,53,3,inferred_uniform_text_timing,ffmpeg_audio_sample_rate,video_frame_index_and_fps
'-RfYyzHpjk4_11,'-RfYyzHpjk4,11,17,1.7453333333333336,1.848,1,1,1,27925,29568,1643,52,56,3,inferred_uniform_text_timing,ffmpeg_audio_sample_rate,video_frame_index_and_fps
'-RfYyzHpjk4_11,'-RfYyzHpjk4,11,18,1.848,1.950666666666667,0,1,1,29568,31210,1642,55,59,3,inferred_uniform_text_timing,ffmpeg_audio_sample_rate,video_frame_index_and_fps
'-RfYyzHpjk4_11,'-RfYyzHpjk4,11,19,1.950666666666667,2.0533333333333332,1,1,1,31210,32853,1643,58,62,3,inferred_uniform_text_timing,ffmpeg_audio_sample_rate,video_frame_index_and_fps
'-RfYyzHpjk4_11,'-RfYyzHpjk4,11,20,2.0533333333333332,2.156,0,1,1,32853,34496,1643,61,65,3,inferred_uniform_text_timing,ffmpeg_audio_sample_rate,video_frame_index_and_fps
'-RfYyzHpjk4_11,'-RfYyzHpjk4,11,21,2.156,2.2586666666666666,0,1,1,34496,36138,1642,64,68,3,inferred_uniform_text_timing,ffmpeg_audio_sample_rate,video_frame_index_and_fps
'-RfYyzHpjk4_11,'-RfYyzHpjk4,11,22,2.2586666666666666,2.3613333333333335,1,1,1,36138,37781,1643,67,71,3,inferred_uniform_text_timing,ffmpeg_audio_sample_rate,video_frame_index_and_fps
'-RfYyzHpjk4_11,'-RfYyzHpjk4,11,23,2.3613333333333335,2.4640000000000004,0,1,1,37781,39424,1643,70,74,3,inferred_uniform_text_timing,ffmpeg_audio_sample_rate,video_frame_index_and_fps
'-RfYyzHpjk4_11,'-RfYyzHpjk4,11,24,2.4640000000000004,2.566666666666667,1,1,1,39424,41066,1642,73,77,3,inferred_uniform_text_timing,ffmpeg_audio_sample_rate,video_frame_index_and_fps
'-RfYyzHpjk4_11,'-RfYyzHpjk4,11,25,2.566666666666667,2.6693333333333333,0,1,1,41066,42709,1643,77,81,4,inferred_uniform_text_timing,ffmpeg_audio_sample_rate,video_frame_index_and_fps
'-RfYyzHpjk4_11,'-RfYyzHpjk4,11,26,2.6693333333333333,2.7720000000000002,0,1,1,42709,44352,1643,80,84,3,inferred_uniform_text_timing,ffmpeg_audio_sample_rate,video_frame_index_and_fps
'-RfYyzHpjk4_11,'-RfYyzHpjk4,11,27,2.7720000000000002,2.874666666666667,1,1,1,44352,45994,1642,83,87,3,inferred_uniform_text_timing,ffmpeg_audio_sample_rate,video_frame_index_and_fps
'-RfYyzHpjk4_11,'-RfYyzHpjk4,11,28,2.874666666666667,2.9773333333333336,0,1,1,45994,47637,1643,86,90,3,inferred_uniform_text_timing,ffmpeg_audio_sample_rate,video_frame_index_and_fps
'-RfYyzHpjk4_11,'-RfYyzHpjk4,11,29,2.9773333333333336,3.08,0,1,1,47637,49280,1643,89,93,3,inferred_uniform_text_timing,ffmpeg_audio_sample_rate,video_frame_index_and_fps
'-RfYyzHpjk4_11,'-RfYyzHpjk4,11,30,3.08,3.182666666666667,1,1,1,49280,50922,1642,92,96,3,inferred_uniform_text_timing,ffmpeg_audio_sample_rate,video_frame_index_and_fps
'-RfYyzHpjk4_11,'-RfYyzHpjk4,11,31,3.182666666666667,3.2853333333333334,0,1,1,50922,52565,1643,95,99,3,inferred_uniform_text_timing,ffmpeg_audio_sample_rate,video_frame_index_and_fps
'-RfYyzHpjk4_11,'-RfYyzHpjk4,11,32,3.2853333333333334,3.388,1,1,1,52565,54208,1643,98,102,3,inferred_uniform_text_timing,ffmpeg_audio_sample_rate,video_frame_index_and_fps
'-RfYyzHpjk4_11,'-RfYyzHpjk4,11,33,3.388,3.4906666666666673,0,1,1,54208,55850,1642,101,105,3,inferred_uniform_text_timing,ffmpeg_audio_sample_rate,video_frame_index_and_fps
'-RfYyzHpjk4_11,'-RfYyzHpjk4,11,34,3.4906666666666673,3.5933333333333337,0,1,1,55850,57493,1643,104,108,3,inferred_uniform_text_timing,ffmpeg_audio_sample_rate,video_frame_index_and_fps
'-RfYyzHpjk4_11,'-RfYyzHpjk4,11,35,3.5933333333333337,3.696,1,1,1,57493,59136,1643,107,111,3,inferred_uniform_text_timing,ffmpeg_audio_sample_rate,video_frame_index_and_fps
'-RfYyzHpjk4_11,'-RfYyzHpjk4,11,36,3.696,3.7986666666666666,0,1,1,59136,60778,1642,110,114,3,inferred_uniform_text_timing,ffmpeg_audio_sample_rate,video_frame_index_and_fps
'-RfYyzHpjk4_11,'-RfYyzHpjk4,11,37,3.7986666666666666,3.901333333333334,0,1,1,60778,62421,1643,113,118,4,inferred_uniform_text_timing,ffmpeg_audio_sample_rate,video_frame_index_and_fps
'-RfYyzHpjk4_11,'-RfYyzHpjk4,11,38,3.901333333333334,4.0040000000000004,1,1,1,62421,64064,1643,117,121,3,inferred_uniform_text_timing,ffmpeg_audio_sample_rate,video_frame_index_and_fps
'-RfYyzHpjk4_11,'-RfYyzHpjk4,11,39,4.0040000000000004,4.1066666666666665,0,1,1,64064,65706,1642,120,124,3,inferred_uniform_text_timing,ffmpeg_audio_sample_rate,video_frame_index_and_fps
'-RfYyzHpjk4_11,'-RfYyzHpjk4,11,40,4.1066666666666665,4.209333333333334,1,1,1,65706,67349,1643,123,127,3,inferred_uniform_text_timing,ffmpeg_audio_sample_rate,video_frame_index_and_fps
'-RfYyzHpjk4_11,'-RfYyzHpjk4,11,41,4.209333333333334,4.312,0,1,1,67349,68992,1643,126,130,3,inferred_uniform_text_timing,ffmpeg_audio_sample_rate,video_frame_index_and_fps
'-RfYyzHpjk4_11,'-RfYyzHpjk4,11,42,4.312,4.414666666666667,0,1,1,68992,70634,1642,129,133,3,inferred_uniform_text_timing,ffmpeg_audio_sample_rate,video_frame_index_and_fps
'-RfYyzHpjk4_11,'-RfYyzHpjk4,11,43,4.414666666666667,4.517333333333333,1,1,1,70634,72277,1643,132,136,3,inferred_uniform_text_timing,ffmpeg_audio_sample_rate,video_frame_index_and_fps
'-RfYyzHpjk4_11,'-RfYyzHpjk4,11,44,4.517333333333333,4.620000000000001,0,1,1,72277,73920,1643,135,139,3,inferred_uniform_text_timing,ffmpeg_audio_sample_rate,video_frame_index_and_fps
'-RfYyzHpjk4_11,'-RfYyzHpjk4,11,45,4.620000000000001,4.722666666666667,0,1,1,73920,75562,1642,138,142,3,inferred_uniform_text_timing,ffmpeg_audio_sample_rate,video_frame_index_and_fps
'-RfYyzHpjk4_11,'-RfYyzHpjk4,11,46,4.722666666666667,4.825333333333334,1,1,1,75562,77205,1643,141,145,3,inferred_uniform_text_timing,ffmpeg_audio_sample_rate,video_frame_index_and_fps
'-RfYyzHpjk4_11,'-RfYyzHpjk4,11,47,4.825333333333334,4.928000000000001,0,1,1,77205,78848,1643,144,148,3,inferred_uniform_text_timing,ffmpeg_audio_sample_rate,video_frame_index_and_fps
'-RfYyzHpjk4_11,'-RfYyzHpjk4,11,48,4.928000000000001,5.030666666666667,1,1,1,78848,80490,1642,147,151,3,inferred_uniform_text_timing,ffmpeg_audio_sample_rate,video_frame_index_and_fps
'-RfYyzHpjk4_11,'-RfYyzHpjk4,11,49,5.030666666666667,5.133333333333334,0,1,1,80490,82133,708,150,154,3,inferred_uniform_text_timing,ffmpeg_audio_sample_rate,video_frame_index_and_fps
'-RfYyzHpjk4_8,'-RfYyzHpjk4,8,0,0.0,0.09133333333333332,0,1,1,0,1461,1461,0,3,3,inferred_uniform_text_timing,ffmpeg_audio_sample_rate,video_frame_index_and_fps
'-RfYyzHpjk4_8,'-RfYyzHpjk4,8,1,0.09133333333333332,0.18266666666666664,1,1,1,1461,2922,1461,2,6,3,inferred_uniform_text_timing,ffmpeg_audio_sample_rate,video_frame_index_and_fps
'-RfYyzHpjk4_8,'-RfYyzHpjk4,8,2,0.18266666666666664,0.27399999999999997,0,1,1,2922,4383,1461,5,9,3,inferred_uniform_text_timing,ffmpeg_audio_sample_rate,video_frame_index_and_fps
'-RfYyzHpjk4_8,'-RfYyzHpjk4,8,3,0.27399999999999997,0.3653333333333333,1,1,1,4383,5845,1462,8,11,2,inferred_uniform_text_timing,ffmpeg_audio_sample_rate,video_frame_index_and_fps
'-RfYyzHpjk4_8,'-RfYyzHpjk4,8,4,0.3653333333333333,0.45666666666666667,0,1,1,5845,7306,1461,10,14,3,inferred_uniform_text_timing,ffmpeg_audio_sample_rate,video_frame_index_and_fps
'-RfYyzHpjk4_8,'-RfYyzHpjk4,8,5,0.45666666666666667,0.5479999999999999,0,1,1,7306,8767,1461,13,17,3,inferred_uniform_text_timing,ffmpeg_audio_sample_rate,video_frame_index_and_fps
'-RfYyzHpjk4_8,'-RfYyzHpjk4,8,6,0.5479999999999999,0.6393333333333333,1,1,1,8767,10229,1462,16,20,3,inferred_uniform_text_timing,ffmpeg_audio_sample_rate,video_frame_index_and_fps
'-RfYyzHpjk4_8,'-RfYyzHpjk4,8,7,0.6393333333333333,0.7306666666666666,0,1,1,10229,11690,1461,19,22,2,inferred_uniform_text_timing,ffmpeg_audio_sample_rate,video_frame_index_and_fps
'-RfYyzHpjk4_8,'-RfYyzHpjk4,8,8,0.7306666666666666,0.8219999999999998,0,1,1,11690,13151,1461,21,25,3,inferred_uniform_text_timing,ffmpeg_audio_sample_rate,video_frame_index_and_fps
'-RfYyzHpjk4_8,'-RfYyzHpjk4,8,9,0.8219999999999998,0.9133333333333333,1,1,1,13151,14613,1462,24,28,3,inferred_uniform_text_timing,ffmpeg_audio_sample_rate,video_frame_index_and_fps
'-RfYyzHpjk4_8,'-RfYyzHpjk4,8,10,0.9133333333333333,1.0046666666666666,0,1,1,14613,16074,1461,27,31,3,inferred_uniform_text_timing,ffmpeg_audio_sample_rate,video_frame_index_and_fps
'-RfYyzHpjk4_8,'-RfYyzHpjk4,8,11,1.0046666666666666,1.0959999999999999,1,1,1,16074,17535,1461,30,33,2,inferred_uniform_text_timing,ffmpeg_audio_sample_rate,video_frame_index_and_fps
'-RfYyzHpjk4_8,'-RfYyzHpjk4,8,12,1.0959999999999999,1.1873333333333331,0,1,1,17535,18997,1462,32,36,3,inferred_uniform_text_timing,ffmpeg_audio_sample_rate,video_frame_index_and_fps
'-RfYyzHpjk4_8,'-RfYyzHpjk4,8,13,1.1873333333333331,1.2786666666666666,0,1,1,18997,20458,1461,35,39,3,inferred_uniform_text_timing,ffmpeg_audio_sample_rate,video_frame_index_and_fps
'-RfYyzHpjk4_8,'-RfYyzHpjk4,8,14,1.2786666666666666,1.37,1,1,1,20458,21920,1462,38,42,3,inferred_uniform_text_timing,ffmpeg_audio_sample_rate,video_frame_index_and_fps
'-RfYyzHpjk4_8,'-RfYyzHpjk4,8,15,1.37,1.4613333333333332,0,1,1,21920,23381,1461,41,44,2,inferred_uniform_text_timing,ffmpeg_audio_sample_rate,video_frame_index_and_fps
'-RfYyzHpjk4_8,'-RfYyzHpjk4,8,16,1.4613333333333332,1.5526666666666664,0,1,1,23381,24842,1461,43,47,3,inferred_uniform_text_timing,ffmpeg_audio_sample_rate,video_frame_index_and_fps
'-RfYyzHpjk4_8,'-RfYyzHpjk4,8,17,1.5526666666666664,1.6439999999999997,1,1,1,24842,26303,1461,46,50,3,inferred_uniform_text_timing,ffmpeg_audio_sample_rate,video_frame_index_and_fps
'-RfYyzHpjk4_8,'-RfYyzHpjk4,8,18,1.6439999999999997,1.7353333333333334,0,1,1,26303,27765,1462,49,53,3,inferred_uniform_text_timing,ffmpeg_audio_sample_rate,video_frame_index_and_fps
'-RfYyzHpjk4_8,'-RfYyzHpjk4,8,19,1.7353333333333334,1.8266666666666667,1,1,1,27765,29226,1461,52,55,2,inferred_uniform_text_timing,ffmpeg_audio_sample_rate,video_frame_index_and_fps
'-RfYyzHpjk4_8,'-RfYyzHpjk4,8,20,1.8266666666666667,1.918,0,1,1,29226,30688,1462,54,58,3,inferred_uniform_text_timing,ffmpeg_audio_sample_rate,video_frame_index_and_fps
'-RfYyzHpjk4_8,'-RfYyzHpjk4,8,21,1.918,2.009333333333333,0,1,1,30688,32149,1461,57,61,3,inferred_uniform_text_timing,ffmpeg_audio_sample_rate,video_frame_index_and_fps
'-RfYyzHpjk4_8,'-RfYyzHpjk4,8,22,2.009333333333333,2.1006666666666667,1,1,1,32149,33610,1461,60,64,3,inferred_uniform_text_timing,ffmpeg_audio_sample_rate,video_frame_index_and_fps
'-RfYyzHpjk4_8,'-RfYyzHpjk4,8,23,2.1006666666666667,2.1919999999999997,0,1,1,33610,35071,1461,63,66,2,inferred_uniform_text_timing,ffmpeg_audio_sample_rate,video_frame_index_and_fps
'-RfYyzHpjk4_8,'-RfYyzHpjk4,8,24,2.1919999999999997,2.283333333333333,0,1,1,35071,36533,1462,65,69,3,inferred_uniform_text_timing,ffmpeg_audio_sample_rate,video_frame_index_and_fps
'-RfYyzHpjk4_8,'-RfYyzHpjk4,8,25,2.283333333333333,2.3746666666666663,1,1,1,36533,37994,1461,68,72,3,inferred_uniform_text_timing,ffmpeg_audio_sample_rate,video_frame_index_and_fps
'-RfYyzHpjk4_8,'-RfYyzHpjk4,8,26,2.3746666666666663,2.4659999999999997,0,1,1,37994,39455,1461,71,74,2,inferred_uniform_text_timing,ffmpeg_audio_sample_rate,video_frame_index_and_fps
'-RfYyzHpjk4_8,'-RfYyzHpjk4,8,27,2.4659999999999997,2.5573333333333332,1,1,1,39455,40917,1462,73,77,3,inferred_uniform_text_timing,ffmpeg_audio_sample_rate,video_frame_index_and_fps
'-RfYyzHpjk4_8,'-RfYyzHpjk4,8,28,2.5573333333333332,2.6486666666666667,0,1,1,40917,42378,1461,76,80,3,inferred_uniform_text_timing,ffmpeg_audio_sample_rate,video_frame_index_and_fps
'-RfYyzHpjk4_8,'-RfYyzHpjk4,8,29,2.6486666666666667,2.74,0,1,1,42378,43840,1462,79,83,3,inferred_uniform_text_timing,ffmpeg_audio_sample_rate,video_frame_index_and_fps
'-RfYyzHpjk4_8,'-RfYyzHpjk4,8,30,2.74,2.8313333333333333,1,1,1,43840,45301,1461,82,85,2,inferred_uniform_text_timing,ffmpeg_audio_sample_rate,video_frame_index_and_fps
'-RfYyzHpjk4_8,'-RfYyzHpjk4,8,31,2.8313333333333333,2.9226666666666663,0,1,1,45301,46762,1461,84,88,3,inferred_uniform_text_timing,ffmpeg_audio_sample_rate,video_frame_index_and_fps
'-RfYyzHpjk4_8,'-RfYyzHpjk4,8,32,2.9226666666666663,3.014,1,1,1,46762,48224,1462,87,91,3,inferred_uniform_text_timing,ffmpeg_audio_sample_rate,video_frame_index_and_fps
'-RfYyzHpjk4_8,'-RfYyzHpjk4,8,33,3.014,3.105333333333333,0,1,1,48224,49685,1461,90,94,3,inferred_uniform_text_timing,ffmpeg_audio_sample_rate,video_frame_index_and_fps
'-RfYyzHpjk4_8,'-RfYyzHpjk4,8,34,3.105333333333333,3.1966666666666663,0,1,1,49685,51146,1461,93,96,2,inferred_uniform_text_timing,ffmpeg_audio_sample_rate,video_frame_index_and_fps
'-RfYyzHpjk4_8,'-RfYyzHpjk4,8,35,3.1966666666666663,3.2879999999999994,1,1,1,51146,52607,1461,95,99,3,inferred_uniform_text_timing,ffmpeg_audio_sample_rate,video_frame_index_and_fps
'-RfYyzHpjk4_8,'-RfYyzHpjk4,8,36,3.2879999999999994,3.3793333333333333,0,1,1,52607,54069,1462,98,102,3,inferred_uniform_text_timing,ffmpeg_audio_sample_rate,video_frame_index_and_fps
'-RfYyzHpjk4_8,'-RfYyzHpjk4,8,37,3.3793333333333333,3.470666666666667,0,1,1,54069,55530,1461,101,105,3,inferred_uniform_text_timing,ffmpeg_audio_sample_rate,video_frame_index_and_fps
'-RfYyzHpjk4_8,'-RfYyzHpjk4,8,38,3.470666666666667,3.562,1,1,1,55530,56992,1462,104,107,2,inferred_uniform_text_timing,ffmpeg_audio_sample_rate,video_frame_index_and_fps
'-RfYyzHpjk4_8,'-RfYyzHpjk4,8,39,3.562,3.6533333333333333,0,1,1,56992,58453,1461,106,110,3,inferred_uniform_text_timing,ffmpeg_audio_sample_rate,video_frame_index_and_fps
'-RfYyzHpjk4_8,'-RfYyzHpjk4,8,40,3.6533333333333333,3.7446666666666664,1,1,1,58453,59914,1461,109,113,3,inferred_uniform_text_timing,ffmpeg_audio_sample_rate,video_frame_index_and_fps
'-RfYyzHpjk4_8,'-RfYyzHpjk4,8,41,3.7446666666666664,3.836,0,1,1,59914,61376,1462,112,116,3,inferred_uniform_text_timing,ffmpeg_audio_sample_rate,video_frame_index_and_fps
'-RfYyzHpjk4_8,'-RfYyzHpjk4,8,42,3.836,3.927333333333333,0,1,1,61376,62837,1461,115,118,2,inferred_uniform_text_timing,ffmpeg_audio_sample_rate,video_frame_index_and_fps
'-RfYyzHpjk4_8,'-RfYyzHpjk4,8,43,3.927333333333333,4.018666666666666,1,1,1,62837,64298,1461,117,121,3,inferred_uniform_text_timing,ffmpeg_audio_sample_rate,video_frame_index_and_fps
'-RfYyzHpjk4_8,'-RfYyzHpjk4,8,44,4.018666666666666,4.11,0,1,1,64298,65760,1462,120,124,3,inferred_uniform_text_timing,ffmpeg_audio_sample_rate,video_frame_index_and_fps
'-RfYyzHpjk4_8,'-RfYyzHpjk4,8,45,4.11,4.201333333333333,0,1,1,65760,67221,1461,123,127,3,inferred_uniform_text_timing,ffmpeg_audio_sample_rate,video_frame_index_and_fps
'-RfYyzHpjk4_8,'-RfYyzHpjk4,8,46,4.201333333333333,4.292666666666666,1,1,1,67221,68682,1461,126,129,2,inferred_uniform_text_timing,ffmpeg_audio_sample_rate,video_frame_index_and_fps
'-RfYyzHpjk4_8,'-RfYyzHpjk4,8,47,4.292666666666666,4.3839999999999995,0,1,1,68682,70143,1461,128,132,3,inferred_uniform_text_timing,ffmpeg_audio_sample_rate,video_frame_index_and_fps
'-RfYyzHpjk4_8,'-RfYyzHpjk4,8,48,4.3839999999999995,4.475333333333333,1,1,1,70143,71605,1462,131,135,3,inferred_uniform_text_timing,ffmpeg_audio_sample_rate,video_frame_index_and_fps
'-RfYyzHpjk4_8,'-RfYyzHpjk4,8,49,4.475333333333333,4.566666666666666,0,1,1,71605,73066,913,134,137,2,inferred_uniform_text_timing,ffmpeg_audio_sample_rate,video_frame_index_and_fps
'-RfYyzHpjk4_2,'-RfYyzHpjk4,2,0,0.0,0.10933333333333334,1,1,1,0,1749,1749,0,4,4,inferred_uniform_text_timing,ffmpeg_audio_sample_rate,video_frame_index_and_fps
'-RfYyzHpjk4_2,'-RfYyzHpjk4,2,1,0.10933333333333334,0.21866666666666668,0,1,1,1749,3498,1749,3,7,3,inferred_uniform_text_timing,ffmpeg_audio_sample_rate,video_frame_index_and_fps
'-RfYyzHpjk4_2,'-RfYyzHpjk4,2,2,0.21866666666666668,0.32799999999999996,1,1,1,3498,5247,1749,6,10,3,inferred_uniform_text_timing,ffmpeg_audio_sample_rate,video_frame_index_and_fps
'-RfYyzHpjk4_2,'-RfYyzHpjk4,2,3,0.32799999999999996,0.43733333333333335,0,1,1,5247,6997,1750,9,14,4,inferred_uniform_text_timing,ffmpeg_audio_sample_rate,video_frame_index_and_fps
'-RfYyzHpjk4_2,'-RfYyzHpjk4,2,4,0.43733333333333335,0.5466666666666667,1,1,1,6997,8746,1749,13,17,3,inferred_uniform_text_timing,ffmpeg_audio_sample_rate,video_frame_index_and_fps
'-RfYyzHpjk4_2,'-RfYyzHpjk4,2,5,0.5466666666666667,0.6559999999999999,0,1,1,8746,10495,1749,16,20,3,inferred_uniform_text_timing,ffmpeg_audio_sample_rate,video_frame_index_and_fps
'-RfYyzHpjk4_2,'-RfYyzHpjk4,2,6,0.6559999999999999,0.7653333333333333,1,1,1,10495,12245,1750,19,23,3,inferred_uniform_text_timing,ffmpeg_audio_sample_rate,video_frame_index_and_fps
'-RfYyzHpjk4_2,'-RfYyzHpjk4,2,7,0.7653333333333333,0.8746666666666667,0,1,1,12245,13994,1749,22,27,4,inferred_uniform_text_timing,ffmpeg_audio_sample_rate,video_frame_index_and_fps
'-RfYyzHpjk4_2,'-RfYyzHpjk4,2,8,0.8746666666666667,0.9840000000000001,1,1,1,13994,15744,1750,26,30,3,inferred_uniform_text_timing,ffmpeg_audio_sample_rate,video_frame_index_and_fps
'-RfYyzHpjk4_2,'-RfYyzHpjk4,2,9,0.9840000000000001,1.0933333333333335,0,1,1,15744,17493,1749,29,33,3,inferred_uniform_text_timing,ffmpeg_audio_sample_rate,video_frame_index_and_fps
'-RfYyzHpjk4_2,'-RfYyzHpjk4,2,10,1.0933333333333335,1.2026666666666666,1,1,1,17493,19242,1749,32,37,4,inferred_uniform_text_timing,ffmpeg_audio_sample_rate,video_frame_index_and_fps
'-RfYyzHpjk4_2,'-RfYyzHpjk4,2,11,1.2026666666666666,1.3119999999999998,0,1,1,19242,20991,1749,36,40,3,inferred_uniform_text_timing,ffmpeg_audio_sample_rate,video_frame_index_and_fps
'-RfYyzHpjk4_2,'-RfYyzHpjk4,2,12,1.3119999999999998,1.4213333333333333,1,1,1,20991,22741,1750,39,43,3,inferred_uniform_text_timing,ffmpeg_audio_sample_rate,video_frame_index_and_fps
'-RfYyzHpjk4_2,'-RfYyzHpjk4,2,13,1.4213333333333333,1.5306666666666666,1,1,1,22741,24490,1749,42,46,3,inferred_uniform_text_timing,ffmpeg_audio_sample_rate,video_frame_index_and_fps
'-RfYyzHpjk4_2,'-RfYyzHpjk4,2,14,1.5306666666666666,1.64,0,1,1,24490,26240,1750,45,50,4,inferred_uniform_text_timing,ffmpeg_audio_sample_rate,video_frame_index_and_fps
'-RfYyzHpjk4_2,'-RfYyzHpjk4,2,15,1.64,1.7493333333333334,1,1,1,26240,27989,1749,49,53,3,inferred_uniform_text_timing,ffmpeg_audio_sample_rate,video_frame_index_and_fps
'-RfYyzHpjk4_2,'-RfYyzHpjk4,2,16,1.7493333333333334,1.8586666666666667,0,1,1,27989,29738,1749,52,56,3,inferred_uniform_text_timing,ffmpeg_audio_sample_rate,video_frame_index_and_fps
'-RfYyzHpjk4_2,'-RfYyzHpjk4,2,17,1.8586666666666667,1.9680000000000002,1,1,1,29738,31488,1750,55,60,4,inferred_uniform_text_timing,ffmpeg_audio_sample_rate,video_frame_index_and_fps
'-RfYyzHpjk4_2,'-RfYyzHpjk4,2,18,1.9680000000000002,2.0773333333333337,0,1,1,31488,33237,1749,59,63,3,inferred_uniform_text_timing,ffmpeg_audio_sample_rate,video_frame_index_and_fps
'-RfYyzHpjk4_2,'-RfYyzHpjk4,2,19,2.0773333333333337,2.186666666666667,1,1,1,33237,34986,1749,62,66,3,inferred_uniform_text_timing,ffmpeg_audio_sample_rate,video_frame_index_and_fps
'-RfYyzHpjk4_2,'-RfYyzHpjk4,2,20,2.186666666666667,2.296,0,1,1,34986,36736,1750,65,69,3,inferred_uniform_text_timing,ffmpeg_audio_sample_rate,video_frame_index_and_fps
'-RfYyzHpjk4_2,'-RfYyzHpjk4,2,21,2.296,2.405333333333333,1,1,1,36736,38485,1749,68,73,4,inferred_uniform_text_timing,ffmpeg_audio_sample_rate,video_frame_index_and_fps
'-RfYyzHpjk4_2,'-RfYyzHpjk4,2,22,2.405333333333333,2.514666666666667,0,1,1,38485,40234,1749,72,76,3,inferred_uniform_text_timing,ffmpeg_audio_sample_rate,video_frame_index_and_fps
'-RfYyzHpjk4_2,'-RfYyzHpjk4,2,23,2.514666666666667,2.6239999999999997,1,1,1,40234,41983,1749,75,79,3,inferred_uniform_text_timing,ffmpeg_audio_sample_rate,video_frame_index_and_fps
'-RfYyzHpjk4_2,'-RfYyzHpjk4,2,24,2.6239999999999997,2.733333333333333,0,1,1,41983,43733,1750,78,82,3,inferred_uniform_text_timing,ffmpeg_audio_sample_rate,video_frame_index_and_fps
'-RfYyzHpjk4_2,'-RfYyzHpjk4,2,25,2.733333333333333,2.8426666666666667,1,1,1,43733,45482,1749,81,86,4,inferred_uniform_text_timing,ffmpeg_audio_sample_rate,video_frame_index_and_fps
'-RfYyzHpjk4_2,'-RfYyzHpjk4,2,26,2.8426666666666667,2.952,1,1,1,45482,47232,1750,85,89,3,inferred_uniform_text_timing,ffmpeg_audio_sample_rate,video_frame_index_and_fps
'-RfYyzHpjk4_2,'-RfYyzHpjk4,2,27,2.952,3.0613333333333332,0,1,1,47232,48981,1749,88,92,3,inferred_uniform_text_timing,ffmpeg_audio_sample_rate,video_frame_index_and_fps
'-RfYyzHpjk4_2,'-RfYyzHpjk4,2,28,3.0613333333333332,3.1706666666666665,1,1,1,48981,50730,1749,91,96,4,inferred_uniform_text_timing,ffmpeg_audio_sample_rate,video_frame_index_and_fps
'-RfYyzHpjk4_2,'-RfYyzHpjk4,2,29,3.1706666666666665,3.28,0,1,1,50730,52480,1750,95,99,3,inferred_uniform_text_timing,ffmpeg_audio_sample_rate,video_frame_index_and_fps
'-RfYyzHpjk4_2,'-RfYyzHpjk4,2,30,3.28,3.3893333333333335,1,1,1,52480,54229,1749,98,102,3,inferred_uniform_text_timing,ffmpeg_audio_sample_rate,video_frame_index_and_fps
'-RfYyzHpjk4_2,'-RfYyzHpjk4,2,31,3.3893333333333335,3.498666666666667,0,1,1,54229,55978,1749,101,105,3,inferred_uniform_text_timing,ffmpeg_audio_sample_rate,video_frame_index_and_fps
'-RfYyzHpjk4_2,'-RfYyzHpjk4,2,32,3.498666666666667,3.608,1,1,1,55978,57728,1750,104,109,4,inferred_uniform_text_timing,ffmpeg_audio_sample_rate,video_frame_index_and_fps
'-RfYyzHpjk4_2,'-RfYyzHpjk4,2,33,3.608,3.7173333333333334,0,1,1,57728,59477,1749,108,112,3,inferred_uniform_text_timing,ffmpeg_audio_sample_rate,video_frame_index_and_fps
'-RfYyzHpjk4_2,'-RfYyzHpjk4,2,34,3.7173333333333334,3.8266666666666667,1,1,1,59477,61226,1749,111,115,3,inferred_uniform_text_timing,ffmpeg_audio_sample_rate,video_frame_index_and_fps
'-RfYyzHpjk4_2,'-RfYyzHpjk4,2,35,3.8266666666666667,3.9360000000000004,0,1,1,61226,62976,1750,114,119,4,inferred_uniform_text_timing,ffmpeg_audio_sample_rate,video_frame_index_and_fps
'-RfYyzHpjk4_2,'-RfYyzHpjk4,2,36,3.9360000000000004,4.045333333333334,1,1,1,62976,64725,1749,118,122,3,inferred_uniform_text_timing,ffmpeg_audio_sample_rate,video_frame_index_and_fps
'-RfYyzHpjk4_2,'-RfYyzHpjk4,2,37,4.045333333333334,4.154666666666667,1,1,1,64725,66474,1749,121,125,3,inferred_uniform_text_timing,ffmpeg_audio_sample_rate,video_frame_index_and_fps
'-RfYyzHpjk4_2,'-RfYyzHpjk4,2,38,4.154666666666667,4.264,0,1,1,66474,68224,1750,124,128,3,inferred_uniform_text_timing,ffmpeg_audio_sample_rate,video_frame_index_and_fps
'-RfYyzHpjk4_2,'-RfYyzHpjk4,2,39,4.264,4.373333333333334,1,1,1,68224,69973,1749,127,132,4,inferred_uniform_text_timing,ffmpeg_audio_sample_rate,video_frame_index_and_fps
'-RfYyzHpjk4_2,'-RfYyzHpjk4,2,40,4.373333333333334,4.482666666666667,0,1,1,69973,71722,1749,131,135,3,inferred_uniform_text_timing,ffmpeg_audio_sample_rate,video_frame_index_and_fps
'-RfYyzHpjk4_2,'-RfYyzHpjk4,2,41,4.482666666666667,4.592,1,1,1,71722,73472,1750,134,138,3,inferred_uniform_text_timing,ffmpeg_audio_sample_rate,video_frame_index_and_fps
'-RfYyzHpjk4_2,'-RfYyzHpjk4,2,42,4.592,4.701333333333333,0,1,1,73472,75221,1749,137,142,4,inferred_uniform_text_timing,ffmpeg_audio_sample_rate,video_frame_index_and_fps
'-RfYyzHpjk4_2,'-RfYyzHpjk4,2,43,4.701333333333333,4.810666666666666,1,1,1,75221,76970,1749,141,145,3,inferred_uniform_text_timing,ffmpeg_audio_sample_rate,video_frame_index_and_fps
'-RfYyzHpjk4_2,'-RfYyzHpjk4,2,44,4.810666666666666,4.92,0,1,1,76970,78720,1750,144,148,3,inferred_uniform_text_timing,ffmpeg_audio_sample_rate,video_frame_index_and_fps
'-RfYyzHpjk4_2,'-RfYyzHpjk4,2,45,4.92,5.029333333333334,1,1,1,78720,80469,1749,147,151,3,inferred_uniform_text_timing,ffmpeg_audio_sample_rate,video_frame_index_and_fps
'-RfYyzHpjk4_2,'-RfYyzHpjk4,2,46,5.029333333333334,5.1386666666666665,0,1,1,80469,82218,1749,150,155,4,inferred_uniform_text_timing,ffmpeg_audio_sample_rate,video_frame_index_and_fps
'-RfYyzHpjk4_2,'-RfYyzHpjk4,2,47,5.1386666666666665,5.247999999999999,1,1,1,82218,83967,1749,154,158,3,inferred_uniform_text_timing,ffmpeg_audio_sample_rate,video_frame_index_and_fps
'-RfYyzHpjk4_2,'-RfYyzHpjk4,2,48,5.247999999999999,5.357333333333333,0,1,1,83967,85717,1750,157,161,3,inferred_uniform_text_timing,ffmpeg_audio_sample_rate,video_frame_index_and_fps
'-RfYyzHpjk4_2,'-RfYyzHpjk4,2,49,5.357333333333333,5.466666666666666,1,1,1,85717,87466,552,160,164,3,inferred_uniform_text_timing,ffmpeg_audio_sample_rate,video_frame_index_and_fps
'-UUCSKoHeMA_0,'-UUCSKoHeMA,0,0,0.0,0.156,0,1,1,0,2496,2496,0,5,5,inferred_uniform_text_timing,ffmpeg_audio_sample_rate,video_frame_index_and_fps
'-UUCSKoHeMA_0,'-UUCSKoHeMA,0,1,0.156,0.312,1,1,1,2496,4992,2496,4,10,5,inferred_uniform_text_timing,ffmpeg_audio_sample_rate,video_frame_index_and_fps
'-UUCSKoHeMA_0,'-UUCSKoHeMA,0,2,0.312,0.46799999999999997,0,1,1,4992,7488,2496,9,15,5,inferred_uniform_text_timing,ffmpeg_audio_sample_rate,video_frame_index_and_fps
'-UUCSKoHeMA_0,'-UUCSKoHeMA,0,3,0.46799999999999997,0.624,1,1,1,7488,9984,2496,14,19,4,inferred_uniform_text_timing,ffmpeg_audio_sample_rate,video_frame_index_and_fps
'-UUCSKoHeMA_0,'-UUCSKoHeMA,0,4,0.624,0.78,0,1,1,9984,12480,2496,18,24,5,inferred_uniform_text_timing,ffmpeg_audio_sample_rate,video_frame_index_and_fps
'-UUCSKoHeMA_0,'-UUCSKoHeMA,0,5,0.78,0.9359999999999999,1,1,1,12480,14976,2496,23,29,5,inferred_uniform_text_timing,ffmpeg_audio_sample_rate,video_frame_index_and_fps
'-UUCSKoHeMA_0,'-UUCSKoHeMA,0,6,0.9359999999999999,1.092,0,1,1,14976,17472,2496,28,33,4,inferred_uniform_text_timing,ffmpeg_audio_sample_rate,video_frame_index_and_fps
'-UUCSKoHeMA_0,'-UUCSKoHeMA,0,7,1.092,1.248,1,1,1,17472,19968,2496,32,38,5,inferred_uniform_text_timing,ffmpeg_audio_sample_rate,video_frame_index_and_fps
'-UUCSKoHeMA_0,'-UUCSKoHeMA,0,8,1.248,1.4040000000000001,0,1,1,19968,22464,2496,37,43,5,inferred_uniform_text_timing,ffmpeg_audio_sample_rate,video_frame_index_and_fps
'-UUCSKoHeMA_0,'-UUCSKoHeMA,0,9,1.4040000000000001,1.56,0,1,1,22464,24960,2496,42,47,4,inferred_uniform_text_timing,ffmpeg_audio_sample_rate,video_frame_index_and_fps
'-UUCSKoHeMA_0,'-UUCSKoHeMA,0,10,1.56,1.716,1,1,1,24960,27456,2496,46,52,5,inferred_uniform_text_timing,ffmpeg_audio_sample_rate,video_frame_index_and_fps
'-UUCSKoHeMA_0,'-UUCSKoHeMA,0,11,1.716,1.8719999999999999,0,1,1,27456,29952,2496,51,57,5,inferred_uniform_text_timing,ffmpeg_audio_sample_rate,video_frame_index_and_fps
'-UUCSKoHeMA_0,'-UUCSKoHeMA,0,12,1.8719999999999999,2.028,1,1,1,29952,32448,2496,56,61,4,inferred_uniform_text_timing,ffmpeg_audio_sample_rate,video_frame_index_and_fps
'-UUCSKoHeMA_0,'-UUCSKoHeMA,0,13,2.028,2.184,0,1,1,32448,34944,2496,60,66,5,inferred_uniform_text_timing,ffmpeg_audio_sample_rate,video_frame_index_and_fps
'-UUCSKoHeMA_0,'-UUCSKoHeMA,0,14,2.184,2.34,1,1,1,34944,37440,2496,65,71,5,inferred_uniform_text_timing,ffmpeg_audio_sample_rate,video_frame_index_and_fps
'-UUCSKoHeMA_0,'-UUCSKoHeMA,0,15,2.34,2.496,0,1,1,37440,39936,2496,70,75,4,inferred_uniform_text_timing,ffmpeg_audio_sample_rate,video_frame_index_and_fps
'-UUCSKoHeMA_0,'-UUCSKoHeMA,0,16,2.496,2.6519999999999997,0,1,1,39936,42431,2495,74,80,5,inferred_uniform_text_timing,ffmpeg_audio_sample_rate,video_frame_index_and_fps
'-UUCSKoHeMA_0,'-UUCSKoHeMA,0,17,2.6519999999999997,2.8080000000000003,1,1,1,42431,44928,2497,79,85,5,inferred_uniform_text_timing,ffmpeg_audio_sample_rate,video_frame_index_and_fps
'-UUCSKoHeMA_0,'-UUCSKoHeMA,0,18,2.8080000000000003,2.964,0,1,1,44928,47424,2496,84,89,4,inferred_uniform_text_timing,ffmpeg_audio_sample_rate,video_frame_index_and_fps
'-UUCSKoHeMA_0,'-UUCSKoHeMA,0,19,2.964,3.12,1,1,1,47424,49920,2496,88,94,5,inferred_uniform_text_timing,ffmpeg_audio_sample_rate,video_frame_index_and_fps
'-UUCSKoHeMA_0,'-UUCSKoHeMA,0,20,3.12,3.276,0,1,1,49920,52416,2496,93,99,5,inferred_uniform_text_timing,ffmpeg_audio_sample_rate,video_frame_index_and_fps
'-UUCSKoHeMA_0,'-UUCSKoHeMA,0,21,3.276,3.432,1,1,1,52416,54912,2496,98,103,4,inferred_uniform_text_timing,ffmpeg_audio_sample_rate,video_frame_index_and_fps
'-UUCSKoHeMA_0,'-UUCSKoHeMA,0,22,3.432,3.588,0,1,1,54912,57408,2496,102,108,5,inferred_uniform_text_timing,ffmpeg_audio_sample_rate,video_frame_index_and_fps
'-UUCSKoHeMA_0,'-UUCSKoHeMA,0,23,3.588,3.7439999999999998,1,1,1,57408,59904,2496,107,113,5,inferred_uniform_text_timing,ffmpeg_audio_sample_rate,video_frame_index_and_fps
'-UUCSKoHeMA_0,'-UUCSKoHeMA,0,24,3.7439999999999998,3.9,0,1,1,59904,62400,2496,112,117,4,inferred_uniform_text_timing,ffmpeg_audio_sample_rate,video_frame_index_and_fps
'-UUCSKoHeMA_0,'-UUCSKoHeMA,0,25,3.9,4.056,0,1,1,62400,64896,2496,117,122,5,inferred_uniform_text_timing,ffmpeg_audio_sample_rate,video_frame_index_and_fps
'-UUCSKoHeMA_0,'-UUCSKoHeMA,0,26,4.056,4.212,1,1,1,64896,67392,2496,121,127,5,inferred_uniform_text_timing,ffmpeg_audio_sample_rate,video_frame_index_and_fps
'-UUCSKoHeMA_0,'-UUCSKoHeMA,0,27,4.212,4.368,0,1,1,67392,69888,2496,126,132,5,inferred_uniform_text_timing,ffmpeg_audio_sample_rate,video_frame_index_and_fps
'-UUCSKoHeMA_0,'-UUCSKoHeMA,0,28,4.368,4.524,1,1,1,69888,72384,2496,131,136,4,inferred_uniform_text_timing,ffmpeg_audio_sample_rate,video_frame_index_and_fps
'-UUCSKoHeMA_0,'-UUCSKoHeMA,0,29,4.524,4.68,0,1,1,72384,74880,2496,135,141,5,inferred_uniform_text_timing,ffmpeg_audio_sample_rate,video_frame_index_and_fps
'-UUCSKoHeMA_0,'-UUCSKoHeMA,0,30,4.68,4.835999999999999,1,1,1,74880,77375,2495,140,146,5,inferred_uniform_text_timing,ffmpeg_audio_sample_rate,video_frame_index_and_fps
'-UUCSKoHeMA_0,'-UUCSKoHeMA,0,31,4.835999999999999,4.992,0,1,1,77375,79872,2497,145,150,4,inferred_uniform_text_timing,ffmpeg_audio_sample_rate,video_frame_index_and_fps
'-UUCSKoHeMA_0,'-UUCSKoHeMA,0,32,4.992,5.148,1,1,1,79872,82368,2496,149,155,5,inferred_uniform_text_timing,ffmpeg_audio_sample_rate,video_frame_index_and_fps
'-UUCSKoHeMA_0,'-UUCSKoHeMA,0,33,5.148,5.303999999999999,0,1,1,82368,84863,2495,154,160,5,inferred_uniform_text_timing,ffmpeg_audio_sample_rate,video_frame_index_and_fps
'-UUCSKoHeMA_0,'-UUCSKoHeMA,0,34,5.303999999999999,5.46,0,1,1,84863,87360,2497,159,164,4,inferred_uniform_text_timing,ffmpeg_audio_sample_rate,video_frame_index_and_fps
'-UUCSKoHeMA_0,'-UUCSKoHeMA,0,35,5.46,5.6160000000000005,1,1,1,87360,89856,2496,163,169,5,inferred_uniform_text_timing,ffmpeg_audio_sample_rate,video_frame_index_and_fps
'-UUCSKoHeMA_0,'-UUCSKoHeMA,0,36,5.6160000000000005,5.771999999999999,0,1,1,89856,92351,2495,168,174,5,inferred_uniform_text_timing,ffmpeg_audio_sample_rate,video_frame_index_and_fps
'-UUCSKoHeMA_0,'-UUCSKoHeMA,0,37,5.771999999999999,5.928,1,1,1,92351,94848,2497,173,178,4,inferred_uniform_text_timing,ffmpeg_audio_sample_rate,video_frame_index_and_fps
'-UUCSKoHeMA_0,'-UUCSKoHeMA,0,38,5.928,6.084,0,1,1,94848,97344,2496,177,183,5,inferred_uniform_text_timing,ffmpeg_audio_sample_rate,video_frame_index_and_fps
'-UUCSKoHeMA_0,'-UUCSKoHeMA,0,39,6.084,6.24,1,1,1,97344,99840,2496,182,188,5,inferred_uniform_text_timing,ffmpeg_audio_sample_rate,video_frame_index_and_fps
'-UUCSKoHeMA_0,'-UUCSKoHeMA,0,40,6.24,6.396,0,1,1,99840,102336,2496,187,192,4,inferred_uniform_text_timing,ffmpeg_audio_sample_rate,video_frame_index_and_fps
'-UUCSKoHeMA_0,'-UUCSKoHeMA,0,41,6.396,6.552,0,1,1,102336,104832,2496,191,197,5,inferred_uniform_text_timing,ffmpeg_audio_sample_rate,video_frame_index_and_fps
'-UUCSKoHeMA_0,'-UUCSKoHeMA,0,42,6.552,6.707999999999999,1,1,1,104832,107327,2495,196,202,5,inferred_uniform_text_timing,ffmpeg_audio_sample_rate,video_frame_index_and_fps
'-UUCSKoHeMA_0,'-UUCSKoHeMA,0,43,6.707999999999999,6.864,0,1,1,107327,109824,2497,201,206,4,inferred_uniform_text_timing,ffmpeg_audio_sample_rate,video_frame_index_and_fps
'-UUCSKoHeMA_0,'-UUCSKoHeMA,0,44,6.864,7.02,1,1,1,109824,112320,2496,205,211,5,inferred_uniform_text_timing,ffmpeg_audio_sample_rate,video_frame_index_and_fps
'-UUCSKoHeMA_0,'-UUCSKoHeMA,0,45,7.02,7.176,0,1,1,112320,114816,2496,210,216,5,inferred_uniform_text_timing,ffmpeg_audio_sample_rate,video_frame_index_and_fps
'-UUCSKoHeMA_0,'-UUCSKoHeMA,0,46,7.176,7.331999999999999,1,1,1,114816,117311,2495,215,220,4,inferred_uniform_text_timing,ffmpeg_audio_sample_rate,video_frame_index_and_fps
'-UUCSKoHeMA_0,'-UUCSKoHeMA,0,47,7.331999999999999,7.4879999999999995,0,1,1,117311,119808,2497,219,225,5,inferred_uniform_text_timing,ffmpeg_audio_sample_rate,video_frame_index_and_fps
'-UUCSKoHeMA_0,'-UUCSKoHeMA,0,48,7.4879999999999995,7.644,1,1,1,119808,122304,2496,224,230,5,inferred_uniform_text_timing,ffmpeg_audio_sample_rate,video_frame_index_and_fps
'-UUCSKoHeMA_0,'-UUCSKoHeMA,0,49,7.644,7.8,0,1,1,122304,124800,1412,229,234,4,inferred_uniform_text_timing,ffmpeg_audio_sample_rate,video_frame_index_and_fps
'-ri04Z7vwnc_0,'-ri04Z7vwnc,0,0,0.0,0.05588911954992968,0,1,1,0,894,894,0,2,2,inferred_uniform_text_timing,ffmpeg_audio_sample_rate,video_frame_index_and_fps
'-ri04Z7vwnc_0,'-ri04Z7vwnc,0,1,0.05588911954992968,0.11177823909985936,0,1,1,894,1788,894,1,3,1,inferred_uniform_text_timing,ffmpeg_audio_sample_rate,video_frame_index_and_fps
'-ri04Z7vwnc_0,'-ri04Z7vwnc,0,2,0.11177823909985936,0.16766735864978904,0,1,1,1788,2682,894,2,5,2,inferred_uniform_text_timing,ffmpeg_audio_sample_rate,video_frame_index_and_fps
'-ri04Z7vwnc_0,'-ri04Z7vwnc,0,3,0.16766735864978904,0.22355647819971872,1,1,1,2682,3576,894,4,6,1,inferred_uniform_text_timing,ffmpeg_audio_sample_rate,video_frame_index_and_fps
'-ri04Z7vwnc_0,'-ri04Z7vwnc,0,4,0.22355647819971872,0.2794455977496484,0,1,1,3576,4471,895,5,7,1,inferred_uniform_text_timing,ffmpeg_audio_sample_rate,video_frame_index_and_fps
'-ri04Z7vwnc_0,'-ri04Z7vwnc,0,5,0.2794455977496484,0.3353347172995781,0,1,1,4471,5365,894,6,9,2,inferred_uniform_text_timing,ffmpeg_audio_sample_rate,video_frame_index_and_fps
'-ri04Z7vwnc_0,'-ri04Z7vwnc,0,6,0.3353347172995781,0.3912238368495078,0,1,1,5365,6259,894,8,10,1,inferred_uniform_text_timing,ffmpeg_audio_sample_rate,video_frame_index_and_fps
'-ri04Z7vwnc_0,'-ri04Z7vwnc,0,7,0.3912238368495078,0.44711295639943743,0,1,1,6259,7153,894,9,11,1,inferred_uniform_text_timing,ffmpeg_audio_sample_rate,video_frame_index_and_fps
'-ri04Z7vwnc_0,'-ri04Z7vwnc,0,8,0.44711295639943743,0.5030020759493671,0,1,1,7153,8048,895,10,13,2,inferred_uniform_text_timing,ffmpeg_audio_sample_rate,video_frame_index_and_fps
'-ri04Z7vwnc_0,'-ri04Z7vwnc,0,9,0.5030020759493671,0.5588911954992968,1,1,1,8048,8942,894,12,14,1,inferred_uniform_text_timing,ffmpeg_audio_sample_rate,video_frame_index_and_fps
'-ri04Z7vwnc_0,'-ri04Z7vwnc,0,10,0.5588911954992968,0.6147803150492265,0,1,1,8942,9836,894,13,15,1,inferred_uniform_text_timing,ffmpeg_audio_sample_rate,video_frame_index_and_fps
'-ri04Z7vwnc_0,'-ri04Z7vwnc,0,11,0.6147803150492265,0.6706694345991562,0,1,1,9836,10730,894,14,17,2,inferred_uniform_text_timing,ffmpeg_audio_sample_rate,video_frame_index_and_fps
'-ri04Z7vwnc_0,'-ri04Z7vwnc,0,12,0.6706694345991562,0.7265585541490859,0,1,1,10730,11624,894,16,18,1,inferred_uniform_text_timing,ffmpeg_audio_sample_rate,video_frame_index_and_fps
'-ri04Z7vwnc_0,'-ri04Z7vwnc,0,13,0.7265585541490859,0.7824476736990156,0,1,1,11624,12519,895,17,19,1,inferred_uniform_text_timing,ffmpeg_audio_sample_rate,video_frame_index_and_fps
'-ri04Z7vwnc_0,'-ri04Z7vwnc,0,14,0.7824476736990156,0.8383367932489452,0,1,1,12519,13413,894,18,21,2,inferred_uniform_text_timing,ffmpeg_audio_sample_rate,video_frame_index_and_fps
'-ri04Z7vwnc_0,'-ri04Z7vwnc,0,15,0.8383367932489452,0.8942259127988749,1,1,1,13413,14307,894,20,22,1,inferred_uniform_text_timing,ffmpeg_audio_sample_rate,video_frame_index_and_fps
'-ri04Z7vwnc_0,'-ri04Z7vwnc,0,16,0.8942259127988749,0.9501150323488045,0,1,1,14307,15201,894,21,23,1,inferred_uniform_text_timing,ffmpeg_audio_sample_rate,video_frame_index_and_fps
'-ri04Z7vwnc_0,'-ri04Z7vwnc,0,17,0.9501150323488045,1.0060041518987342,0,1,1,15201,16096,895,22,25,2,inferred_uniform_text_timing,ffmpeg_audio_sample_rate,video_frame_index_and_fps
'-ri04Z7vwnc_0,'-ri04Z7vwnc,0,18,1.0060041518987342,1.0618932714486637,0,1,1,16096,16990,894,24,26,1,inferred_uniform_text_timing,ffmpeg_audio_sample_rate,video_frame_index_and_fps
'-ri04Z7vwnc_0,'-ri04Z7vwnc,0,19,1.0618932714486637,1.1177823909985936,0,1,1,16990,17884,894,25,27,1,inferred_uniform_text_timing,ffmpeg_audio_sample_rate,video_frame_index_and_fps
'-ri04Z7vwnc_0,'-ri04Z7vwnc,0,20,1.1177823909985936,1.1736715105485234,0,1,1,17884,18778,894,26,29,2,inferred_uniform_text_timing,ffmpeg_audio_sample_rate,video_frame_index_and_fps
'-ri04Z7vwnc_0,'-ri04Z7vwnc,0,21,1.1736715105485234,1.229560630098453,1,1,1,18778,19672,894,28,30,1,inferred_uniform_text_timing,ffmpeg_audio_sample_rate,video_frame_index_and_fps
'-ri04Z7vwnc_0,'-ri04Z7vwnc,0,22,1.229560630098453,1.2854497496483825,0,1,1,19672,20567,895,29,31,1,inferred_uniform_text_timing,ffmpeg_audio_sample_rate,video_frame_index_and_fps
'-ri04Z7vwnc_0,'-ri04Z7vwnc,0,23,1.2854497496483825,1.3413388691983124,0,1,1,20567,21461,894,30,33,2,inferred_uniform_text_timing,ffmpeg_audio_sample_rate,video_frame_index_and_fps
'-ri04Z7vwnc_0,'-ri04Z7vwnc,0,24,1.3413388691983124,1.3972279887482422,0,1,1,21461,22355,894,32,34,1,inferred_uniform_text_timing,ffmpeg_audio_sample_rate,video_frame_index_and_fps
'-ri04Z7vwnc_0,'-ri04Z7vwnc,0,25,1.3972279887482422,1.4531171082981718,0,1,1,22355,23249,894,33,35,1,inferred_uniform_text_timing,ffmpeg_audio_sample_rate,video_frame_index_and_fps
'-ri04Z7vwnc_0,'-ri04Z7vwnc,0,26,1.4531171082981718,1.5090062278481013,0,1,1,23249,24144,895,34,37,2,inferred_uniform_text_timing,ffmpeg_audio_sample_rate,video_frame_index_and_fps
'-ri04Z7vwnc_0,'-ri04Z7vwnc,0,27,1.5090062278481013,1.5648953473980312,0,1,1,24144,25038,894,36,38,1,inferred_uniform_text_timing,ffmpeg_audio_sample_rate,video_frame_index_and_fps
'-ri04Z7vwnc_0,'-ri04Z7vwnc,0,28,1.5648953473980312,1.6207844669479607,1,1,1,25038,25932,894,37,39,1,inferred_uniform_text_timing,ffmpeg_audio_sample_rate,video_frame_index_and_fps
'-ri04Z7vwnc_0,'-ri04Z7vwnc,0,29,1.6207844669479607,1.6766735864978903,0,1,1,25932,26826,894,38,41,2,inferred_uniform_text_timing,ffmpeg_audio_sample_rate,video_frame_index_and_fps
'-ri04Z7vwnc_0,'-ri04Z7vwnc,0,30,1.6766735864978903,1.73256270604782,0,1,1,26826,27721,895,40,42,1,inferred_uniform_text_timing,ffmpeg_audio_sample_rate,video_frame_index_and_fps
'-ri04Z7vwnc_0,'-ri04Z7vwnc,0,31,1.73256270604782,1.7884518255977497,0,1,1,27721,28615,894,41,43,1,inferred_uniform_text_timing,ffmpeg_audio_sample_rate,video_frame_index_and_fps
'-ri04Z7vwnc_0,'-ri04Z7vwnc,0,32,1.7884518255977497,1.8443409451476793,0,1,1,28615,29509,894,42,45,2,inferred_uniform_text_timing,ffmpeg_audio_sample_rate,video_frame_index_and_fps
'-ri04Z7vwnc_0,'-ri04Z7vwnc,0,33,1.8443409451476793,1.900230064697609,0,1,1,29509,30403,894,44,46,1,inferred_uniform_text_timing,ffmpeg_audio_sample_rate,video_frame_index_and_fps
'-ri04Z7vwnc_0,'-ri04Z7vwnc,0,34,1.900230064697609,1.9561191842475387,1,1,1,30403,31297,894,45,47,1,inferred_uniform_text_timing,ffmpeg_audio_sample_rate,video_frame_index_and_fps
'-ri04Z7vwnc_0,'-ri04Z7vwnc,0,35,1.9561191842475387,2.0120083037974683,0,1,1,31297,32192,895,46,49,2,inferred_uniform_text_timing,ffmpeg_audio_sample_rate,video_frame_index_and_fps
'-ri04Z7vwnc_0,'-ri04Z7vwnc,0,36,2.0120083037974683,2.067897423347398,0,1,1,32192,33086,894,48,50,1,inferred_uniform_text_timing,ffmpeg_audio_sample_rate,video_frame_index_and_fps
'-ri04Z7vwnc_0,'-ri04Z7vwnc,0,37,2.067897423347398,2.1237865428973275,0,1,1,33086,33980,894,49,51,1,inferred_uniform_text_timing,ffmpeg_audio_sample_rate,video_frame_index_and_fps
'-ri04Z7vwnc_0,'-ri04Z7vwnc,0,38,2.1237865428973275,2.1796756624472575,0,1,1,33980,34874,894,50,53,2,inferred_uniform_text_timing,ffmpeg_audio_sample_rate,video_frame_index_and_fps
'-ri04Z7vwnc_0,'-ri04Z7vwnc,0,39,2.1796756624472575,2.235564781997187,0,1,1,34874,35769,895,52,54,1,inferred_uniform_text_timing,ffmpeg_audio_sample_rate,video_frame_index_and_fps
'-ri04Z7vwnc_0,'-ri04Z7vwnc,0,40,2.235564781997187,2.2914539015471167,1,1,1,35769,36663,894,53,55,1,inferred_uniform_text_timing,ffmpeg_audio_sample_rate,video_frame_index_and_fps
'-ri04Z7vwnc_0,'-ri04Z7vwnc,0,41,2.2914539015471167,2.3473430210970467,0,1,1,36663,37557,894,54,57,2,inferred_uniform_text_timing,ffmpeg_audio_sample_rate,video_frame_index_and_fps
'-ri04Z7vwnc_0,'-ri04Z7vwnc,0,42,2.3473430210970467,2.4032321406469763,0,1,1,37557,38451,894,56,58,1,inferred_uniform_text_timing,ffmpeg_audio_sample_rate,video_frame_index_and_fps
'-ri04Z7vwnc_0,'-ri04Z7vwnc,0,43,2.4032321406469763,2.459121260196906,0,1,1,38451,39345,894,57,59,1,inferred_uniform_text_timing,ffmpeg_audio_sample_rate,video_frame_index_and_fps
'-ri04Z7vwnc_0,'-ri04Z7vwnc,0,44,2.459121260196906,2.5150103797468355,0,1,1,39345,40240,895,58,61,2,inferred_uniform_text_timing,ffmpeg_audio_sample_rate,video_frame_index_and_fps
'-ri04Z7vwnc_0,'-ri04Z7vwnc,0,45,2.5150103797468355,2.570899499296765,0,1,1,40240,41134,894,60,62,1,inferred_uniform_text_timing,ffmpeg_audio_sample_rate,video_frame_index_and_fps
'-ri04Z7vwnc_0,'-ri04Z7vwnc,0,46,2.570899499296765,2.6267886188466947,1,1,1,41134,42028,894,61,63,1,inferred_uniform_text_timing,ffmpeg_audio_sample_rate,video_frame_index_and_fps
'-ri04Z7vwnc_0,'-ri04Z7vwnc,0,47,2.6267886188466947,2.6826777383966247,0,1,1,42028,42922,894,62,65,2,inferred_uniform_text_timing,ffmpeg_audio_sample_rate,video_frame_index_and_fps
'-ri04Z7vwnc_0,'-ri04Z7vwnc,0,48,2.6826777383966247,2.7385668579465543,0,1,1,42922,43817,895,64,66,1,inferred_uniform_text_timing,ffmpeg_audio_sample_rate,video_frame_index_and_fps
'-ri04Z7vwnc_0,'-ri04Z7vwnc,0,49,2.7385668579465543,2.7944559774964843,0,1,1,43817,44711,395,65,68,1,inferred_uniform_text_timing,ffmpeg_audio_sample_rate,video_frame_index_and_fps
'-ri04Z7vwnc_2,'-ri04Z7vwnc,2,0,0.0,0.1192857376171352,0,1,1,0,1908,1908,0,3,3,inferred_uniform_text_timing,ffmpeg_audio_sample_rate,video_frame_index_and_fps
'-ri04Z7vwnc_2,'-ri04Z7vwnc,2,1,0.1192857376171352,0.2385714752342704,1,1,1,1908,3817,1909,2,6,3,inferred_uniform_text_timing,ffmpeg_audio_sample_rate,video_frame_index_and_fps
'-ri04Z7vwnc_2,'-ri04Z7vwnc,2,2,0.2385714752342704,0.3578572128514056,0,1,1,3817,5725,1908,5,9,3,inferred_uniform_text_timing,ffmpeg_audio_sample_rate,video_frame_index_and_fps
'-ri04Z7vwnc_2,'-ri04Z7vwnc,2,3,0.3578572128514056,0.4771429504685408,1,1,1,5725,7634,1909,8,12,3,inferred_uniform_text_timing,ffmpeg_audio_sample_rate,video_frame_index_and_fps
'-ri04Z7vwnc_2,'-ri04Z7vwnc,2,4,0.4771429504685408,0.5964286880856761,0,1,1,7634,9542,1908,11,15,3,inferred_uniform_text_timing,ffmpeg_audio_sample_rate,video_frame_index_and_fps
'-ri04Z7vwnc_2,'-ri04Z7vwnc,2,5,0.5964286880856761,0.7157144257028112,0,1,1,9542,11451,1909,14,18,3,inferred_uniform_text_timing,ffmpeg_audio_sample_rate,video_frame_index_and_fps
'-ri04Z7vwnc_2,'-ri04Z7vwnc,2,6,0.7157144257028112,0.8350001633199464,1,1,1,11451,13360,1909,17,21,3,inferred_uniform_text_timing,ffmpeg_audio_sample_rate,video_frame_index_and_fps
'-ri04Z7vwnc_2,'-ri04Z7vwnc,2,7,0.8350001633199464,0.9542859009370817,0,1,1,13360,15268,1908,20,23,2,inferred_uniform_text_timing,ffmpeg_audio_sample_rate,video_frame_index_and_fps
'-ri04Z7vwnc_2,'-ri04Z7vwnc,2,8,0.9542859009370817,1.073571638554217,1,1,1,15268,17177,1909,22,26,3,inferred_uniform_text_timing,ffmpeg_audio_sample_rate,video_frame_index_and_fps
'-ri04Z7vwnc_2,'-ri04Z7vwnc,2,9,1.073571638554217,1.1928573761713521,0,1,1,17177,19085,1908,25,29,3,inferred_uniform_text_timing,ffmpeg_audio_sample_rate,video_frame_index_and_fps
'-ri04Z7vwnc_2,'-ri04Z7vwnc,2,10,1.1928573761713521,1.3121431137884871,0,1,1,19085,20994,1909,28,32,3,inferred_uniform_text_timing,ffmpeg_audio_sample_rate,video_frame_index_and_fps
'-ri04Z7vwnc_2,'-ri04Z7vwnc,2,11,1.3121431137884871,1.4314288514056224,1,1,1,20994,22902,1908,31,35,3,inferred_uniform_text_timing,ffmpeg_audio_sample_rate,video_frame_index_and_fps
'-ri04Z7vwnc_2,'-ri04Z7vwnc,2,12,1.4314288514056224,1.5507145890227576,0,1,1,22902,24811,1909,34,38,3,inferred_uniform_text_timing,ffmpeg_audio_sample_rate,video_frame_index_and_fps
'-ri04Z7vwnc_2,'-ri04Z7vwnc,2,13,1.5507145890227576,1.6700003266398928,1,1,1,24811,26720,1909,37,41,3,inferred_uniform_text_timing,ffmpeg_audio_sample_rate,video_frame_index_and_fps
'-ri04Z7vwnc_2,'-ri04Z7vwnc,2,14,1.6700003266398928,1.789286064257028,0,1,1,26720,28628,1908,40,43,2,inferred_uniform_text_timing,ffmpeg_audio_sample_rate,video_frame_index_and_fps
'-ri04Z7vwnc_2,'-ri04Z7vwnc,2,15,1.789286064257028,1.9085718018741633,0,1,1,28628,30537,1909,42,46,3,inferred_uniform_text_timing,ffmpeg_audio_sample_rate,video_frame_index_and_fps
'-ri04Z7vwnc_2,'-ri04Z7vwnc,2,16,1.9085718018741633,2.0278575394912988,1,1,1,30537,32445,1908,45,49,3,inferred_uniform_text_timing,ffmpeg_audio_sample_rate,video_frame_index_and_fps
'-ri04Z7vwnc_2,'-ri04Z7vwnc,2,17,2.0278575394912988,2.147143277108434,0,1,1,32445,34354,1909,48,52,3,inferred_uniform_text_timing,ffmpeg_audio_sample_rate,video_frame_index_and_fps
'-ri04Z7vwnc_2,'-ri04Z7vwnc,2,18,2.147143277108434,2.266429014725569,1,1,1,34354,36262,1908,51,55,3,inferred_uniform_text_timing,ffmpeg_audio_sample_rate,video_frame_index_and_fps
'-ri04Z7vwnc_2,'-ri04Z7vwnc,2,19,2.266429014725569,2.3857147523427042,0,1,1,36262,38171,1909,54,58,3,inferred_uniform_text_timing,ffmpeg_audio_sample_rate,video_frame_index_and_fps
'-ri04Z7vwnc_2,'-ri04Z7vwnc,2,20,2.3857147523427042,2.5050004899598393,0,1,1,38171,40080,1909,57,61,3,inferred_uniform_text_timing,ffmpeg_audio_sample_rate,video_frame_index_and_fps
'-ri04Z7vwnc_2,'-ri04Z7vwnc,2,21,2.5050004899598393,2.6242862275769743,1,1,1,40080,41988,1908,60,63,2,inferred_uniform_text_timing,ffmpeg_audio_sample_rate,video_frame_index_and_fps
'-ri04Z7vwnc_2,'-ri04Z7vwnc,2,22,2.6242862275769743,2.7435719651941097,0,1,1,41988,43897,1909,62,66,3,inferred_uniform_text_timing,ffmpeg_audio_sample_rate,video_frame_index_and_fps
'-ri04Z7vwnc_2,'-ri04Z7vwnc,2,23,2.7435719651941097,2.8628577028112447,1,1,1,43897,45805,1908,65,69,3,inferred_uniform_text_timing,ffmpeg_audio_sample_rate,video_frame_index_and_fps
'-ri04Z7vwnc_2,'-ri04Z7vwnc,2,24,2.8628577028112447,2.98214344042838,0,1,1,45805,47714,1909,68,72,3,inferred_uniform_text_timing,ffmpeg_audio_sample_rate,video_frame_index_and_fps
'-ri04Z7vwnc_2,'-ri04Z7vwnc,2,25,2.98214344042838,3.101429178045515,0,1,1,47714,49622,1908,71,75,3,inferred_uniform_text_timing,ffmpeg_audio_sample_rate,video_frame_index_and_fps
'-ri04Z7vwnc_2,'-ri04Z7vwnc,2,26,3.101429178045515,3.2207149156626507,1,1,1,49622,51531,1909,74,78,3,inferred_uniform_text_timing,ffmpeg_audio_sample_rate,video_frame_index_and_fps
'-ri04Z7vwnc_2,'-ri04Z7vwnc,2,27,3.2207149156626507,3.3400006532797857,0,1,1,51531,53440,1909,77,81,3,inferred_uniform_text_timing,ffmpeg_audio_sample_rate,video_frame_index_and_fps
'-ri04Z7vwnc_2,'-ri04Z7vwnc,2,28,3.3400006532797857,3.459286390896921,1,1,1,53440,55348,1908,80,83,2,inferred_uniform_text_timing,ffmpeg_audio_sample_rate,video_frame_index_and_fps
'-ri04Z7vwnc_2,'-ri04Z7vwnc,2,29,3.459286390896921,3.578572128514056,0,1,1,55348,57257,1909,82,86,3,inferred_uniform_text_timing,ffmpeg_audio_sample_rate,video_frame_index_and_fps
'-ri04Z7vwnc_2,'-ri04Z7vwnc,2,30,3.578572128514056,3.6978578661311916,0,1,1,57257,59165,1908,85,89,3,inferred_uniform_text_timing,ffmpeg_audio_sample_rate,video_frame_index_and_fps
'-ri04Z7vwnc_2,'-ri04Z7vwnc,2,31,3.6978578661311916,3.8171436037483266,1,1,1,59165,61074,1909,88,92,3,inferred_uniform_text_timing,ffmpeg_audio_sample_rate,video_frame_index_and_fps
'-ri04Z7vwnc_2,'-ri04Z7vwnc,2,32,3.8171436037483266,3.9364293413654616,0,1,1,61074,62982,1908,91,95,3,inferred_uniform_text_timing,ffmpeg_audio_sample_rate,video_frame_index_and_fps
'-ri04Z7vwnc_2,'-ri04Z7vwnc,2,33,3.9364293413654616,4.0557150789825975,1,1,1,62982,64891,1909,94,98,3,inferred_uniform_text_timing,ffmpeg_audio_sample_rate,video_frame_index_and_fps
'-ri04Z7vwnc_2,'-ri04Z7vwnc,2,34,4.0557150789825975,4.175000816599732,0,1,1,64891,66800,1909,97,101,3,inferred_uniform_text_timing,ffmpeg_audio_sample_rate,video_frame_index_and_fps
'-ri04Z7vwnc_2,'-ri04Z7vwnc,2,35,4.175000816599732,4.294286554216868,0,1,1,66800,68708,1908,100,103,2,inferred_uniform_text_timing,ffmpeg_audio_sample_rate,video_frame_index_and_fps
'-ri04Z7vwnc_2,'-ri04Z7vwnc,2,36,4.294286554216868,4.413572291834003,1,1,1,68708,70617,1909,102,106,3,inferred_uniform_text_timing,ffmpeg_audio_sample_rate,video_frame_index_and_fps
'-ri04Z7vwnc_2,'-ri04Z7vwnc,2,37,4.413572291834003,4.532858029451138,0,1,1,70617,72525,1908,105,109,3,inferred_uniform_text_timing,ffmpeg_audio_sample_rate,video_frame_index_and_fps
'-ri04Z7vwnc_2,'-ri04Z7vwnc,2,38,4.532858029451138,4.652143767068273,1,1,1,72525,74434,1909,108,112,3,inferred_uniform_text_timing,ffmpeg_audio_sample_rate,video_frame_index_and_fps
'-ri04Z7vwnc_2,'-ri04Z7vwnc,2,39,4.652143767068273,4.7714295046854085,0,1,1,74434,76342,1908,111,115,3,inferred_uniform_text_timing,ffmpeg_audio_sample_rate,video_frame_index_and_fps
'-ri04Z7vwnc_2,'-ri04Z7vwnc,2,40,4.7714295046854085,4.8907152423025435,0,1,1,76342,78251,1909,114,118,3,inferred_uniform_text_timing,ffmpeg_audio_sample_rate,video_frame_index_and_fps
'-ri04Z7vwnc_2,'-ri04Z7vwnc,2,41,4.8907152423025435,5.0100009799196785,1,1,1,78251,80160,1909,117,121,3,inferred_uniform_text_timing,ffmpeg_audio_sample_rate,video_frame_index_and_fps
'-ri04Z7vwnc_2,'-ri04Z7vwnc,2,42,5.0100009799196785,5.129286717536814,0,1,1,80160,82068,1908,120,123,2,inferred_uniform_text_timing,ffmpeg_audio_sample_rate,video_frame_index_and_fps
'-ri04Z7vwnc_2,'-ri04Z7vwnc,2,43,5.129286717536814,5.2485724551539485,1,1,1,82068,83977,1909,122,126,3,inferred_uniform_text_timing,ffmpeg_audio_sample_rate,video_frame_index_and_fps
'-ri04Z7vwnc_2,'-ri04Z7vwnc,2,44,5.2485724551539485,5.3678581927710844,0,1,1,83977,85885,1908,125,129,3,inferred_uniform_text_timing,ffmpeg_audio_sample_rate,video_frame_index_and_fps
'-ri04Z7vwnc_2,'-ri04Z7vwnc,2,45,5.3678581927710844,5.4871439303882195,0,1,1,85885,87794,1909,128,132,3,inferred_uniform_text_timing,ffmpeg_audio_sample_rate,video_frame_index_and_fps
'-ri04Z7vwnc_2,'-ri04Z7vwnc,2,46,5.4871439303882195,5.606429668005355,1,1,1,87794,89702,1908,131,135,3,inferred_uniform_text_timing,ffmpeg_audio_sample_rate,video_frame_index_and_fps
'-ri04Z7vwnc_2,'-ri04Z7vwnc,2,47,5.606429668005355,5.7257154056224895,0,1,1,89702,91611,1909,134,138,3,inferred_uniform_text_timing,ffmpeg_audio_sample_rate,video_frame_index_and_fps
'-ri04Z7vwnc_2,'-ri04Z7vwnc,2,48,5.7257154056224895,5.845001143239625,1,1,1,91611,93520,1909,137,141,3,inferred_uniform_text_timing,ffmpeg_audio_sample_rate,video_frame_index_and_fps
'-ri04Z7vwnc_2,'-ri04Z7vwnc,2,49,5.845001143239625,5.96428688085676,0,1,1,93520,95428,1094,140,143,2,inferred_uniform_text_timing,ffmpeg_audio_sample_rate,video_frame_index_and_fps
'-ri04Z7vwnc_5,'-ri04Z7vwnc,5,0,0.0,0.06923576838810643,0,1,1,0,1107,1107,0,2,2,inferred_uniform_text_timing,ffmpeg_audio_sample_rate,video_frame_index_and_fps
'-ri04Z7vwnc_5,'-ri04Z7vwnc,5,1,0.06923576838810643,0.13847153677621285,0,1,1,1107,2215,1108,1,4,2,inferred_uniform_text_timing,ffmpeg_audio_sample_rate,video_frame_index_and_fps
'-ri04Z7vwnc_5,'-ri04Z7vwnc,5,2,0.13847153677621285,0.20770730516431926,1,1,1,2215,3323,1108,3,5,1,inferred_uniform_text_timing,ffmpeg_audio_sample_rate,video_frame_index_and_fps
'-ri04Z7vwnc_5,'-ri04Z7vwnc,5,3,0.20770730516431926,0.2769430735524257,0,1,1,3323,4431,1108,4,7,2,inferred_uniform_text_timing,ffmpeg_audio_sample_rate,video_frame_index_and_fps
'-ri04Z7vwnc_5,'-ri04Z7vwnc,5,4,0.2769430735524257,0.3461788419405321,0,1,1,4431,5538,1107,6,9,2,inferred_uniform_text_timing,ffmpeg_audio_sample_rate,video_frame_index_and_fps
'-ri04Z7vwnc_5,'-ri04Z7vwnc,5,5,0.3461788419405321,0.4154146103286385,0,1,1,5538,6646,1108,8,10,1,inferred_uniform_text_timing,ffmpeg_audio_sample_rate,video_frame_index_and_fps
'-ri04Z7vwnc_5,'-ri04Z7vwnc,5,6,0.4154146103286385,0.484650378716745,0,1,1,6646,7754,1108,9,12,2,inferred_uniform_text_timing,ffmpeg_audio_sample_rate,video_frame_index_and_fps
'-ri04Z7vwnc_5,'-ri04Z7vwnc,5,7,0.484650378716745,0.5538861471048514,0,1,1,7754,8862,1108,11,14,2,inferred_uniform_text_timing,ffmpeg_audio_sample_rate,video_frame_index_and_fps
'-ri04Z7vwnc_5,'-ri04Z7vwnc,5,8,0.5538861471048514,0.6231219154929577,1,1,1,8862,9969,1107,13,15,1,inferred_uniform_text_timing,ffmpeg_audio_sample_rate,video_frame_index_and_fps
'-ri04Z7vwnc_5,'-ri04Z7vwnc,5,9,0.6231219154929577,0.6923576838810642,0,1,1,9969,11077,1108,14,17,2,inferred_uniform_text_timing,ffmpeg_audio_sample_rate,video_frame_index_and_fps
'-ri04Z7vwnc_5,'-ri04Z7vwnc,5,10,0.6923576838810642,0.7615934522691706,0,1,1,11077,12185,1108,16,19,2,inferred_uniform_text_timing,ffmpeg_audio_sample_rate,video_frame_index_and_fps
'-ri04Z7vwnc_5,'-ri04Z7vwnc,5,11,0.7615934522691706,0.830829220657277,0,1,1,12185,13293,1108,18,20,1,inferred_uniform_text_timing,ffmpeg_audio_sample_rate,video_frame_index_and_fps
'-ri04Z7vwnc_5,'-ri04Z7vwnc,5,12,0.830829220657277,0.9000649890453835,0,1,1,13293,14401,1108,19,22,2,inferred_uniform_text_timing,ffmpeg_audio_sample_rate,video_frame_index_and_fps
'-ri04Z7vwnc_5,'-ri04Z7vwnc,5,13,0.9000649890453835,0.96930075743349,1,1,1,14401,15508,1107,21,24,2,inferred_uniform_text_timing,ffmpeg_audio_sample_rate,video_frame_index_and_fps
'-ri04Z7vwnc_5,'-ri04Z7vwnc,5,14,0.96930075743349,1.0385365258215962,0,1,1,15508,16616,1108,23,25,1,inferred_uniform_text_timing,ffmpeg_audio_sample_rate,video_frame_index_and_fps
'-ri04Z7vwnc_5,'-ri04Z7vwnc,5,15,1.0385365258215962,1.1077722942097028,0,1,1,16616,17724,1108,24,27,2,inferred_uniform_text_timing,ffmpeg_audio_sample_rate,video_frame_index_and_fps
'-ri04Z7vwnc_5,'-ri04Z7vwnc,5,16,1.1077722942097028,1.1770080625978092,0,1,1,17724,18832,1108,26,29,2,inferred_uniform_text_timing,ffmpeg_audio_sample_rate,video_frame_index_and_fps
'-ri04Z7vwnc_5,'-ri04Z7vwnc,5,17,1.1770080625978092,1.2462438309859154,0,1,1,18832,19939,1107,28,30,1,inferred_uniform_text_timing,ffmpeg_audio_sample_rate,video_frame_index_and_fps
'-ri04Z7vwnc_5,'-ri04Z7vwnc,5,18,1.2462438309859154,1.315479599374022,0,1,1,19939,21047,1108,29,32,2,inferred_uniform_text_timing,ffmpeg_audio_sample_rate,video_frame_index_and_fps
'-ri04Z7vwnc_5,'-ri04Z7vwnc,5,19,1.315479599374022,1.3847153677621284,1,1,1,21047,22155,1108,31,34,2,inferred_uniform_text_timing,ffmpeg_audio_sample_rate,video_frame_index_and_fps
'-ri04Z7vwnc_5,'-ri04Z7vwnc,5,20,1.3847153677621284,1.4539511361502349,0,1,1,22155,23263,1108,33,35,1,inferred_uniform_text_timing,ffmpeg_audio_sample_rate,video_frame_index_and_fps
'-ri04Z7vwnc_5,'-ri04Z7vwnc,5,21,1.4539511361502349,1.5231869045383413,0,1,1,23263,24370,1107,34,37,2,inferred_uniform_text_timing,ffmpeg_audio_sample_rate,video_frame_index_and_fps
'-ri04Z7vwnc_5,'-ri04Z7vwnc,5,22,1.5231869045383413,1.5924226729264475,0,1,1,24370,25478,1108,36,39,2,inferred_uniform_text_timing,ffmpeg_audio_sample_rate,video_frame_index_and_fps
'-ri04Z7vwnc_5,'-ri04Z7vwnc,5,23,1.5924226729264475,1.661658441314554,0,1,1,25478,26586,1108,38,40,1,inferred_uniform_text_timing,ffmpeg_audio_sample_rate,video_frame_index_and_fps
'-ri04Z7vwnc_5,'-ri04Z7vwnc,5,24,1.661658441314554,1.7308942097026605,0,1,1,26586,27694,1108,39,42,2,inferred_uniform_text_timing,ffmpeg_audio_sample_rate,video_frame_index_and_fps
'-ri04Z7vwnc_5,'-ri04Z7vwnc,5,25,1.7308942097026605,1.800129978090767,1,1,1,27694,28802,1108,41,44,2,inferred_uniform_text_timing,ffmpeg_audio_sample_rate,video_frame_index_and_fps
'-ri04Z7vwnc_5,'-ri04Z7vwnc,5,26,1.800129978090767,1.8693657464788733,0,1,1,28802,29909,1107,43,45,1,inferred_uniform_text_timing,ffmpeg_audio_sample_rate,video_frame_index_and_fps
'-ri04Z7vwnc_5,'-ri04Z7vwnc,5,27,1.8693657464788733,1.93860151486698,0,1,1,29909,31017,1108,44,47,2,inferred_uniform_text_timing,ffmpeg_audio_sample_rate,video_frame_index_and_fps
'-ri04Z7vwnc_5,'-ri04Z7vwnc,5,28,1.93860151486698,2.007837283255086,0,1,1,31017,32125,1108,46,49,2,inferred_uniform_text_timing,ffmpeg_audio_sample_rate,video_frame_index_and_fps
'-ri04Z7vwnc_5,'-ri04Z7vwnc,5,29,2.007837283255086,2.0770730516431923,0,1,1,32125,33233,1108,48,50,1,inferred_uniform_text_timing,ffmpeg_audio_sample_rate,video_frame_index_and_fps
'-ri04Z7vwnc_5,'-ri04Z7vwnc,5,30,2.0770730516431923,2.146308820031299,1,1,1,33233,34340,1107,49,52,2,inferred_uniform_text_timing,ffmpeg_audio_sample_rate,video_frame_index_and_fps
'-ri04Z7vwnc_5,'-ri04Z7vwnc,5,31,2.146308820031299,2.2155445884194056,0,1,1,34340,35448,1108,51,54,2,inferred_uniform_text_timing,ffmpeg_audio_sample_rate,video_frame_index_and_fps
'-ri04Z7vwnc_5,'-ri04Z7vwnc,5,32,2.2155445884194056,2.284780356807512,0,1,1,35448,36556,1108,53,55,1,inferred_uniform_text_timing,ffmpeg_audio_sample_rate,video_frame_index_and_fps
'-ri04Z7vwnc_5,'-ri04Z7vwnc,5,33,2.284780356807512,2.3540161251956184,0,1,1,36556,37664,1108,54,57,2,inferred_uniform_text_timing,ffmpeg_audio_sample_rate,video_frame_index_and_fps
'-ri04Z7vwnc_5,'-ri04Z7vwnc,5,34,2.3540161251956184,2.423251893583725,0,1,1,37664,38772,1108,56,59,2,inferred_uniform_text_timing,ffmpeg_audio_sample_rate,video_frame_index_and_fps
'-ri04Z7vwnc_5,'-ri04Z7vwnc,5,35,2.423251893583725,2.492487661971831,0,1,1,38772,39879,1107,58,60,1,inferred_uniform_text_timing,ffmpeg_audio_sample_rate,video_frame_index_and_fps
'-ri04Z7vwnc_5,'-ri04Z7vwnc,5,36,2.492487661971831,2.5617234303599377,1,1,1,39879,40987,1108,59,62,2,inferred_uniform_text_timing,ffmpeg_audio_sample_rate,video_frame_index_and_fps
'-ri04Z7vwnc_5,'-ri04Z7vwnc,5,37,2.5617234303599377,2.630959198748044,0,1,1,40987,42095,1108,61,64,2,inferred_uniform_text_timing,ffmpeg_audio_sample_rate,video_frame_index_and_fps
'-ri04Z7vwnc_5,'-ri04Z7vwnc,5,38,2.630959198748044,2.70019496713615,0,1,1,42095,43203,1108,63,65,1,inferred_uniform_text_timing,ffmpeg_audio_sample_rate,video_frame_index_and_fps
'-ri04Z7vwnc_5,'-ri04Z7vwnc,5,39,2.70019496713615,2.769430735524257,0,1,1,43203,44310,1107,64,67,2,inferred_uniform_text_timing,ffmpeg_audio_sample_rate,video_frame_index_and_fps
'-ri04Z7vwnc_5,'-ri04Z7vwnc,5,40,2.769430735524257,2.838666503912363,0,1,1,44310,45418,1108,66,69,2,inferred_uniform_text_timing,ffmpeg_audio_sample_rate,video_frame_index_and_fps
'-ri04Z7vwnc_5,'-ri04Z7vwnc,5,41,2.838666503912363,2.9079022723004697,1,1,1,45418,46526,1108,68,70,1,inferred_uniform_text_timing,ffmpeg_audio_sample_rate,video_frame_index_and_fps
'-ri04Z7vwnc_5,'-ri04Z7vwnc,5,42,2.9079022723004697,2.977138040688576,0,1,1,46526,47634,1108,69,72,2,inferred_uniform_text_timing,ffmpeg_audio_sample_rate,video_frame_index_and_fps
'-ri04Z7vwnc_5,'-ri04Z7vwnc,5,43,2.977138040688576,3.0463738090766825,0,1,1,47634,48741,1107,71,74,2,inferred_uniform_text_timing,ffmpeg_audio_sample_rate,video_frame_index_and_fps
'-ri04Z7vwnc_5,'-ri04Z7vwnc,5,44,3.0463738090766825,3.115609577464789,0,1,1,48741,49849,1108,73,75,1,inferred_uniform_text_timing,ffmpeg_audio_sample_rate,video_frame_index_and_fps
'-ri04Z7vwnc_5,'-ri04Z7vwnc,5,45,3.115609577464789,3.184845345852895,0,1,1,49849,50957,1108,74,77,2,inferred_uniform_text_timing,ffmpeg_audio_sample_rate,video_frame_index_and_fps
'-ri04Z7vwnc_5,'-ri04Z7vwnc,5,46,3.184845345852895,3.2540811142410018,0,1,1,50957,52065,1108,76,79,2,inferred_uniform_text_timing,ffmpeg_audio_sample_rate,video_frame_index_and_fps
'-ri04Z7vwnc_5,'-ri04Z7vwnc,5,47,3.2540811142410018,3.323316882629108,1,1,1,52065,53173,1108,78,80,1,inferred_uniform_text_timing,ffmpeg_audio_sample_rate,video_frame_index_and_fps
'-ri04Z7vwnc_5,'-ri04Z7vwnc,5,48,3.323316882629108,3.3925526510172146,0,1,1,53173,54280,1107,79,82,2,inferred_uniform_text_timing,ffmpeg_audio_sample_rate,video_frame_index_and_fps
'-ri04Z7vwnc_5,'-ri04Z7vwnc,5,49,3.3925526510172146,3.461788419405321,0,1,1,54280,55388,756,81,83,1,inferred_uniform_text_timing,ffmpeg_audio_sample_rate,video_frame_index_and_fps
'-s9qJ7ATP7w_1,'-s9qJ7ATP7w,1,0,0.0,0.09333333333333334,0,1,1,0,1493,1493,0,3,3,inferred_uniform_text_timing,ffmpeg_audio_sample_rate,video_frame_index_and_fps
'-s9qJ7ATP7w_1,'-s9qJ7ATP7w,1,1,0.09333333333333334,0.18666666666666668,0,1,1,1493,2986,1493,2,6,3,inferred_uniform_text_timing,ffmpeg_audio_sample_rate,video_frame_index_and_fps
'-s9qJ7ATP7w_1,'-s9qJ7ATP7w,1,2,0.18666666666666668,0.28,1,1,1,2986,4480,1494,5,9,3,inferred_uniform_text_timing,ffmpeg_audio_sample_rate,video_frame_index_and_fps
'-s9qJ7ATP7w_1,'-s9qJ7ATP7w,1,3,0.28,0.37333333333333335,0,1,1,4480,5973,1493,8,12,3,inferred_uniform_text_timing,ffmpeg_audio_sample_rate,video_frame_index_and_fps
'-s9qJ7ATP7w_1,'-s9qJ7ATP7w,1,4,0.37333333333333335,0.46666666666666673,0,1,1,5973,7466,1493,11,15,2,inferred_uniform_text_timing,ffmpeg_audio_sample_rate,video_frame_index_and_fps
'-s9qJ7ATP7w_1,'-s9qJ7ATP7w,1,5,0.46666666666666673,0.56,0,1,1,7466,8960,1494,14,17,3,inferred_uniform_text_timing,ffmpeg_audio_sample_rate,video_frame_index_and_fps
'-s9qJ7ATP7w_1,'-s9qJ7ATP7w,1,6,0.56,0.6533333333333334,1,1,1,8960,10453,1493,16,20,3,inferred_uniform_text_timing,ffmpeg_audio_sample_rate,video_frame_index_and_fps
'-s9qJ7ATP7w_1,'-s9qJ7ATP7w,1,7,0.6533333333333334,0.7466666666666667,0,1,1,10453,11946,1493,19,23,3,inferred_uniform_text_timing,ffmpeg_audio_sample_rate,video_frame_index_and_fps
'-s9qJ7ATP7w_1,'-s9qJ7ATP7w,1,8,0.7466666666666667,0.84,0,1,1,11946,13440,1494,22,26,3,inferred_uniform_text_timing,ffmpeg_audio_sample_rate,video_frame_index_and_fps
'-s9qJ7ATP7w_1,'-s9qJ7ATP7w,1,9,0.84,0.9333333333333335,0,1,1,13440,14933,1493,25,29,2,inferred_uniform_text_timing,ffmpeg_audio_sample_rate,video_frame_index_and_fps
'-s9qJ7ATP7w_1,'-s9qJ7ATP7w,1,10,0.9333333333333335,1.0266666666666666,1,1,1,14933,16426,1493,28,31,3,inferred_uniform_text_timing,ffmpeg_audio_sample_rate,video_frame_index_and_fps
'-s9qJ7ATP7w_1,'-s9qJ7ATP7w,1,11,1.0266666666666666,1.12,0,1,1,16426,17920,1494,30,34,3,inferred_uniform_text_timing,ffmpeg_audio_sample_rate,video_frame_index_and_fps
'-s9qJ7ATP7w_1,'-s9qJ7ATP7w,1,12,1.12,1.2133333333333334,0,1,1,17920,19413,1493,33,37,3,inferred_uniform_text_timing,ffmpeg_audio_sample_rate,video_frame_index_and_fps
'-s9qJ7ATP7w_1,'-s9qJ7ATP7w,1,13,1.2133333333333334,1.3066666666666669,0,1,1,19413,20906,1493,36,40,3,inferred_uniform_text_timing,ffmpeg_audio_sample_rate,video_frame_index_and_fps
'-s9qJ7ATP7w_1,'-s9qJ7ATP7w,1,14,1.3066666666666669,1.4,1,1,1,20906,22400,1494,39,42,2,inferred_uniform_text_timing,ffmpeg_audio_sample_rate,video_frame_index_and_fps
'-s9qJ7ATP7w_1,'-s9qJ7ATP7w,1,15,1.4,1.4933333333333334,0,1,1,22400,23893,1493,42,45,3,inferred_uniform_text_timing,ffmpeg_audio_sample_rate,video_frame_index_and_fps
'-s9qJ7ATP7w_1,'-s9qJ7ATP7w,1,16,1.4933333333333334,1.586666666666667,0,1,1,23893,25386,1493,44,48,3,inferred_uniform_text_timing,ffmpeg_audio_sample_rate,video_frame_index_and_fps
'-s9qJ7ATP7w_1,'-s9qJ7ATP7w,1,17,1.586666666666667,1.68,0,1,1,25386,26880,1494,47,51,3,inferred_uniform_text_timing,ffmpeg_audio_sample_rate,video_frame_index_and_fps
'-s9qJ7ATP7w_1,'-s9qJ7ATP7w,1,18,1.68,1.7733333333333334,1,1,1,26880,28373,1493,50,54,3,inferred_uniform_text_timing,ffmpeg_audio_sample_rate,video_frame_index_and_fps
'-s9qJ7ATP7w_1,'-s9qJ7ATP7w,1,19,1.7733333333333334,1.866666666666667,0,1,1,28373,29866,1493,53,57,2,inferred_uniform_text_timing,ffmpeg_audio_sample_rate,video_frame_index_and_fps
'-s9qJ7ATP7w_1,'-s9qJ7ATP7w,1,20,1.866666666666667,1.96,0,1,1,29866,31360,1494,56,59,3,inferred_uniform_text_timing,ffmpeg_audio_sample_rate,video_frame_index_and_fps
'-s9qJ7ATP7w_1,'-s9qJ7ATP7w,1,21,1.96,2.0533333333333332,0,1,1,31360,32853,1493,58,62,3,inferred_uniform_text_timing,ffmpeg_audio_sample_rate,video_frame_index_and_fps
'-s9qJ7ATP7w_1,'-s9qJ7ATP7w,1,22,2.0533333333333332,2.146666666666667,1,1,1,32853,34346,1493,61,65,3,inferred_uniform_text_timing,ffmpeg_audio_sample_rate,video_frame_index_and_fps
'-s9qJ7ATP7w_1,'-s9qJ7ATP7w,1,23,2.146666666666667,2.24,0,1,1,34346,35840,1494,64,68,3,inferred_uniform_text_timing,ffmpeg_audio_sample_rate,video_frame_index_and_fps
'-s9qJ7ATP7w_1,'-s9qJ7ATP7w,1,24,2.24,2.3333333333333335,0,1,1,35840,37333,1493,67,70,2,inferred_uniform_text_timing,ffmpeg_audio_sample_rate,video_frame_index_and_fps
'-s9qJ7ATP7w_1,'-s9qJ7ATP7w,1,25,2.3333333333333335,2.4266666666666667,0,1,1,37333,38826,1493,70,73,3,inferred_uniform_text_timing,ffmpeg_audio_sample_rate,video_frame_index_and_fps
'-s9qJ7ATP7w_1,'-s9qJ7ATP7w,1,26,2.4266666666666667,2.5200000000000005,0,1,1,38826,40320,1494,72,76,3,inferred_uniform_text_timing,ffmpeg_audio_sample_rate,video_frame_index_and_fps
'-s9qJ7ATP7w_1,'-s9qJ7ATP7w,1,27,2.5200000000000005,2.6133333333333337,1,1,1,40320,41813,1493,75,79,3,inferred_uniform_text_timing,ffmpeg_audio_sample_rate,video_frame_index_and_fps
'-s9qJ7ATP7w_1,'-s9qJ7ATP7w,1,28,2.6133333333333337,2.706666666666667,0,1,1,41813,43306,1493,78,82,3,inferred_uniform_text_timing,ffmpeg_audio_sample_rate,video_frame_index_and_fps
'-s9qJ7ATP7w_1,'-s9qJ7ATP7w,1,29,2.706666666666667,2.8,0,1,1,43306,44800,1494,81,84,2,inferred_uniform_text_timing,ffmpeg_audio_sample_rate,video_frame_index_and_fps
'-s9qJ7ATP7w_1,'-s9qJ7ATP7w,1,30,2.8,2.8933333333333335,0,1,1,44800,46293,1493,84,87,3,inferred_uniform_text_timing,ffmpeg_audio_sample_rate,video_frame_index_and_fps
'-s9qJ7ATP7w_1,'-s9qJ7ATP7w,1,31,2.8933333333333335,2.986666666666667,1,1,1,46293,47786,1493,86,90,3,inferred_uniform_text_timing,ffmpeg_audio_sample_rate,video_frame_index_and_fps
'-s9qJ7ATP7w_1,'-s9qJ7ATP7w,1,32,2.986666666666667,3.08,0,1,1,47786,49280,1494,89,93,3,inferred_uniform_text_timing,ffmpeg_audio_sample_rate,video_frame_index_and_fps
'-s9qJ7ATP7w_1,'-s9qJ7ATP7w,1,33,3.08,3.173333333333334,0,1,1,49280,50773,1493,92,96,3,inferred_uniform_text_timing,ffmpeg_audio_sample_rate,video_frame_index_and_fps
'-s9qJ7ATP7w_1,'-s9qJ7ATP7w,1,34,3.173333333333334,3.266666666666667,0,1,1,50773,52266,1493,95,99,2,inferred_uniform_text_timing,ffmpeg_audio_sample_rate,video_frame_index_and_fps
'-s9qJ7ATP7w_1,'-s9qJ7ATP7w,1,35,3.266666666666667,3.36,1,1,1,52266,53760,1494,98,101,3,inferred_uniform_text_timing,ffmpeg_audio_sample_rate,video_frame_index_and_fps
'-s9qJ7ATP7w_1,'-s9qJ7ATP7w,1,36,3.36,3.4533333333333336,0,1,1,53760,55253,1493,100,104,3,inferred_uniform_text_timing,ffmpeg_audio_sample_rate,video_frame_index_and_fps
'-s9qJ7ATP7w_1,'-s9qJ7ATP7w,1,37,3.4533333333333336,3.546666666666667,0,1,1,55253,56746,1493,103,107,3,inferred_uniform_text_timing,ffmpeg_audio_sample_rate,video_frame_index_and_fps
'-s9qJ7ATP7w_1,'-s9qJ7ATP7w,1,38,3.546666666666667,3.64,0,1,1,56746,58240,1494,106,110,3,inferred_uniform_text_timing,ffmpeg_audio_sample_rate,video_frame_index_and_fps
'-s9qJ7ATP7w_1,'-s9qJ7ATP7w,1,39,3.64,3.733333333333334,1,1,1,58240,59733,1493,109,113,2,inferred_uniform_text_timing,ffmpeg_audio_sample_rate,video_frame_index_and_fps
'-s9qJ7ATP7w_1,'-s9qJ7ATP7w,1,40,3.733333333333334,3.8266666666666667,0,1,1,59733,61226,1493,112,115,3,inferred_uniform_text_timing,ffmpeg_audio_sample_rate,video_frame_index_and_fps
'-s9qJ7ATP7w_1,'-s9qJ7ATP7w,1,41,3.8266666666666667,3.92,0,1,1,61226,62720,1494,114,118,3,inferred_uniform_text_timing,ffmpeg_audio_sample_rate,video_frame_index_and_fps
'-s9qJ7ATP7w_1,'-s9qJ7ATP7w,1,42,3.92,4.013333333333334,0,1,1,62720,64213,1493,117,121,3,inferred_uniform_text_timing,ffmpeg_audio_sample_rate,video_frame_index_and_fps
'-s9qJ7ATP7w_1,'-s9qJ7ATP7w,1,43,4.013333333333334,4.1066666666666665,1,1,1,64213,65706,1493,120,124,3,inferred_uniform_text_timing,ffmpeg_audio_sample_rate,video_frame_index_and_fps
'-s9qJ7ATP7w_1,'-s9qJ7ATP7w,1,44,4.1066666666666665,4.2,0,1,1,65706,67200,1494,123,126,2,inferred_uniform_text_timing,ffmpeg_audio_sample_rate,video_frame_index_and_fps
'-s9qJ7ATP7w_1,'-s9qJ7ATP7w,1,45,4.2,4.293333333333334,0,1,1,67200,68693,1493,126,129,3,inferred_uniform_text_timing,ffmpeg_audio_sample_rate,video_frame_index_and_fps
'-s9qJ7ATP7w_1,'-s9qJ7ATP7w,1,46,4.293333333333334,4.386666666666667,0,1,1,68693,70186,1493,128,132,3,inferred_uniform_text_timing,ffmpeg_audio_sample_rate,video_frame_index_and_fps
'-s9qJ7ATP7w_1,'-s9qJ7ATP7w,1,47,4.386666666666667,4.48,1,1,1,70186,71680,1494,131,135,3,inferred_uniform_text_timing,ffmpeg_audio_sample_rate,video_frame_index_and_fps
'-s9qJ7ATP7w_1,'-s9qJ7ATP7w,1,48,4.48,4.573333333333334,0,1,1,71680,73173,1493,134,138,3,inferred_uniform_text_timing,ffmpeg_audio_sample_rate,video_frame_index_and_fps
'-s9qJ7ATP7w_1,'-s9qJ7ATP7w,1,49,4.573333333333334,4.666666666666667,0,1,1,73173,74666,1128,137,140,2,inferred_uniform_text_timing,ffmpeg_audio_sample_rate,video_frame_index_and_fps
'-s9qJ7ATP7w_0,'-s9qJ7ATP7w,0,0,0.0,0.136,1,1,1,0,2176,2176,0,5,5,inferred_uniform_text_timing,ffmpeg_audio_sample_rate,video_frame_index_and_fps
'-s9qJ7ATP7w_0,'-s9qJ7ATP7w,0,1,0.136,0.272,0,1,1,2176,4352,2176,4,9,4,inferred_uniform_text_timing,ffmpeg_audio_sample_rate,video_frame_index_and_fps
'-s9qJ7ATP7w_0,'-s9qJ7ATP7w,0,2,0.272,0.408,1,1,1,4352,6528,2176,8,13,4,inferred_uniform_text_timing,ffmpeg_audio_sample_rate,video_frame_index_and_fps
'-s9qJ7ATP7w_0,'-s9qJ7ATP7w,0,3,0.408,0.544,0,1,1,6528,8704,2176,12,17,4,inferred_uniform_text_timing,ffmpeg_audio_sample_rate,video_frame_index_and_fps
'-s9qJ7ATP7w_0,'-s9qJ7ATP7w,0,4,0.544,0.68,1,1,1,8704,10880,2176,16,21,4,inferred_uniform_text_timing,ffmpeg_audio_sample_rate,video_frame_index_and_fps
'-s9qJ7ATP7w_0,'-s9qJ7ATP7w,0,5,0.68,0.816,0,1,1,10880,13056,2176,20,25,4,inferred_uniform_text_timing,ffmpeg_audio_sample_rate,video_frame_index_and_fps
'-s9qJ7ATP7w_0,'-s9qJ7ATP7w,0,6,0.816,0.9520000000000001,1,1,1,13056,15232,2176,24,29,4,inferred_uniform_text_timing,ffmpeg_audio_sample_rate,video_frame_index_and_fps
'-s9qJ7ATP7w_0,'-s9qJ7ATP7w,0,7,0.9520000000000001,1.088,0,1,1,15232,17408,2176,28,33,4,inferred_uniform_text_timing,ffmpeg_audio_sample_rate,video_frame_index_and_fps
'-s9qJ7ATP7w_0,'-s9qJ7ATP7w,0,8,1.088,1.224,1,1,1,17408,19584,2176,32,37,4,inferred_uniform_text_timing,ffmpeg_audio_sample_rate,video_frame_index_and_fps
'-s9qJ7ATP7w_0,'-s9qJ7ATP7w,0,9,1.224,1.36,1,1,1,19584,21760,2176,36,41,4,inferred_uniform_text_timing,ffmpeg_audio_sample_rate,video_frame_index_and_fps
'-s9qJ7ATP7w_0,'-s9qJ7ATP7w,0,10,1.36,1.496,0,1,1,21760,23936,2176,40,45,4,inferred_uniform_text_timing,ffmpeg_audio_sample_rate,video_frame_index_and_fps
'-s9qJ7ATP7w_0,'-s9qJ7ATP7w,0,11,1.496,1.632,1,1,1,23936,26112,2176,44,49,4,inferred_uniform_text_timing,ffmpeg_audio_sample_rate,video_frame_index_and_fps
'-s9qJ7ATP7w_0,'-s9qJ7ATP7w,0,12,1.632,1.7679999999999998,0,1,1,26112,28287,2175,48,54,5,inferred_uniform_text_timing,ffmpeg_audio_sample_rate,video_frame_index_and_fps
'-s9qJ7ATP7w_0,'-s9qJ7ATP7w,0,13,1.7679999999999998,1.9040000000000001,1,1,1,28287,30464,2177,53,58,4,inferred_uniform_text_timing,ffmpeg_audio_sample_rate,video_frame_index_and_fps
'-s9qJ7ATP7w_0,'-s9qJ7ATP7w,0,14,1.9040000000000001,2.04,0,1,1,30464,32640,2176,57,62,4,inferred_uniform_text_timing,ffmpeg_audio_sample_rate,video_frame_index_and_fps
'-s9qJ7ATP7w_0,'-s9qJ7ATP7w,0,15,2.04,2.176,1,1,1,32640,34816,2176,61,66,4,inferred_uniform_text_timing,ffmpeg_audio_sample_rate,video_frame_index_and_fps
'-s9qJ7ATP7w_0,'-s9qJ7ATP7w,0,16,2.176,2.312,1,1,1,34816,36992,2176,65,70,4,inferred_uniform_text_timing,ffmpeg_audio_sample_rate,video_frame_index_and_fps
'-s9qJ7ATP7w_0,'-s9qJ7ATP7w,0,17,2.312,2.448,0,1,1,36992,39168,2176,69,74,4,inferred_uniform_text_timing,ffmpeg_audio_sample_rate,video_frame_index_and_fps
'-s9qJ7ATP7w_0,'-s9qJ7ATP7w,0,18,2.448,2.5839999999999996,1,1,1,39168,41343,2175,73,78,4,inferred_uniform_text_timing,ffmpeg_audio_sample_rate,video_frame_index_and_fps
'-s9qJ7ATP7w_0,'-s9qJ7ATP7w,0,19,2.5839999999999996,2.72,0,1,1,41343,43520,2177,77,82,4,inferred_uniform_text_timing,ffmpeg_audio_sample_rate,video_frame_index_and_fps
'-s9qJ7ATP7w_0,'-s9qJ7ATP7w,0,20,2.72,2.856,1,1,1,43520,45696,2176,81,86,4,inferred_uniform_text_timing,ffmpeg_audio_sample_rate,video_frame_index_and_fps
'-s9qJ7ATP7w_0,'-s9qJ7ATP7w,0,21,2.856,2.992,0,1,1,45696,47872,2176,85,90,4,inferred_uniform_text_timing,ffmpeg_audio_sample_rate,video_frame_index_and_fps
'-s9qJ7ATP7w_0,'-s9qJ7ATP7w,0,22,2.992,3.128,1,1,1,47872,50048,2176,89,94,4,inferred_uniform_text_timing,ffmpeg_audio_sample_rate,video_frame_index_and_fps
'-s9qJ7ATP7w_0,'-s9qJ7ATP7w,0,23,3.128,3.264,0,1,1,50048,52224,2176,93,98,4,inferred_uniform_text_timing,ffmpeg_audio_sample_rate,video_frame_index_and_fps
'-s9qJ7ATP7w_0,'-s9qJ7ATP7w,0,24,3.264,3.4,1,1,1,52224,54400,2176,97,102,4,inferred_uniform_text_timing,ffmpeg_audio_sample_rate,video_frame_index_and_fps
'-s9qJ7ATP7w_0,'-s9qJ7ATP7w,0,25,3.4,3.5359999999999996,1,1,1,54400,56575,2175,102,107,5,inferred_uniform_text_timing,ffmpeg_audio_sample_rate,video_frame_index_and_fps
'-s9qJ7ATP7w_0,'-s9qJ7ATP7w,0,26,3.5359999999999996,3.6719999999999997,0,1,1,56575,58751,2176,106,111,4,inferred_uniform_text_timing,ffmpeg_audio_sample_rate,video_frame_index_and_fps
'-s9qJ7ATP7w_0,'-s9qJ7ATP7w,0,27,3.6719999999999997,3.8080000000000003,1,1,1,58751,60928,2177,110,115,4,inferred_uniform_text_timing,ffmpeg_audio_sample_rate,video_frame_index_and_fps
'-s9qJ7ATP7w_0,'-s9qJ7ATP7w,0,28,3.8080000000000003,3.944,0,1,1,60928,63104,2176,114,119,4,inferred_uniform_text_timing,ffmpeg_audio_sample_rate,video_frame_index_and_fps
'-s9qJ7ATP7w_0,'-s9qJ7ATP7w,0,29,3.944,4.08,1,1,1,63104,65280,2176,118,123,4,inferred_uniform_text_timing,ffmpeg_audio_sample_rate,video_frame_index_and_fps
'-s9qJ7ATP7w_0,'-s9qJ7ATP7w,0,30,4.08,4.215999999999999,0,1,1,65280,67455,2175,122,127,4,inferred_uniform_text_timing,ffmpeg_audio_sample_rate,video_frame_index_and_fps
'-s9qJ7ATP7w_0,'-s9qJ7ATP7w,0,31,4.215999999999999,4.352,1,1,1,67455,69632,2177,126,131,4,inferred_uniform_text_timing,ffmpeg_audio_sample_rate,video_frame_index_and_fps
'-s9qJ7ATP7w_0,'-s9qJ7ATP7w,0,32,4.352,4.488,0,1,1,69632,71808,2176,130,135,4,inferred_uniform_text_timing,ffmpeg_audio_sample_rate,video_frame_index_and_fps
'-s9qJ7ATP7w_0,'-s9qJ7ATP7w,0,33,4.488,4.624,1,1,1,71808,73984,2176,134,139,4,inferred_uniform_text_timing,ffmpeg_audio_sample_rate,video_frame_index_and_fps
'-s9qJ7ATP7w_0,'-s9qJ7ATP7w,0,34,4.624,4.76,1,1,1,73984,76160,2176,138,143,4,inferred_uniform_text_timing,ffmpeg_audio_sample_rate,video_frame_index_and_fps
'-s9qJ7ATP7w_0,'-s9qJ7ATP7w,0,35,4.76,4.896,0,1,1,76160,78336,2176,142,147,4,inferred_uniform_text_timing,ffmpeg_audio_sample_rate,video_frame_index_and_fps
'-s9qJ7ATP7w_0,'-s9qJ7ATP7w,0,36,4.896,5.032,1,1,1,78336,80512,2176,146,151,4,inferred_uniform_text_timing,ffmpeg_audio_sample_rate,video_frame_index_and_fps
'-s9qJ7ATP7w_0,'-s9qJ7ATP7w,0,37,5.032,5.167999999999999,0,1,1,80512,82687,2175,150,156,5,inferred_uniform_text_timing,ffmpeg_audio_sample_rate,video_frame_index_and_fps
'-s9qJ7ATP7w_0,'-s9qJ7ATP7w,0,38,5.167999999999999,5.303999999999999,1,1,1,82687,84863,2176,155,160,4,inferred_uniform_text_timing,ffmpeg_audio_sample_rate,video_frame_index_and_fps
'-s9qJ7ATP7w_0,'-s9qJ7ATP7w,0,39,5.303999999999999,5.44,0,1,1,84863,87040,2177,159,164,4,inferred_uniform_text_timing,ffmpeg_audio_sample_rate,video_frame_index_and_fps
'-s9qJ7ATP7w_0,'-s9qJ7ATP7w,0,40,5.44,5.5760000000000005,1,1,1,87040,89216,2176,163,168,4,inferred_uniform_text_timing,ffmpeg_audio_sample_rate,video_frame_index_and_fps
'-s9qJ7ATP7w_0,'-s9qJ7ATP7w,0,41,5.5760000000000005,5.712,1,1,1,89216,91392,2176,167,172,4,inferred_uniform_text_timing,ffmpeg_audio_sample_rate,video_frame_index_and_fps
'-s9qJ7ATP7w_0,'-s9qJ7ATP7w,0,42,5.712,5.848,0,1,1,91392,93568,2176,171,176,4,inferred_uniform_text_timing,ffmpeg_audio_sample_rate,video_frame_index_and_fps
'-s9qJ7ATP7w_0,'-s9qJ7ATP7w,0,43,5.848,5.984,1,1,1,93568,95744,2176,175,180,4,inferred_uniform_text_timing,ffmpeg_audio_sample_rate,video_frame_index_and_fps
'-s9qJ7ATP7w_0,'-s9qJ7ATP7w,0,44,5.984,6.12,0,1,1,95744,97920,2176,179,184,4,inferred_uniform_text_timing,ffmpeg_audio_sample_rate,video_frame_index_and_fps
'-s9qJ7ATP7w_0,'-s9qJ7ATP7w,0,45,6.12,6.256,1,1,1,97920,100096,2176,183,188,4,inferred_uniform_text_timing,ffmpeg_audio_sample_rate,video_frame_index_and_fps
'-s9qJ7ATP7w_0,'-s9qJ7ATP7w,0,46,6.256,6.3919999999999995,0,1,1,100096,102271,2175,187,192,4,inferred_uniform_text_timing,ffmpeg_audio_sample_rate,video_frame_index_and_fps
'-s9qJ7ATP7w_0,'-s9qJ7ATP7w,0,47,6.3919999999999995,6.528,1,1,1,102271,104448,2177,191,196,4,inferred_uniform_text_timing,ffmpeg_audio_sample_rate,video_frame_index_and_fps
'-s9qJ7ATP7w_0,'-s9qJ7ATP7w,0,48,6.528,6.664,0,1,1,104448,106624,2176,195,200,4,inferred_uniform_text_timing,ffmpeg_audio_sample_rate,video_frame_index_and_fps
'-s9qJ7ATP7w_0,'-s9qJ7ATP7w,0,49,6.664,6.8,1,1,1,106624,108800,745,199,204,4,inferred_uniform_text_timing,ffmpeg_audio_sample_rate,video_frame_index_and_fps
'-s9qJ7ATP7w_5,'-s9qJ7ATP7w,5,0,0.0,0.16866666666666666,0,1,1,0,2698,2698,0,6,6,inferred_uniform_text_timing,ffmpeg_audio_sample_rate,video_frame_index_and_fps
'-s9qJ7ATP7w_5,'-s9qJ7ATP7w,5,1,0.16866666666666666,0.3373333333333333,1,1,1,2698,5397,2699,5,11,5,inferred_uniform_text_timing,ffmpeg_audio_sample_rate,video_frame_index_and_fps
'-s9qJ7ATP7w_5,'-s9qJ7ATP7w,5,2,0.3373333333333333,0.506,0,1,1,5397,8096,2699,10,16,5,inferred_uniform_text_timing,ffmpeg_audio_sample_rate,video_frame_index_and_fps
'-s9qJ7ATP7w_5,'-s9qJ7ATP7w,5,3,0.506,0.6746666666666666,1,1,1,8096,10794,2698,15,21,5,inferred_uniform_text_timing,ffmpeg_audio_sample_rate,video_frame_index_and_fps
'-s9qJ7ATP7w_5,'-s9qJ7ATP7w,5,4,0.6746666666666666,0.8433333333333334,0,1,1,10794,13493,2699,20,26,5,inferred_uniform_text_timing,ffmpeg_audio_sample_rate,video_frame_index_and_fps
'-s9qJ7ATP7w_5,'-s9qJ7ATP7w,5,5,0.8433333333333334,1.012,0,1,1,13493,16192,2699,25,31,5,inferred_uniform_text_timing,ffmpeg_audio_sample_rate,video_frame_index_and_fps
'-s9qJ7ATP7w_5,'-s9qJ7ATP7w,5,6,1.012,1.1806666666666665,1,1,1,16192,18890,2698,30,36,5,inferred_uniform_text_timing,ffmpeg_audio_sample_rate,video_frame_index_and_fps
'-s9qJ7ATP7w_5,'-s9qJ7ATP7w,5,7,1.1806666666666665,1.3493333333333333,0,1,1,18890,21589,2699,35,41,5,inferred_uniform_text_timing,ffmpeg_audio_sample_rate,video_frame_index_and_fps
'-s9qJ7ATP7w_5,'-s9qJ7ATP7w,5,8,1.3493333333333333,1.518,1,1,1,21589,24288,2699,40,46,5,inferred_uniform_text_timing,ffmpeg_audio_sample_rate,video_frame_index_and_fps
'-s9qJ7ATP7w_5,'-s9qJ7ATP7w,5,9,1.518,1.6866666666666668,0,1,1,24288,26986,2698,45,51,5,inferred_uniform_text_timing,ffmpeg_audio_sample_rate,video_frame_index_and_fps
'-s9qJ7ATP7w_5,'-s9qJ7ATP7w,5,10,1.6866666666666668,1.8553333333333333,0,1,1,26986,29685,2699,50,56,5,inferred_uniform_text_timing,ffmpeg_audio_sample_rate,video_frame_index_and_fps
'-s9qJ7ATP7w_5,'-s9qJ7ATP7w,5,11,1.8553333333333333,2.024,1,1,1,29685,32384,2699,55,61,5,inferred_uniform_text_timing,ffmpeg_audio_sample_rate,video_frame_index_and_fps
'-s9qJ7ATP7w_5,'-s9qJ7ATP7w,5,12,2.024,2.1926666666666668,0,1,1,32384,35082,2698,60,66,5,inferred_uniform_text_timing,ffmpeg_audio_sample_rate,video_frame_index_and_fps
'-s9qJ7ATP7w_5,'-s9qJ7ATP7w,5,13,2.1926666666666668,2.361333333333333,1,1,1,35082,37781,2699,65,71,5,inferred_uniform_text_timing,ffmpeg_audio_sample_rate,video_frame_index_and_fps
'-s9qJ7ATP7w_5,'-s9qJ7ATP7w,5,14,2.361333333333333,2.53,0,1,1,37781,40480,2699,70,76,5,inferred_uniform_text_timing,ffmpeg_audio_sample_rate,video_frame_index_and_fps
'-s9qJ7ATP7w_5,'-s9qJ7ATP7w,5,15,2.53,2.6986666666666665,0,1,1,40480,43178,2698,75,81,5,inferred_uniform_text_timing,ffmpeg_audio_sample_rate,video_frame_index_and_fps
'-s9qJ7ATP7w_5,'-s9qJ7ATP7w,5,16,2.6986666666666665,2.8673333333333333,1,1,1,43178,45877,2699,80,87,6,inferred_uniform_text_timing,ffmpeg_audio_sample_rate,video_frame_index_and_fps
'-s9qJ7ATP7w_5,'-s9qJ7ATP7w,5,17,2.8673333333333333,3.036,0,1,1,45877,48576,2699,86,92,5,inferred_uniform_text_timing,ffmpeg_audio_sample_rate,video_frame_index_and_fps
'-s9qJ7ATP7w_5,'-s9qJ7ATP7w,5,18,3.036,3.2046666666666668,1,1,1,48576,51274,2698,91,97,5,inferred_uniform_text_timing,ffmpeg_audio_sample_rate,video_frame_index_and_fps
'-s9qJ7ATP7w_5,'-s9qJ7ATP7w,5,19,3.2046666666666668,3.3733333333333335,0,1,1,51274,53973,2699,96,102,5,inferred_uniform_text_timing,ffmpeg_audio_sample_rate,video_frame_index_and_fps
'-s9qJ7ATP7w_5,'-s9qJ7ATP7w,5,20,3.3733333333333335,3.542,0,1,1,53973,56672,2699,101,107,5,inferred_uniform_text_timing,ffmpeg_audio_sample_rate,video_frame_index_and_fps
'-s9qJ7ATP7w_5,'-s9qJ7ATP7w,5,21,3.542,3.7106666666666666,1,1,1,56672,59370,2698,106,112,5,inferred_uniform_text_timing,ffmpeg_audio_sample_rate,video_frame_index_and_fps
'-s9qJ7ATP7w_5,'-s9qJ7ATP7w,5,22,3.7106666666666666,3.8793333333333333,0,1,1,59370,62069,2699,111,117,5,inferred_uniform_text_timing,ffmpeg_audio_sample_rate,video_frame_index_and_fps
'-s9qJ7ATP7w_5,'-s9qJ7ATP7w,5,23,3.8793333333333333,4.048,1,1,1,62069,64768,2699,116,122,5,inferred_uniform_text_timing,ffmpeg_audio_sample_rate,video_frame_index_and_fps
'-s9qJ7ATP7w_5,'-s9qJ7ATP7w,5,24,4.048,4.216666666666667,0,1,1,64768,67466,2698,121,127,5,inferred_uniform_text_timing,ffmpeg_audio_sample_rate,video_frame_index_and_fps
'-s9qJ7ATP7w_5,'-s9qJ7ATP7w,5,25,4.216666666666667,4.3853333333333335,0,1,1,67466,70165,2699,126,132,5,inferred_uniform_text_timing,ffmpeg_audio_sample_rate,video_frame_index_and_fps
'-s9qJ7ATP7w_5,'-s9qJ7ATP7w,5,26,4.3853333333333335,4.554,1,1,1,70165,72864,2699,131,137,5,inferred_uniform_text_timing,ffmpeg_audio_sample_rate,video_frame_index_and_fps
'-s9qJ7ATP7w_5,'-s9qJ7ATP7w,5,27,4.554,4.722666666666666,0,1,1,72864,75562,2698,136,142,5,inferred_uniform_text_timing,ffmpeg_audio_sample_rate,video_frame_index_and_fps
'-s9qJ7ATP7w_5,'-s9qJ7ATP7w,5,28,4.722666666666666,4.891333333333333,1,1,1,75562,78261,2699,141,147,5,inferred_uniform_text_timing,ffmpeg_audio_sample_rate,video_frame_index_and_fps
'-s9qJ7ATP7w_5,'-s9qJ7ATP7w,5,29,4.891333333333333,5.06,0,1,1,78261,80960,2699,146,152,5,inferred_uniform_text_timing,ffmpeg_audio_sample_rate,video_frame_index_and_fps
'-s9qJ7ATP7w_5,'-s9qJ7ATP7w,5,30,5.06,5.228666666666666,0,1,1,80960,83658,2698,151,157,5,inferred_uniform_text_timing,ffmpeg_audio_sample_rate,video_frame_index_and_fps
'-s9qJ7ATP7w_5,'-s9qJ7ATP7w,5,31,5.228666666666666,5.397333333333333,1,1,1,83658,86357,2699,156,162,5,inferred_uniform_text_timing,ffmpeg_audio_sample_rate,video_frame_index_and_fps
'-s9qJ7ATP7w_5,'-s9qJ7ATP7w,5,32,5.397333333333333,5.566,0,1,1,86357,89056,2699,161,167,5,inferred_uniform_text_timing,ffmpeg_audio_sample_rate,video_frame_index_and_fps
'-s9qJ7ATP7w_5,'-s9qJ7ATP7w,5,33,5.566,5.734666666666667,1,1,1,89056,91754,2698,166,173,6,inferred_uniform_text_timing,ffmpeg_audio_sample_rate,video_frame_index_and_fps
'-s9qJ7ATP7w_5,'-s9qJ7ATP7w,5,34,5.734666666666667,5.903333333333333,0,1,1,91754,94453,2699,172,178,5,inferred_uniform_text_timing,ffmpeg_audio_sample_rate,video_frame_index_and_fps
'-s9qJ7ATP7w_5,'-s9qJ7ATP7w,5,35,5.903333333333333,6.072,0,1,1,94453,97152,2699,177,183,5,inferred_uniform_text_timing,ffmpeg_audio_sample_rate,video_frame_index_and_fps
'-s9qJ7ATP7w_5,'-s9qJ7ATP7w,5,36,6.072,6.240666666666667,1,1,1,97152,99850,2698,182,188,5,inferred_uniform_text_timing,ffmpeg_audio_sample_rate,video_frame_index_and_fps
'-s9qJ7ATP7w_5,'-s9qJ7ATP7w,5,37,6.240666666666667,6.4093333333333335,0,1,1,99850,102549,2699,187,193,5,inferred_uniform_text_timing,ffmpeg_audio_sample_rate,video_frame_index_and_fps
'-s9qJ7ATP7w_5,'-s9qJ7ATP7w,5,38,6.4093333333333335,6.578,1,1,1,102549,105248,2699,192,198,5,inferred_uniform_text_timing,ffmpeg_audio_sample_rate,video_frame_index_and_fps
'-s9qJ7ATP7w_5,'-s9qJ7ATP7w,5,39,6.578,6.746666666666667,0,1,1,105248,107946,2698,197,203,5,inferred_uniform_text_timing,ffmpeg_audio_sample_rate,video_frame_index_and_fps
'-s9qJ7ATP7w_5,'-s9qJ7ATP7w,5,40,6.746666666666667,6.915333333333333,0,1,1,107946,110645,2699,202,208,5,inferred_uniform_text_timing,ffmpeg_audio_sample_rate,video_frame_index_and_fps
'-s9qJ7ATP7w_5,'-s9qJ7ATP7w,5,41,6.915333333333333,7.084,1,1,1,110645,113344,2699,207,213,5,inferred_uniform_text_timing,ffmpeg_audio_sample_rate,video_frame_index_and_fps
'-s9qJ7ATP7w_5,'-s9qJ7ATP7w,5,42,7.084,7.252666666666666,0,1,1,113344,116042,2698,212,218,5,inferred_uniform_text_timing,ffmpeg_audio_sample_rate,video_frame_index_and_fps
'-s9qJ7ATP7w_5,'-s9qJ7ATP7w,5,43,7.252666666666666,7.421333333333333,1,1,1,116042,118741,2699,217,223,5,inferred_uniform_text_timing,ffmpeg_audio_sample_rate,video_frame_index_and_fps
'-s9qJ7ATP7w_5,'-s9qJ7ATP7w,5,44,7.421333333333333,7.59,0,1,1,118741,121440,2699,222,228,5,inferred_uniform_text_timing,ffmpeg_audio_sample_rate,video_frame_index_and_fps
'-s9qJ7ATP7w_5,'-s9qJ7ATP7w,5,45,7.59,7.758666666666667,0,1,1,121440,124138,2698,227,233,5,inferred_uniform_text_timing,ffmpeg_audio_sample_rate,video_frame_index_and_fps
'-s9qJ7ATP7w_5,'-s9qJ7ATP7w,5,46,7.758666666666667,7.927333333333333,1,1,1,124138,126837,2699,232,238,5,inferred_uniform_text_timing,ffmpeg_audio_sample_rate,video_frame_index_and_fps
'-s9qJ7ATP7w_5,'-s9qJ7ATP7w,5,47,7.927333333333333,8.096,0,1,1,126837,129536,2699,237,243,5,inferred_uniform_text_timing,ffmpeg_audio_sample_rate,video_frame_index_and_fps
'-s9qJ7ATP7w_5,'-s9qJ7ATP7w,5,48,8.096,8.264666666666667,1,1,1,129536,132234,2698,242,248,5,inferred_uniform_text_timing,ffmpeg_audio_sample_rate,video_frame_index_and_fps
'-s9qJ7ATP7w_5,'-s9qJ7ATP7w,5,49,8.264666666666667,8.433333333333334,0,1,1,132234,134933,2132,247,253,5,inferred_uniform_text_timing,ffmpeg_audio_sample_rate,video_frame_index_and_fps
'-s9qJ7ATP7w_4,'-s9qJ7ATP7w,4,0,0.0,0.086,0,1,1,0,1376,1376,0,3,3,inferred_uniform_text_timing,ffmpeg_audio_sample_rate,video_frame_index_and_fps
'-s9qJ7ATP7w_4,'-s9qJ7ATP7w,4,1,0.086,0.172,0,1,1,1376,2752,1376,2,6,3,inferred_uniform_text_timing,ffmpeg_audio_sample_rate,video_frame_index_and_fps
'-s9qJ7ATP7w_4,'-s9qJ7ATP7w,4,2,0.172,0.25799999999999995,1,1,1,2752,4127,1375,5,8,2,inferred_uniform_text_timing,ffmpeg_audio_sample_rate,video_frame_index_and_fps
'-s9qJ7ATP7w_4,'-s9qJ7ATP7w,4,3,0.25799999999999995,0.344,0,1,1,4127,5504,1377,7,11,3,inferred_uniform_text_timing,ffmpeg_audio_sample_rate,video_frame_index_and_fps
'-s9qJ7ATP7w_4,'-s9qJ7ATP7w,4,4,0.344,0.43,0,1,1,5504,6880,1376,10,13,2,inferred_uniform_text_timing,ffmpeg_audio_sample_rate,video_frame_index_and_fps
'-s9qJ7ATP7w_4,'-s9qJ7ATP7w,4,5,0.43,0.5159999999999999,0,1,1,6880,8255,1375,12,16,3,inferred_uniform_text_timing,ffmpeg_audio_sample_rate,video_frame_index_and_fps
'-s9qJ7ATP7w_4,'-s9qJ7ATP7w,4,6,0.5159999999999999,0.602,0,1,1,8255,9632,1377,15,19,3,inferred_uniform_text_timing,ffmpeg_audio_sample_rate,video_frame_index_and_fps
'-s9qJ7ATP7w_4,'-s9qJ7ATP7w,4,7,0.602,0.688,1,1,1,9632,11008,1376,18,21,2,inferred_uniform_text_timing,ffmpeg_audio_sample_rate,video_frame_index_and_fps
'-s9qJ7ATP7w_4,'-s9qJ7ATP7w,4,8,0.688,0.7739999999999999,0,1,1,11008,12383,1375,20,24,3,inferred_uniform_text_timing,ffmpeg_audio_sample_rate,video_frame_index_and_fps
'-s9qJ7ATP7w_4,'-s9qJ7ATP7w,4,9,0.7739999999999999,0.86,0,1,1,12383,13760,1377,23,26,2,inferred_uniform_text_timing,ffmpeg_audio_sample_rate,video_frame_index_and_fps
'-s9qJ7ATP7w_4,'-s9qJ7ATP7w,4,10,0.86,0.946,0,1,1,13760,15136,1376,25,29,3,inferred_uniform_text_timing,ffmpeg_audio_sample_rate,video_frame_index_and_fps
'-s9qJ7ATP7w_4,'-s9qJ7ATP7w,4,11,0.946,1.0319999999999998,0,1,1,15136,16511,1375,28,31,2,inferred_uniform_text_timing,ffmpeg_audio_sample_rate,video_frame_index_and_fps
'-s9qJ7ATP7w_4,'-s9qJ7ATP7w,4,12,1.0319999999999998,1.1179999999999999,1,1,1,16511,17887,1376,30,34,3,inferred_uniform_text_timing,ffmpeg_audio_sample_rate,video_frame_index_and_fps
'-s9qJ7ATP7w_4,'-s9qJ7ATP7w,4,13,1.1179999999999999,1.204,0,1,1,17887,19264,1377,33,37,3,inferred_uniform_text_timing,ffmpeg_audio_sample_rate,video_frame_index_and_fps
'-s9qJ7ATP7w_4,'-s9qJ7ATP7w,4,14,1.204,1.29,0,1,1,19264,20640,1376,36,39,2,inferred_uniform_text_timing,ffmpeg_audio_sample_rate,video_frame_index_and_fps
'-s9qJ7ATP7w_4,'-s9qJ7ATP7w,4,15,1.29,1.376,0,1,1,20640,22016,1376,38,42,3,inferred_uniform_text_timing,ffmpeg_audio_sample_rate,video_frame_index_and_fps
'-s9qJ7ATP7w_4,'-s9qJ7ATP7w,4,16,1.376,1.462,0,1,1,22016,23392,1376,41,44,2,inferred_uniform_text_timing,ffmpeg_audio_sample_rate,video_frame_index_and_fps
'-s9qJ7ATP7w_4,'-s9qJ7ATP7w,4,17,1.462,1.5479999999999998,1,1,1,23392,24767,1375,43,47,3,inferred_uniform_text_timing,ffmpeg_audio_sample_rate,video_frame_index_and_fps
'-s9qJ7ATP7w_4,'-s9qJ7ATP7w,4,18,1.5479999999999998,1.6340000000000001,0,1,1,24767,26144,1377,46,50,3,inferred_uniform_text_timing,ffmpeg_audio_sample_rate,video_frame_index_and_fps
'-s9qJ7ATP7w_4,'-s9qJ7ATP7w,4,19,1.6340000000000001,1.72,0,1,1,26144,27520,1376,49,52,2,inferred_uniform_text_timing,ffmpeg_audio_sample_rate,video_frame_index_and_fps
'-s9qJ7ATP7w_4,'-s9qJ7ATP7w,4,20,1.72,1.806,0,1,1,27520,28896,1376,51,55,3,inferred_uniform_text_timing,ffmpeg_audio_sample_rate,video_frame_index_and_fps
'-s9qJ7ATP7w_4,'-s9qJ7ATP7w,4,21,1.806,1.892,0,1,1,28896,30272,1376,54,57,2,inferred_uniform_text_timing,ffmpeg_audio_sample_rate,video_frame_index_and_fps
'-s9qJ7ATP7w_4,'-s9qJ7ATP7w,4,22,1.892,1.9779999999999998,1,1,1,30272,31647,1375,56,60,3,inferred_uniform_text_timing,ffmpeg_audio_sample_rate,video_frame_index_and_fps
'-s9qJ7ATP7w_4,'-s9qJ7ATP7w,4,23,1.9779999999999998,2.0639999999999996,0,1,1,31647,33023,1376,59,62,2,inferred_uniform_text_timing,ffmpeg_audio_sample_rate,video_frame_index_and_fps
'-s9qJ7ATP7w_4,'-s9qJ7ATP7w,4,24,2.0639999999999996,2.15,0,1,1,33023,34400,1377,61,65,3,inferred_uniform_text_timing,ffmpeg_audio_sample_rate,video_frame_index_and_fps
'-s9qJ7ATP7w_4,'-s9qJ7ATP7w,4,25,2.15,2.2359999999999998,0,1,1,34400,35775,1375,64,68,3,inferred_uniform_text_timing,ffmpeg_audio_sample_rate,video_frame_index_and_fps
'-s9qJ7ATP7w_4,'-s9qJ7ATP7w,4,26,2.2359999999999998,2.322,0,1,1,35775,37152,1377,67,70,2,inferred_uniform_text_timing,ffmpeg_audio_sample_rate,video_frame_index_and_fps
'-s9qJ7ATP7w_4,'-s9qJ7ATP7w,4,27,2.322,2.408,1,1,1,37152,38528,1376,69,73,3,inferred_uniform_text_timing,ffmpeg_audio_sample_rate,video_frame_index_and_fps
'-s9qJ7ATP7w_4,'-s9qJ7ATP7w,4,28,2.408,2.4939999999999998,0,1,1,38528,39904,1376,72,75,2,inferred_uniform_text_timing,ffmpeg_audio_sample_rate,video_frame_index_and_fps
'-s9qJ7ATP7w_4,'-s9qJ7ATP7w,4,29,2.4939999999999998,2.58,0,1,1,39904,41280,1376,74,78,3,inferred_uniform_text_timing,ffmpeg_audio_sample_rate,video_frame_index_and_fps
'-s9qJ7ATP7w_4,'-s9qJ7ATP7w,4,30,2.58,2.6659999999999995,0,1,1,41280,42655,1375,77,80,2,inferred_uniform_text_timing,ffmpeg_audio_sample_rate,video_frame_index_and_fps
'-s9qJ7ATP7w_4,'-s9qJ7ATP7w,4,31,2.6659999999999995,2.752,0,1,1,42655,44032,1377,79,83,3,inferred_uniform_text_timing,ffmpeg_audio_sample_rate,video_frame_index_and_fps
'-s9qJ7ATP7w_4,'-s9qJ7ATP7w,4,32,2.752,2.838,1,1,1,44032,45408,1376,82,86,3,inferred_uniform_text_timing,ffmpeg_audio_sample_rate,video_frame_index_and_fps
'-s9qJ7ATP7w_4,'-s9qJ7ATP7w,4,33,2.838,2.924,0,1,1,45408,46784,1376,85,88,2,inferred_uniform_text_timing,ffmpeg_audio_sample_rate,video_frame_index_and_fps
'-s9qJ7ATP7w_4,'-s9qJ7ATP7w,4,34,2.924,3.01,0,1,1,46784,48160,1376,87,91,3,inferred_uniform_text_timing,ffmpeg_audio_sample_rate,video_frame_index_and_fps
'-s9qJ7ATP7w_4,'-s9qJ7ATP7w,4,35,3.01,3.0959999999999996,0,1,1,48160,49535,1375,90,93,2,inferred_uniform_text_timing,ffmpeg_audio_sample_rate,video_frame_index_and_fps
'-s9qJ7ATP7w_4,'-s9qJ7ATP7w,4,36,3.0959999999999996,3.182,0,1,1,49535,50912,1377,92,96,3,inferred_uniform_text_timing,ffmpeg_audio_sample_rate,video_frame_index_and_fps
'-s9qJ7ATP7w_4,'-s9qJ7ATP7w,4,37,3.182,3.2680000000000002,1,1,1,50912,52288,1376,95,99,3,inferred_uniform_text_timing,ffmpeg_audio_sample_rate,video_frame_index_and_fps
'-s9qJ7ATP7w_4,'-s9qJ7ATP7w,4,38,3.2680000000000002,3.3539999999999996,0,1,1,52288,53663,1375,98,101,2,inferred_uniform_text_timing,ffmpeg_audio_sample_rate,video_frame_index_and_fps
'-s9qJ7ATP7w_4,'-s9qJ7ATP7w,4,39,3.3539999999999996,3.44,0,1,1,53663,55040,1377,100,104,3,inferred_uniform_text_timing,ffmpeg_audio_sample_rate,video_frame_index_and_fps
'-s9qJ7ATP7w_4,'-s9qJ7ATP7w,4,40,3.44,3.526,0,1,1,55040,56416,1376,103,106,2,inferred_uniform_text_timing,ffmpeg_audio_sample_rate,video_frame_index_and_fps
'-s9qJ7ATP7w_4,'-s9qJ7ATP7w,4,41,3.526,3.612,0,1,1,56416,57792,1376,105,109,3,inferred_uniform_text_timing,ffmpeg_audio_sample_rate,video_frame_index_and_fps
'-s9qJ7ATP7w_4,'-s9qJ7ATP7w,4,42,3.612,3.698,1,1,1,57792,59168,1376,108,111,2,inferred_uniform_text_timing,ffmpeg_audio_sample_rate,video_frame_index_and_fps
'-s9qJ7ATP7w_4,'-s9qJ7ATP7w,4,43,3.698,3.784,0,1,1,59168,60544,1376,110,114,3,inferred_uniform_text_timing,ffmpeg_audio_sample_rate,video_frame_index_and_fps
'-s9qJ7ATP7w_4,'-s9qJ7ATP7w,4,44,3.784,3.87,0,1,1,60544,61920,1376,113,117,3,inferred_uniform_text_timing,ffmpeg_audio_sample_rate,video_frame_index_and_fps
'-s9qJ7ATP7w_4,'-s9qJ7ATP7w,4,45,3.87,3.9559999999999995,0,1,1,61920,63295,1375,116,119,2,inferred_uniform_text_timing,ffmpeg_audio_sample_rate,video_frame_index_and_fps
'-s9qJ7ATP7w_4,'-s9qJ7ATP7w,4,46,3.9559999999999995,4.042,0,1,1,63295,64672,1377,118,122,3,inferred_uniform_text_timing,ffmpeg_audio_sample_rate,video_frame_index_and_fps
'-s9qJ7ATP7w_4,'-s9qJ7ATP7w,4,47,4.042,4.127999999999999,1,1,1,64672,66047,1375,121,124,2,inferred_uniform_text_timing,ffmpeg_audio_sample_rate,video_frame_index_and_fps
'-s9qJ7ATP7w_4,'-s9qJ7ATP7w,4,48,4.127999999999999,4.2139999999999995,0,1,1,66047,67423,1376,123,127,3,inferred_uniform_text_timing,ffmpeg_audio_sample_rate,video_frame_index_and_fps
'-s9qJ7ATP7w_4,'-s9qJ7ATP7w,4,49,4.2139999999999995,4.3,0,1,1,67423,68800,527,126,129,2,inferred_uniform_text_timing,ffmpeg_audio_sample_rate,video_frame_index_and_fps
'-s9qJ7ATP7w_7,'-s9qJ7ATP7w,7,0,0.0,0.138,1,1,1,0,2208,2208,0,5,5,inferred_uniform_text_timing,ffmpeg_audio_sample_rate,video_frame_index_and_fps
'-s9qJ7ATP7w_7,'-s9qJ7ATP7w,7,1,0.138,0.276,0,1,1,2208,4416,2208,4,9,4,inferred_uniform_text_timing,ffmpeg_audio_sample_rate,video_frame_index_and_fps
'-s9qJ7ATP7w_7,'-s9qJ7ATP7w,7,2,0.276,0.41400000000000003,1,1,1,4416,6624,2208,8,13,4,inferred_uniform_text_timing,ffmpeg_audio_sample_rate,video_frame_index_and_fps
'-s9qJ7ATP7w_7,'-s9qJ7ATP7w,7,3,0.41400000000000003,0.552,1,1,1,6624,8832,2208,12,17,4,inferred_uniform_text_timing,ffmpeg_audio_sample_rate,video_frame_index_and_fps
'-s9qJ7ATP7w_7,'-s9qJ7ATP7w,7,4,0.552,0.69,0,1,1,8832,11040,2208,16,21,4,inferred_uniform_text_timing,ffmpeg_audio_sample_rate,video_frame_index_and_fps
'-s9qJ7ATP7w_7,'-s9qJ7ATP7w,7,5,0.69,0.8280000000000001,1,1,1,11040,13248,2208,20,25,4,inferred_uniform_text_timing,ffmpeg_audio_sample_rate,video_frame_index_and_fps
'-s9qJ7ATP7w_7,'-s9qJ7ATP7w,7,6,0.8280000000000001,0.9660000000000001,1,1,1,13248,15456,2208,24,29,4,inferred_uniform_text_timing,ffmpeg_audio_sample_rate,video_frame_index_and_fps
'-s9qJ7ATP7w_7,'-s9qJ7ATP7w,7,7,0.9660000000000001,1.104,0,1,1,15456,17664,2208,28,34,5,inferred_uniform_text_timing,ffmpeg_audio_sample_rate,video_frame_index_and_fps
'-s9qJ7ATP7w_7,'-s9qJ7ATP7w,7,8,1.104,1.242,1,1,1,17664,19872,2208,33,38,4,inferred_uniform_text_timing,ffmpeg_audio_sample_rate,video_frame_index_and_fps
'-s9qJ7ATP7w_7,'-s9qJ7ATP7w,7,9,1.242,1.38,1,1,1,19872,22080,2208,37,42,4,inferred_uniform_text_timing,ffmpeg_audio_sample_rate,video_frame_index_and_fps
'-s9qJ7ATP7w_7,'-s9qJ7ATP7w,7,10,1.38,1.518,0,1,1,22080,24288,2208,41,46,4,inferred_uniform_text_timing,ffmpeg_audio_sample_rate,video_frame_index_and_fps
'-s9qJ7ATP7w_7,'-s9qJ7ATP7w,7,11,1.518,1.6560000000000001,1,1,1,24288,26496,2208,45,50,4,inferred_uniform_text_timing,ffmpeg_audio_sample_rate,video_frame_index_and_fps
'-s9qJ7ATP7w_7,'-s9qJ7ATP7w,7,12,1.6560000000000001,1.794,1,1,1,26496,28704,2208,49,54,4,inferred_uniform_text_timing,ffmpeg_audio_sample_rate,video_frame_index_and_fps
'-s9qJ7ATP7w_7,'-s9qJ7ATP7w,7,13,1.794,1.9320000000000002,1,1,1,28704,30912,2208,53,58,4,inferred_uniform_text_timing,ffmpeg_audio_sample_rate,video_frame_index_and_fps
'-s9qJ7ATP7w_7,'-s9qJ7ATP7w,7,14,1.9320000000000002,2.07,0,1,1,30912,33120,2208,57,63,5,inferred_uniform_text_timing,ffmpeg_audio_sample_rate,video_frame_index_and_fps
'-s9qJ7ATP7w_7,'-s9qJ7ATP7w,7,15,2.07,2.208,1,1,1,33120,35328,2208,62,67,4,inferred_uniform_text_timing,ffmpeg_audio_sample_rate,video_frame_index_and_fps
'-s9qJ7ATP7w_7,'-s9qJ7ATP7w,7,16,2.208,2.346,1,1,1,35328,37536,2208,66,71,4,inferred_uniform_text_timing,ffmpeg_audio_sample_rate,video_frame_index_and_fps
'-s9qJ7ATP7w_7,'-s9qJ7ATP7w,7,17,2.346,2.484,0,1,1,37536,39744,2208,70,75,4,inferred_uniform_text_timing,ffmpeg_audio_sample_rate,video_frame_index_and_fps
'-s9qJ7ATP7w_7,'-s9qJ7ATP7w,7,18,2.484,2.622,1,1,1,39744,41952,2208,74,79,4,inferred_uniform_text_timing,ffmpeg_audio_sample_rate,video_frame_index_and_fps
'-s9qJ7ATP7w_7,'-s9qJ7ATP7w,7,19,2.622,2.76,1,1,1,41952,44160,2208,78,83,4,inferred_uniform_text_timing,ffmpeg_audio_sample_rate,video_frame_index_and_fps
'-s9qJ7ATP7w_7,'-s9qJ7ATP7w,7,20,2.76,2.898,0,1,1,44160,46368,2208,82,87,4,inferred_uniform_text_timing,ffmpeg_audio_sample_rate,video_frame_index_and_fps
'-s9qJ7ATP7w_7,'-s9qJ7ATP7w,7,21,2.898,3.036,1,1,1,46368,48576,2208,86,92,5,inferred_uniform_text_timing,ffmpeg_audio_sample_rate,video_frame_index_and_fps
'-s9qJ7ATP7w_7,'-s9qJ7ATP7w,7,22,3.036,3.1740000000000004,1,1,1,48576,50784,2208,91,96,4,inferred_uniform_text_timing,ffmpeg_audio_sample_rate,video_frame_index_and_fps
'-s9qJ7ATP7w_7,'-s9qJ7ATP7w,7,23,3.1740000000000004,3.3120000000000003,0,1,1,50784,52992,2208,95,100,4,inferred_uniform_text_timing,ffmpeg_audio_sample_rate,video_frame_index_and_fps
'-s9qJ7ATP7w_7,'-s9qJ7ATP7w,7,24,3.3120000000000003,3.45,1,1,1,52992,55200,2208,99,104,4,inferred_uniform_text_timing,ffmpeg_audio_sample_rate,video_frame_index_and_fps
'-s9qJ7ATP7w_7,'-s9qJ7ATP7w,7,25,3.45,3.588,1,1,1,55200,57408,2208,103,108,4,inferred_uniform_text_timing,ffmpeg_audio_sample_rate,video_frame_index_and_fps
'-s9qJ7ATP7w_7,'-s9qJ7ATP7w,7,26,3.588,3.7260000000000004,0,1,1,57408,59616,2208,107,112,4,inferred_uniform_text_timing,ffmpeg_audio_sample_rate,video_frame_index_and_fps
'-s9qJ7ATP7w_7,'-s9qJ7ATP7w,7,27,3.7260000000000004,3.8640000000000003,1,1,1,59616,61824,2208,111,116,4,inferred_uniform_text_timing,ffmpeg_audio_sample_rate,video_frame_index_and_fps
'-s9qJ7ATP7w_7,'-s9qJ7ATP7w,7,28,3.8640000000000003,4.002000000000001,1,1,1,61824,64032,2208,115,121,5,inferred_uniform_text_timing,ffmpeg_audio_sample_rate,video_frame_index_and_fps
'-s9qJ7ATP7w_7,'-s9qJ7ATP7w,7,29,4.002000000000001,4.14,0,1,1,64032,66240,2208,120,125,4,inferred_uniform_text_timing,ffmpeg_audio_sample_rate,video_frame_index_and_fps
'-s9qJ7ATP7w_7,'-s9qJ7ATP7w,7,30,4.14,4.2780000000000005,1,1,1,66240,68448,2208,124,129,4,inferred_uniform_text_timing,ffmpeg_audio_sample_rate,video_frame_index_and_fps
'-s9qJ7ATP7w_7,'-s9qJ7ATP7w,7,31,4.2780000000000005,4.416,1,1,1,68448,70656,2208,128,133,4,inferred_uniform_text_timing,ffmpeg_audio_sample_rate,video_frame_index_and_fps
'-s9qJ7ATP7w_7,'-s9qJ7ATP7w,7,32,4.416,4.554,0,1,1,70656,72864,2208,132,137,4,inferred_uniform_text_timing,ffmpeg_audio_sample_rate,video_frame_index_and_fps
'-s9qJ7ATP7w_7,'-s9qJ7ATP7w,7,33,4.554,4.692,1,1,1,72864,75072,2208,136,141,4,inferred_uniform_text_timing,ffmpeg_audio_sample_rate,video_frame_index_and_fps
'-s9qJ7ATP7w_7,'-s9qJ7ATP7w,7,34,4.692,4.83,1,1,1,75072,77280,2208,140,145,4,inferred_uniform_text_timing,ffmpeg_audio_sample_rate,video_frame_index_and_fps
'-s9qJ7ATP7w_7,'-s9qJ7ATP7w,7,35,4.83,4.968,0,1,1,77280,79488,2208,144,150,5,inferred_uniform_text_timing,ffmpeg_audio_sample_rate,video_frame_index_and_fps
'-s9qJ7ATP7w_7,'-s9qJ7ATP7w,7,36,4.968,5.106,1,1,1,79488,81696,2208,149,154,4,inferred_uniform_text_timing,ffmpeg_audio_sample_rate,video_frame_index_and_fps
'-s9qJ7ATP7w_7,'-s9qJ7ATP7w,7,37,5.106,5.244,1,1,1,81696,83904,2208,153,158,4,inferred_uniform_text_timing,ffmpeg_audio_sample_rate,video_frame_index_and_fps
'-s9qJ7ATP7w_7,'-s9qJ7ATP7w,7,38,5.244,5.382000000000001,1,1,1,83904,86112,2208,157,162,4,inferred_uniform_text_timing,ffmpeg_audio_sample_rate,video_frame_index_and_fps
'-s9qJ7ATP7w_7,'-s9qJ7ATP7w,7,39,5.382000000000001,5.52,0,1,1,86112,88320,2208,161,166,4,inferred_uniform_text_timing,ffmpeg_audio_sample_rate,video_frame_index_and_fps
'-s9qJ7ATP7w_7,'-s9qJ7ATP7w,7,40,5.52,5.658,1,1,1,88320,90528,2208,165,170,4,inferred_uniform_text_timing,ffmpeg_audio_sample_rate,video_frame_index_and_fps
'-s9qJ7ATP7w_7,'-s9qJ7ATP7w,7,41,5.658,5.796,1,1,1,90528,92736,2208,169,174,4,inferred_uniform_text_timing,ffmpeg_audio_sample_rate,video_frame_index_and_fps
'-s9qJ7ATP7w_7,'-s9qJ7ATP7w,7,42,5.796,5.934,0,1,1,92736,94944,2208,173,179,5,inferred_uniform_text_timing,ffmpeg_audio_sample_rate,video_frame_index_and_fps
'-s9qJ7ATP7w_7,'-s9qJ7ATP7w,7,43,5.934,6.072,1,1,1,94944,97152,2208,178,183,4,inferred_uniform_text_timing,ffmpeg_audio_sample_rate,video_frame_index_and_fps
'-s9qJ7ATP7w_7,'-s9qJ7ATP7w,7,44,6.072,6.21,1,1,1,97152,99360,2208,182,187,4,inferred_uniform_text_timing,ffmpeg_audio_sample_rate,video_frame_index_and_fps
'-s9qJ7ATP7w_7,'-s9qJ7ATP7w,7,45,6.21,6.348000000000001,0,1,1,99360,101568,2208,186,191,4,inferred_uniform_text_timing,ffmpeg_audio_sample_rate,video_frame_index_and_fps
'-s9qJ7ATP7w_7,'-s9qJ7ATP7w,7,46,6.348000000000001,6.486000000000001,1,1,1,101568,103776,2208,190,195,4,inferred_uniform_text_timing,ffmpeg_audio_sample_rate,video_frame_index_and_fps
'-s9qJ7ATP7w_7,'-s9qJ7ATP7w,7,47,6.486000000000001,6.6240000000000006,1,1,1,103776,105984,2208,194,199,4,inferred_uniform_text_timing,ffmpeg_audio_sample_rate,video_frame_index_and_fps
'-s9qJ7ATP7w_7,'-s9qJ7ATP7w,7,48,6.6240000000000006,6.7620000000000005,0,1,1,105984,108192,2208,198,203,4,inferred_uniform_text_timing,ffmpeg_audio_sample_rate,video_frame_index_and_fps
'-s9qJ7ATP7w_7,'-s9qJ7ATP7w,7,49,6.7620000000000005,6.9,1,1,1,108192,110400,1225,202,207,4,inferred_uniform_text_timing,ffmpeg_audio_sample_rate,video_frame_index_and_fps
'-s9qJ7ATP7w_6,'-s9qJ7ATP7w,6,0,0.0,0.04733333333333333,0,1,1,0,757,757,0,2,2,inferred_uniform_text_timing,ffmpeg_audio_sample_rate,video_frame_index_and_fps
'-s9qJ7ATP7w_6,'-s9qJ7ATP7w,6,1,0.04733333333333333,0.09466666666666666,0,1,1,757,1514,757,1,3,1,inferred_uniform_text_timing,ffmpeg_audio_sample_rate,video_frame_index_and_fps
'-s9qJ7ATP7w_6,'-s9qJ7ATP7w,6,2,0.09466666666666666,0.142,0,1,1,1514,2272,758,2,5,2,inferred_uniform_text_timing,ffmpeg_audio_sample_rate,video_frame_index_and_fps
'-s9qJ7ATP7w_6,'-s9qJ7ATP7w,6,3,0.142,0.18933333333333333,0,1,1,2272,3029,757,4,6,1,inferred_uniform_text_timing,ffmpeg_audio_sample_rate,video_frame_index_and_fps
'-s9qJ7ATP7w_6,'-s9qJ7ATP7w,6,4,0.18933333333333333,0.2366666666666667,0,1,1,3029,3786,757,5,8,2,inferred_uniform_text_timing,ffmpeg_audio_sample_rate,video_frame_index_and_fps
'-s9qJ7ATP7w_6,'-s9qJ7ATP7w,6,5,0.2366666666666667,0.284,1,1,1,3786,4544,758,7,9,1,inferred_uniform_text_timing,ffmpeg_audio_sample_rate,video_frame_index_and_fps
'-s9qJ7ATP7w_6,'-s9qJ7ATP7w,6,6,0.284,0.3313333333333333,0,1,1,4544,5301,757,8,10,1,inferred_uniform_text_timing,ffmpeg_audio_sample_rate,video_frame_index_and_fps
'-s9qJ7ATP7w_6,'-s9qJ7ATP7w,6,7,0.3313333333333333,0.37866666666666665,0,1,1,5301,6058,757,9,12,2,inferred_uniform_text_timing,ffmpeg_audio_sample_rate,video_frame_index_and_fps
'-s9qJ7ATP7w_6,'-s9qJ7ATP7w,6,8,0.37866666666666665,0.426,0,1,1,6058,6816,758,11,13,1,inferred_uniform_text_timing,ffmpeg_audio_sample_rate,video_frame_index_and_fps
'-s9qJ7ATP7w_6,'-s9qJ7ATP7w,6,9,0.426,0.4733333333333334,0,1,1,6816,7573,757,12,15,2,inferred_uniform_text_timing,ffmpeg_audio_sample_rate,video_frame_index_and_fps
'-s9qJ7ATP7w_6,'-s9qJ7ATP7w,6,10,0.4733333333333334,0.5206666666666667,0,1,1,7573,8330,757,14,16,1,inferred_uniform_text_timing,ffmpeg_audio_sample_rate,video_frame_index_and_fps
'-s9qJ7ATP7w_6,'-s9qJ7ATP7w,6,11,0.5206666666666667,0.568,0,1,1,8330,9088,758,15,18,2,inferred_uniform_text_timing,ffmpeg_audio_sample_rate,video_frame_index_and_fps
'-s9qJ7ATP7w_6,'-s9qJ7ATP7w,6,12,0.568,0.6153333333333333,0,1,1,9088,9845,757,17,19,1,inferred_uniform_text_timing,ffmpeg_audio_sample_rate,video_frame_index_and_fps
'-s9qJ7ATP7w_6,'-s9qJ7ATP7w,6,13,0.6153333333333333,0.6626666666666666,0,1,1,9845,10602,757,18,20,1,inferred_uniform_text_timing,ffmpeg_audio_sample_rate,video_frame_index_and_fps
'-s9qJ7ATP7w_6,'-s9qJ7ATP7w,6,14,0.6626666666666666,0.71,0,1,1,10602,11360,758,19,22,2,inferred_uniform_text_timing,ffmpeg_audio_sample_rate,video_frame_index_and_fps
'-s9qJ7ATP7w_6,'-s9qJ7ATP7w,6,15,0.71,0.7573333333333333,1,1,1,11360,12117,757,21,23,1,inferred_uniform_text_timing,ffmpeg_audio_sample_rate,video_frame_index_and_fps
'-s9qJ7ATP7w_6,'-s9qJ7ATP7w,6,16,0.7573333333333333,0.8046666666666666,0,1,1,12117,12874,757,22,25,2,inferred_uniform_text_timing,ffmpeg_audio_sample_rate,video_frame_index_and_fps
'-s9qJ7ATP7w_6,'-s9qJ7ATP7w,6,17,0.8046666666666666,0.852,0,1,1,12874,13632,758,24,26,1,inferred_uniform_text_timing,ffmpeg_audio_sample_rate,video_frame_index_and_fps
'-s9qJ7ATP7w_6,'-s9qJ7ATP7w,6,18,0.852,0.8993333333333333,0,1,1,13632,14389,757,25,27,1,inferred_uniform_text_timing,ffmpeg_audio_sample_rate,video_frame_index_and_fps
'-s9qJ7ATP7w_6,'-s9qJ7ATP7w,6,19,0.8993333333333333,0.9466666666666668,0,1,1,14389,15146,757,26,29,2,inferred_uniform_text_timing,ffmpeg_audio_sample_rate,video_frame_index_and_fps
'-s9qJ7ATP7w_6,'-s9qJ7ATP7w,6,20,0.9466666666666668,0.9940000000000001,0,1,1,15146,15904,758,28,30,1,inferred_uniform_text_timing,ffmpeg_audio_sample_rate,video_frame_index_and_fps
'-s9qJ7ATP7w_6,'-s9qJ7ATP7w,6,21,0.9940000000000001,1.0413333333333334,0,1,1,15904,16661,757,29,32,2,inferred_uniform_text_timing,ffmpeg_audio_sample_rate,video_frame_index_and_fps
'-s9qJ7ATP7w_6,'-s9qJ7ATP7w,6,22,1.0413333333333334,1.0886666666666667,0,1,1,16661,17418,757,31,33,1,inferred_uniform_text_timing,ffmpeg_audio_sample_rate,video_frame_index_and_fps
'-s9qJ7ATP7w_6,'-s9qJ7ATP7w,6,23,1.0886666666666667,1.136,0,1,1,17418,18176,758,32,35,2,inferred_uniform_text_timing,ffmpeg_audio_sample_rate,video_frame_index_and_fps
'-s9qJ7ATP7w_6,'-s9qJ7ATP7w,6,24,1.136,1.1833333333333333,0,1,1,18176,18933,757,34,36,1,inferred_uniform_text_timing,ffmpeg_audio_sample_rate,video_frame_index_and_fps
'-s9qJ7ATP7w_6,'-s9qJ7ATP7w,6,25,1.1833333333333333,1.2306666666666666,1,1,1,18933,19690,757,35,37,1,inferred_uniform_text_timing,ffmpeg_audio_sample_rate,video_frame_index_and_fps
'-s9qJ7ATP7w_6,'-s9qJ7ATP7w,6,26,1.2306666666666666,1.278,0,1,1,19690,20448,758,36,39,2,inferred_uniform_text_timing,ffmpeg_audio_sample_rate,video_frame_index_and_fps
'-s9qJ7ATP7w_6,'-s9qJ7ATP7w,6,27,1.278,1.3253333333333333,0,1,1,20448,21205,757,38,40,1,inferred_uniform_text_timing,ffmpeg_audio_sample_rate,video_frame_index_and_fps
'-s9qJ7ATP7w_6,'-s9qJ7ATP7w,6,28,1.3253333333333333,1.3726666666666667,0,1,1,21205,21962,757,39,42,2,inferred_uniform_text_timing,ffmpeg_audio_sample_rate,video_frame_index_and_fps
'-s9qJ7ATP7w_6,'-s9qJ7ATP7w,6,29,1.3726666666666667,1.42,0,1,1,21962,22720,758,41,43,1,inferred_uniform_text_timing,ffmpeg_audio_sample_rate,video_frame_index_and_fps
'-s9qJ7ATP7w_6,'-s9qJ7ATP7w,6,30,1.42,1.4673333333333334,0,1,1,22720,23477,757,42,45,2,inferred_uniform_text_timing,ffmpeg_audio_sample_rate,video_frame_index_and_fps
'-s9qJ7ATP7w_6,'-s9qJ7ATP7w,6,31,1.4673333333333334,1.5146666666666666,0,1,1,23477,24234,757,44,46,1,inferred_uniform_text_timing,ffmpeg_audio_sample_rate,video_frame_index_and_fps
'-s9qJ7ATP7w_6,'-s9qJ7ATP7w,6,32,1.5146666666666666,1.5619999999999998,0,1,1,24234,24991,757,45,47,1,inferred_uniform_text_timing,ffmpeg_audio_sample_rate,video_frame_index_and_fps
'-s9qJ7ATP7w_6,'-s9qJ7ATP7w,6,33,1.5619999999999998,1.6093333333333333,0,1,1,24991,25749,758,46,49,2,inferred_uniform_text_timing,ffmpeg_audio_sample_rate,video_frame_index_and_fps
'-s9qJ7ATP7w_6,'-s9qJ7ATP7w,6,34,1.6093333333333333,1.6566666666666665,0,1,1,25749,26506,757,48,50,1,inferred_uniform_text_timing,ffmpeg_audio_sample_rate,video_frame_index_and_fps
'-s9qJ7ATP7w_6,'-s9qJ7ATP7w,6,35,1.6566666666666665,1.704,1,1,1,26506,27264,758,49,52,2,inferred_uniform_text_timing,ffmpeg_audio_sample_rate,video_frame_index_and_fps
'-s9qJ7ATP7w_6,'-s9qJ7ATP7w,6,36,1.704,1.7513333333333332,0,1,1,27264,28021,757,51,53,1,inferred_uniform_text_timing,ffmpeg_audio_sample_rate,video_frame_index_and_fps
'-s9qJ7ATP7w_6,'-s9qJ7ATP7w,6,37,1.7513333333333332,1.7986666666666666,0,1,1,28021,28778,757,52,54,1,inferred_uniform_text_timing,ffmpeg_audio_sample_rate,video_frame_index_and_fps
'-s9qJ7ATP7w_6,'-s9qJ7ATP7w,6,38,1.7986666666666666,1.8459999999999999,0,1,1,28778,29535,757,53,56,2,inferred_uniform_text_timing,ffmpeg_audio_sample_rate,video_frame_index_and_fps
'-s9qJ7ATP7w_6,'-s9qJ7ATP7w,6,39,1.8459999999999999,1.8933333333333335,0,1,1,29535,30293,758,55,57,1,inferred_uniform_text_timing,ffmpeg_audio_sample_rate,video_frame_index_and_fps
'-s9qJ7ATP7w_6,'-s9qJ7ATP7w,6,40,1.8933333333333335,1.9406666666666665,0,1,1,30293,31050,757,56,59,2,inferred_uniform_text_timing,ffmpeg_audio_sample_rate,video_frame_index_and_fps
'-s9qJ7ATP7w_6,'-s9qJ7ATP7w,6,41,1.9406666666666665,1.9880000000000002,0,1,1,31050,31808,758,58,60,1,inferred_uniform_text_timing,ffmpeg_audio_sample_rate,video_frame_index_and_fps
'-s9qJ7ATP7w_6,'-s9qJ7ATP7w,6,42,1.9880000000000002,2.0353333333333334,0,1,1,31808,32565,757,59,62,2,inferred_uniform_text_timing,ffmpeg_audio_sample_rate,video_frame_index_and_fps
'-s9qJ7ATP7w_6,'-s9qJ7ATP7w,6,43,2.0353333333333334,2.082666666666667,0,1,1,32565,33322,757,61,63,1,inferred_uniform_text_timing,ffmpeg_audio_sample_rate,video_frame_index_and_fps
'-s9qJ7ATP7w_6,'-s9qJ7ATP7w,6,44,2.082666666666667,2.13,1,1,1,33322,34080,758,62,64,1,inferred_uniform_text_timing,ffmpeg_audio_sample_rate,video_frame_index_and_fps
'-s9qJ7ATP7w_6,'-s9qJ7ATP7w,6,45,2.13,2.1773333333333333,0,1,1,34080,34837,757,63,66,2,inferred_uniform_text_timing,ffmpeg_audio_sample_rate,video_frame_index_and_fps
'-s9qJ7ATP7w_6,'-s9qJ7ATP7w,6,46,2.1773333333333333,2.224666666666667,0,1,1,34837,35594,757,65,67,1,inferred_uniform_text_timing,ffmpeg_audio_sample_rate,video_frame_index_and_fps
'-s9qJ7ATP7w_6,'-s9qJ7ATP7w,6,47,2.224666666666667,2.272,0,1,1,35594,36352,758,66,69,2,inferred_uniform_text_timing,ffmpeg_audio_sample_rate,video_frame_index_and_fps
'-s9qJ7ATP7w_6,'-s9qJ7ATP7w,6,48,2.272,2.3193333333333332,0,1,1,36352,37109,685,68,70,1,inferred_uniform_text_timing,ffmpeg_audio_sample_rate,video_frame_index_and_fps
'-s9qJ7ATP7w_6,'-s9qJ7ATP7w,6,49,2.3193333333333332,2.3666666666666667,0,0,1,37109,37866,0,69,71,1,inferred_uniform_text_timing,ffmpeg_audio_sample_rate,video_frame_index_and_fps
'-s9qJ7ATP7w_8,'-s9qJ7ATP7w,8,0,0.0,0.06466666666666666,0,1,1,0,1034,1034,0,2,2,inferred_uniform_text_timing,ffmpeg_audio_sample_rate,video_frame_index_and_fps
'-s9qJ7ATP7w_8,'-s9qJ7ATP7w,8,1,0.06466666666666666,0.12933333333333333,1,1,1,1034,2069,1035,1,4,2,inferred_uniform_text_timing,ffmpeg_audio_sample_rate,video_frame_index_and_fps
'-s9qJ7ATP7w_8,'-s9qJ7ATP7w,8,2,0.12933333333333333,0.19399999999999998,0,1,1,2069,3103,1034,3,6,2,inferred_uniform_text_timing,ffmpeg_audio_sample_rate,video_frame_index_and_fps
'-s9qJ7ATP7w_8,'-s9qJ7ATP7w,8,3,0.19399999999999998,0.25866666666666666,0,1,1,3103,4138,1035,5,8,2,inferred_uniform_text_timing,ffmpeg_audio_sample_rate,video_frame_index_and_fps
'-s9qJ7ATP7w_8,'-s9qJ7ATP7w,8,4,0.25866666666666666,0.32333333333333336,1,1,1,4138,5173,1035,7,10,2,inferred_uniform_text_timing,ffmpeg_audio_sample_rate,video_frame_index_and_fps
'-s9qJ7ATP7w_8,'-s9qJ7ATP7w,8,5,0.32333333333333336,0.38799999999999996,0,1,1,5173,6207,1034,9,12,2,inferred_uniform_text_timing,ffmpeg_audio_sample_rate,video_frame_index_and_fps
'-s9qJ7ATP7w_8,'-s9qJ7ATP7w,8,6,0.38799999999999996,0.45266666666666666,0,1,1,6207,7242,1035,11,14,2,inferred_uniform_text_timing,ffmpeg_audio_sample_rate,video_frame_index_and_fps
'-s9qJ7ATP7w_8,'-s9qJ7ATP7w,8,7,0.45266666666666666,0.5173333333333333,1,1,1,7242,8277,1035,13,16,2,inferred_uniform_text_timing,ffmpeg_audio_sample_rate,video_frame_index_and_fps
'-s9qJ7ATP7w_8,'-s9qJ7ATP7w,8,8,0.5173333333333333,0.5820000000000001,0,1,1,8277,9312,1035,15,18,2,inferred_uniform_text_timing,ffmpeg_audio_sample_rate,video_frame_index_and_fps
'-s9qJ7ATP7w_8,'-s9qJ7ATP7w,8,9,0.5820000000000001,0.6466666666666667,0,1,1,9312,10346,1034,17,20,2,inferred_uniform_text_timing,ffmpeg_audio_sample_rate,video_frame_index_and_fps
'-s9qJ7ATP7w_8,'-s9qJ7ATP7w,8,10,0.6466666666666667,0.7113333333333334,1,1,1,10346,11381,1035,19,22,2,inferred_uniform_text_timing,ffmpeg_audio_sample_rate,video_frame_index_and_fps
'-s9qJ7ATP7w_8,'-s9qJ7ATP7w,8,11,0.7113333333333334,0.7759999999999999,0,1,1,11381,12415,1034,21,24,2,inferred_uniform_text_timing,ffmpeg_audio_sample_rate,video_frame_index_and_fps
'-s9qJ7ATP7w_8,'-s9qJ7ATP7w,8,12,0.7759999999999999,0.8406666666666667,0,1,1,12415,13450,1035,23,26,2,inferred_uniform_text_timing,ffmpeg_audio_sample_rate,video_frame_index_and_fps
'-s9qJ7ATP7w_8,'-s9qJ7ATP7w,8,13,0.8406666666666667,0.9053333333333333,1,1,1,13450,14485,1035,25,28,2,inferred_uniform_text_timing,ffmpeg_audio_sample_rate,video_frame_index_and_fps
'-s9qJ7ATP7w_8,'-s9qJ7ATP7w,8,14,0.9053333333333333,0.97,0,1,1,14485,15520,1035,27,30,2,inferred_uniform_text_timing,ffmpeg_audio_sample_rate,video_frame_index_and_fps
'-s9qJ7ATP7w_8,'-s9qJ7ATP7w,8,15,0.97,1.0346666666666666,0,1,1,15520,16554,1034,29,32,2,inferred_uniform_text_timing,ffmpeg_audio_sample_rate,video_frame_index_and_fps
'-s9qJ7ATP7w_8,'-s9qJ7ATP7w,8,16,1.0346666666666666,1.0993333333333333,1,1,1,16554,17589,1035,31,33,1,inferred_uniform_text_timing,ffmpeg_audio_sample_rate,video_frame_index_and_fps
'-s9qJ7ATP7w_8,'-s9qJ7ATP7w,8,17,1.0993333333333333,1.1640000000000001,0,1,1,17589,18624,1035,32,35,2,inferred_uniform_text_timing,ffmpeg_audio_sample_rate,video_frame_index_and_fps
'-s9qJ7ATP7w_8,'-s9qJ7ATP7w,8,18,1.1640000000000001,1.2286666666666668,0,1,1,18624,19658,1034,34,37,2,inferred_uniform_text_timing,ffmpeg_audio_sample_rate,video_frame_index_and_fps
'-s9qJ7ATP7w_8,'-s9qJ7ATP7w,8,19,1.2286666666666668,1.2933333333333334,1,1,1,19658,20693,1035,36,39,2,inferred_uniform_text_timing,ffmpeg_audio_sample_rate,video_frame_index_and_fps
'-s9qJ7ATP7w_8,'-s9qJ7ATP7w,8,20,1.2933333333333334,1.358,0,1,1,20693,21728,1035,38,41,2,inferred_uniform_text_timing,ffmpeg_audio_sample_rate,video_frame_index_and_fps
'-s9qJ7ATP7w_8,'-s9qJ7ATP7w,8,21,1.358,1.4226666666666667,0,1,1,21728,22762,1034,40,43,2,inferred_uniform_text_timing,ffmpeg_audio_sample_rate,video_frame_index_and_fps
'-s9qJ7ATP7w_8,'-s9qJ7ATP7w,8,22,1.4226666666666667,1.4873333333333334,1,1,1,22762,23797,1035,42,45,2,inferred_uniform_text_timing,ffmpeg_audio_sample_rate,video_frame_index_and_fps
'-s9qJ7ATP7w_8,'-s9qJ7ATP7w,8,23,1.4873333333333334,1.5519999999999998,0,1,1,23797,24831,1034,44,47,2,inferred_uniform_text_timing,ffmpeg_audio_sample_rate,video_frame_index_and_fps
'-s9qJ7ATP7w_8,'-s9qJ7ATP7w,8,24,1.5519999999999998,1.6166666666666665,0,1,1,24831,25866,1035,46,49,2,inferred_uniform_text_timing,ffmpeg_audio_sample_rate,video_frame_index_and_fps
'-s9qJ7ATP7w_8,'-s9qJ7ATP7w,8,25,1.6166666666666665,1.6813333333333333,1,1,1,25866,26901,1035,48,51,2,inferred_uniform_text_timing,ffmpeg_audio_sample_rate,video_frame_index_and_fps
'-s9qJ7ATP7w_8,'-s9qJ7ATP7w,8,26,1.6813333333333333,1.746,0,1,1,26901,27936,1035,50,53,2,inferred_uniform_text_timing,ffmpeg_audio_sample_rate,video_frame_index_and_fps
'-s9qJ7ATP7w_8,'-s9qJ7ATP7w,8,27,1.746,1.8106666666666666,1,1,1,27936,28970,1034,52,55,2,inferred_uniform_text_timing,ffmpeg_audio_sample_rate,video_frame_index_and_fps
'-s9qJ7ATP7w_8,'-s9qJ7ATP7w,8,28,1.8106666666666666,1.8753333333333333,0,1,1,28970,30005,1035,54,57,2,inferred_uniform_text_timing,ffmpeg_audio_sample_rate,video_frame_index_and_fps
'-s9qJ7ATP7w_8,'-s9qJ7ATP7w,8,29,1.8753333333333333,1.94,0,1,1,30005,31040,1035,56,59,2,inferred_uniform_text_timing,ffmpeg_audio_sample_rate,video_frame_index_and_fps
'-s9qJ7ATP7w_8,'-s9qJ7ATP7w,8,30,1.94,2.0046666666666666,1,1,1,31040,32074,1034,58,61,2,inferred_uniform_text_timing,ffmpeg_audio_sample_rate,video_frame_index_and_fps
'-s9qJ7ATP7w_8,'-s9qJ7ATP7w,8,31,2.0046666666666666,2.0693333333333332,0,1,1,32074,33109,1035,60,63,2,inferred_uniform_text_timing,ffmpeg_audio_sample_rate,video_frame_index_and_fps
'-s9qJ7ATP7w_8,'-s9qJ7ATP7w,8,32,2.0693333333333332,2.134,0,1,1,33109,34144,1035,62,65,2,inferred_uniform_text_timing,ffmpeg_audio_sample_rate,video_frame_index_and_fps
'-s9qJ7ATP7w_8,'-s9qJ7ATP7w,8,33,2.134,2.1986666666666665,1,1,1,34144,35178,1034,64,66,1,inferred_uniform_text_timing,ffmpeg_audio_sample_rate,video_frame_index_and_fps
'-s9qJ7ATP7w_8,'-s9qJ7ATP7w,8,34,2.1986666666666665,2.2633333333333336,0,1,1,35178,36213,1035,65,68,2,inferred_uniform_text_timing,ffmpeg_audio_sample_rate,video_frame_index_and_fps
'-s9qJ7ATP7w_8,'-s9qJ7ATP7w,8,35,2.2633333333333336,2.3280000000000003,0,1,1,36213,37248,1035,67,70,2,inferred_uniform_text_timing,ffmpeg_audio_sample_rate,video_frame_index_and_fps
'-s9qJ7ATP7w_8,'-s9qJ7ATP7w,8,36,2.3280000000000003,2.392666666666667,1,1,1,37248,38282,1034,69,72,2,inferred_uniform_text_timing,ffmpeg_audio_sample_rate,video_frame_index_and_fps
'-s9qJ7ATP7w_8,'-s9qJ7ATP7w,8,37,2.392666666666667,2.4573333333333336,0,1,1,38282,39317,1035,71,74,2,inferred_uniform_text_timing,ffmpeg_audio_sample_rate,video_frame_index_and_fps
'-s9qJ7ATP7w_8,'-s9qJ7ATP7w,8,38,2.4573333333333336,2.5220000000000002,0,1,1,39317,40352,1035,73,76,2,inferred_uniform_text_timing,ffmpeg_audio_sample_rate,video_frame_index_and_fps
'-s9qJ7ATP7w_8,'-s9qJ7ATP7w,8,39,2.5220000000000002,2.586666666666667,1,1,1,40352,41386,1034,75,78,2,inferred_uniform_text_timing,ffmpeg_audio_sample_rate,video_frame_index_and_fps
'-s9qJ7ATP7w_8,'-s9qJ7ATP7w,8,40,2.586666666666667,2.651333333333333,0,1,1,41386,42421,1035,77,80,2,inferred_uniform_text_timing,ffmpeg_audio_sample_rate,video_frame_index_and_fps
'-s9qJ7ATP7w_8,'-s9qJ7ATP7w,8,41,2.651333333333333,2.716,0,1,1,42421,43456,1035,79,82,2,inferred_uniform_text_timing,ffmpeg_audio_sample_rate,video_frame_index_and_fps
'-s9qJ7ATP7w_8,'-s9qJ7ATP7w,8,42,2.716,2.780666666666667,1,1,1,43456,44490,1034,81,84,2,inferred_uniform_text_timing,ffmpeg_audio_sample_rate,video_frame_index_and_fps
'-s9qJ7ATP7w_8,'-s9qJ7ATP7w,8,43,2.780666666666667,2.8453333333333335,0,1,1,44490,45525,1035,83,86,2,inferred_uniform_text_timing,ffmpeg_audio_sample_rate,video_frame_index_and_fps
'-s9qJ7ATP7w_8,'-s9qJ7ATP7w,8,44,2.8453333333333335,2.91,0,1,1,45525,46560,1035,85,88,2,inferred_uniform_text_timing,ffmpeg_audio_sample_rate,video_frame_index_and_fps
'-s9qJ7ATP7w_8,'-s9qJ7ATP7w,8,45,2.91,2.974666666666667,1,1,1,46560,47594,1034,87,90,2,inferred_uniform_text_timing,ffmpeg_audio_sample_rate,video_frame_index_and_fps
'-s9qJ7ATP7w_8,'-s9qJ7ATP7w,8,46,2.974666666666667,3.0393333333333334,0,1,1,47594,48629,1035,89,92,2,inferred_uniform_text_timing,ffmpeg_audio_sample_rate,video_frame_index_and_fps
'-s9qJ7ATP7w_8,'-s9qJ7ATP7w,8,47,3.0393333333333334,3.1039999999999996,0,1,1,48629,49663,1034,91,94,2,inferred_uniform_text_timing,ffmpeg_audio_sample_rate,video_frame_index_and_fps
'-s9qJ7ATP7w_8,'-s9qJ7ATP7w,8,48,3.1039999999999996,3.1686666666666667,1,1,1,49663,50698,1035,93,96,2,inferred_uniform_text_timing,ffmpeg_audio_sample_rate,video_frame_index_and_fps
'-s9qJ7ATP7w_8,'-s9qJ7ATP7w,8,49,3.1686666666666667,3.233333333333333,0,1,1,50698,51733,250,95,97,1,inferred_uniform_text_timing,ffmpeg_audio_sample_rate,video_frame_index_and_fps
'-yRb-Jum7EQ_1,'-yRb-Jum7EQ,1,0,0.0,0.5833333333333334,1,1,1,0,9333,9333,0,18,18,inferred_uniform_text_timing,ffmpeg_audio_sample_rate,video_frame_index_and_fps
'-yRb-Jum7EQ_1,'-yRb-Jum7EQ,1,1,0.5833333333333334,1.1666666666666667,1,1,1,9333,18666,9333,17,35,17,inferred_uniform_text_timing,ffmpeg_audio_sample_rate,video_frame_index_and_fps
'-yRb-Jum7EQ_1,'-yRb-Jum7EQ,1,2,1.1666666666666667,1.75,1,1,1,18666,28000,9334,35,53,18,inferred_uniform_text_timing,ffmpeg_audio_sample_rate,video_frame_index_and_fps
'-yRb-Jum7EQ_1,'-yRb-Jum7EQ,1,3,1.75,2.3333333333333335,1,1,1,28000,37333,9333,52,70,17,inferred_uniform_text_timing,ffmpeg_audio_sample_rate,video_frame_index_and_fps
'-yRb-Jum7EQ_1,'-yRb-Jum7EQ,1,4,2.3333333333333335,2.916666666666667,1,1,1,37333,46666,9333,70,88,18,inferred_uniform_text_timing,ffmpeg_audio_sample_rate,video_frame_index_and_fps
'-yRb-Jum7EQ_1,'-yRb-Jum7EQ,1,5,2.916666666666667,3.5,1,1,1,46666,56000,9334,87,105,17,inferred_uniform_text_timing,ffmpeg_audio_sample_rate,video_frame_index_and_fps
'-yRb-Jum7EQ_1,'-yRb-Jum7EQ,1,6,3.5,4.083333333333334,1,1,1,56000,65333,9333,105,123,18,inferred_uniform_text_timing,ffmpeg_audio_sample_rate,video_frame_index_and_fps
'-yRb-Jum7EQ_1,'-yRb-Jum7EQ,1,7,4.083333333333334,4.666666666666667,1,1,1,65333,74666,9333,122,140,17,inferred_uniform_text_timing,ffmpeg_audio_sample_rate,video_frame_index_and_fps
'-yRb-Jum7EQ_1,'-yRb-Jum7EQ,1,8,4.666666666666667,5.25,1,1,1,74666,84000,9334,140,158,18,inferred_uniform_text_timing,ffmpeg_audio_sample_rate,video_frame_index_and_fps
'-yRb-Jum7EQ_1,'-yRb-Jum7EQ,1,9,5.25,5.833333333333334,1,1,1,84000,93333,9333,157,176,17,inferred_uniform_text_timing,ffmpeg_audio_sample_rate,video_frame_index_and_fps
'-yRb-Jum7EQ_1,'-yRb-Jum7EQ,1,10,5.833333333333334,6.416666666666668,1,1,1,93333,102666,9333,175,193,18,inferred_uniform_text_timing,ffmpeg_audio_sample_rate,video_frame_index_and_fps
'-yRb-Jum7EQ_1,'-yRb-Jum7EQ,1,11,6.416666666666668,7.0,1,1,1,102666,112000,9334,192,210,17,inferred_uniform_text_timing,ffmpeg_audio_sample_rate,video_frame_index_and_fps
'-yRb-Jum7EQ_1,'-yRb-Jum7EQ,1,12,7.0,7.583333333333334,1,1,1,112000,121333,9333,210,228,18,inferred_uniform_text_timing,ffmpeg_audio_sample_rate,video_frame_index_and_fps
'-yRb-Jum7EQ_1,'-yRb-Jum7EQ,1,13,7.583333333333334,8.166666666666668,1,1,1,121333,130666,9333,227,246,17,inferred_uniform_text_timing,ffmpeg_audio_sample_rate,video_frame_index_and_fps
'-yRb-Jum7EQ_1,'-yRb-Jum7EQ,1,14,8.166666666666668,8.75,1,1,1,130666,140000,9334,245,263,18,inferred_uniform_text_timing,ffmpeg_audio_sample_rate,video_frame_index_and_fps
'-yRb-Jum7EQ_1,'-yRb-Jum7EQ,1,15,8.75,9.333333333333334,1,1,1,140000,149333,9333,262,280,17,inferred_uniform_text_timing,ffmpeg_audio_sample_rate,video_frame_index_and_fps
'-yRb-Jum7EQ_1,'-yRb-Jum7EQ,1,16,9.333333333333334,9.916666666666668,1,1,1,149333,158666,9333,280,298,18,inferred_uniform_text_timing,ffmpeg_audio_sample_rate,video_frame_index_and_fps
'-yRb-Jum7EQ_1,'-yRb-Jum7EQ,1,17,9.916666666666668,10.5,1,1,1,158666,168000,9334,297,315,17,inferred_uniform_text_timing,ffmpeg_audio_sample_rate,video_frame_index_and_fps
'-yRb-Jum7EQ_1,'-yRb-Jum7EQ,1,18,10.5,11.083333333333336,1,1,1,168000,177333,9333,315,333,18,inferred_uniform_text_timing,ffmpeg_audio_sample_rate,video_frame_index_and_fps
'-yRb-Jum7EQ_1,'-yRb-Jum7EQ,1,19,11.083333333333336,11.666666666666668,1,1,1,177333,186666,9333,332,351,17,inferred_uniform_text_timing,ffmpeg_audio_sample_rate,video_frame_index_and_fps
'-yRb-Jum7EQ_1,'-yRb-Jum7EQ,1,20,11.666666666666668,12.25,1,1,1,186666,196000,9334,350,368,18,inferred_uniform_text_timing,ffmpeg_audio_sample_rate,video_frame_index_and_fps
'-yRb-Jum7EQ_1,'-yRb-Jum7EQ,1,21,12.25,12.833333333333336,1,1,1,196000,205333,9333,367,386,17,inferred_uniform_text_timing,ffmpeg_audio_sample_rate,video_frame_index_and_fps
'-yRb-Jum7EQ_1,'-yRb-Jum7EQ,1,22,12.833333333333336,13.416666666666668,1,1,1,205333,214666,9333,385,403,18,inferred_uniform_text_timing,ffmpeg_audio_sample_rate,video_frame_index_and_fps
'-yRb-Jum7EQ_1,'-yRb-Jum7EQ,1,23,13.416666666666668,14.0,1,1,1,214666,224000,9334,402,420,17,inferred_uniform_text_timing,ffmpeg_audio_sample_rate,video_frame_index_and_fps
'-yRb-Jum7EQ_1,'-yRb-Jum7EQ,1,24,14.0,14.583333333333336,1,1,1,224000,233333,9333,420,438,18,inferred_uniform_text_timing,ffmpeg_audio_sample_rate,video_frame_index_and_fps
'-yRb-Jum7EQ_1,'-yRb-Jum7EQ,1,25,14.583333333333336,15.166666666666668,1,1,1,233333,242666,9333,437,456,17,inferred_uniform_text_timing,ffmpeg_audio_sample_rate,video_frame_index_and_fps
'-yRb-Jum7EQ_1,'-yRb-Jum7EQ,1,26,15.166666666666668,15.75,1,1,1,242666,252000,9334,455,473,18,inferred_uniform_text_timing,ffmpeg_audio_sample_rate,video_frame_index_and_fps
'-yRb-Jum7EQ_1,'-yRb-Jum7EQ,1,27,15.75,16.333333333333336,1,1,1,252000,261333,9333,472,491,17,inferred_uniform_text_timing,ffmpeg_audio_sample_rate,video_frame_index_and_fps
'-yRb-Jum7EQ_1,'-yRb-Jum7EQ,1,28,16.333333333333336,16.916666666666668,1,1,1,261333,270666,9333,490,508,18,inferred_uniform_text_timing,ffmpeg_audio_sample_rate,video_frame_index_and_fps
'-yRb-Jum7EQ_1,'-yRb-Jum7EQ,1,29,16.916666666666668,17.5,1,1,1,270666,280000,9334,507,525,17,inferred_uniform_text_timing,ffmpeg_audio_sample_rate,video_frame_index_and_fps
'-yRb-Jum7EQ_1,'-yRb-Jum7EQ,1,30,17.5,18.083333333333336,1,1,1,280000,289333,9333,525,543,18,inferred_uniform_text_timing,ffmpeg_audio_sample_rate,video_frame_index_and_fps
'-yRb-Jum7EQ_1,'-yRb-Jum7EQ,1,31,18.083333333333336,18.666666666666668,1,1,1,289333,298666,9333,542,560,17,inferred_uniform_text_timing,ffmpeg_audio_sample_rate,video_frame_index_and_fps
'-yRb-Jum7EQ_1,'-yRb-Jum7EQ,1,32,18.666666666666668,19.25,1,1,1,298666,308000,9334,560,578,18,inferred_uniform_text_timing,ffmpeg_audio_sample_rate,video_frame_index_and_fps
'-yRb-Jum7EQ_1,'-yRb-Jum7EQ,1,33,19.25,19.833333333333336,1,1,1,308000,317333,9333,577,596,17,inferred_uniform_text_timing,ffmpeg_audio_sample_rate,video_frame_index_and_fps
'-yRb-Jum7EQ_1,'-yRb-Jum7EQ,1,34,19.833333333333336,20.416666666666668,1,1,1,317333,326666,9333,595,613,18,inferred_uniform_text_timing,ffmpeg_audio_sample_rate,video_frame_index_and_fps
'-yRb-Jum7EQ_1,'-yRb-Jum7EQ,1,35,20.416666666666668,21.0,1,1,1,326666,336000,9334,612,630,17,inferred_uniform_text_timing,ffmpeg_audio_sample_rate,video_frame_index_and_fps
'-yRb-Jum7EQ_1,'-yRb-Jum7EQ,1,36,21.0,21.583333333333336,1,1,1,336000,345333,9333,630,648,18,inferred_uniform_text_timing,ffmpeg_audio_sample_rate,video_frame_index_and_fps
'-yRb-Jum7EQ_1,'-yRb-Jum7EQ,1,37,21.583333333333336,22.16666666666667,1,1,1,345333,354666,9333,647,666,17,inferred_uniform_text_timing,ffmpeg_audio_sample_rate,video_frame_index_and_fps
'-yRb-Jum7EQ_1,'-yRb-Jum7EQ,1,38,22.16666666666667,22.75,1,1,1,354666,364000,9334,665,683,18,inferred_uniform_text_timing,ffmpeg_audio_sample_rate,video_frame_index_and_fps
'-yRb-Jum7EQ_1,'-yRb-Jum7EQ,1,39,22.75,23.333333333333336,1,1,1,364000,373333,9333,682,701,17,inferred_uniform_text_timing,ffmpeg_audio_sample_rate,video_frame_index_and_fps
'-yRb-Jum7EQ_1,'-yRb-Jum7EQ,1,40,23.333333333333336,23.91666666666667,1,1,1,373333,382666,9333,700,718,18,inferred_uniform_text_timing,ffmpeg_audio_sample_rate,video_frame_index_and_fps
'-yRb-Jum7EQ_1,'-yRb-Jum7EQ,1,41,23.91666666666667,24.5,1,1,1,382666,392000,9334,717,735,17,inferred_uniform_text_timing,ffmpeg_audio_sample_rate,video_frame_index_and_fps
'-yRb-Jum7EQ_1,'-yRb-Jum7EQ,1,42,24.5,25.083333333333336,1,1,1,392000,401333,9333,735,753,18,inferred_uniform_text_timing,ffmpeg_audio_sample_rate,video_frame_index_and_fps
'-yRb-Jum7EQ_1,'-yRb-Jum7EQ,1,43,25.083333333333336,25.66666666666667,1,1,1,401333,410666,9333,752,771,17,inferred_uniform_text_timing,ffmpeg_audio_sample_rate,video_frame_index_and_fps
'-yRb-Jum7EQ_1,'-yRb-Jum7EQ,1,44,25.66666666666667,26.25,1,1,1,410666,420000,9334,770,788,18,inferred_uniform_text_timing,ffmpeg_audio_sample_rate,video_frame_index_and_fps
'-yRb-Jum7EQ_1,'-yRb-Jum7EQ,1,45,26.25,26.833333333333336,1,1,1,420000,429333,9333,787,806,17,inferred_uniform_text_timing,ffmpeg_audio_sample_rate,video_frame_index_and_fps
'-yRb-Jum7EQ_1,'-yRb-Jum7EQ,1,46,26.833333333333336,27.41666666666667,1,1,1,429333,438666,9333,805,823,18,inferred_uniform_text_timing,ffmpeg_audio_sample_rate,video_frame_index_and_fps
'-yRb-Jum7EQ_1,'-yRb-Jum7EQ,1,47,27.41666666666667,28.0,1,1,1,438666,448000,9334,822,840,17,inferred_uniform_text_timing,ffmpeg_audio_sample_rate,video_frame_index_and_fps
'-yRb-Jum7EQ_1,'-yRb-Jum7EQ,1,48,28.0,28.583333333333336,1,1,1,448000,457333,9333,840,858,18,inferred_uniform_text_timing,ffmpeg_audio_sample_rate,video_frame_index_and_fps
'-yRb-Jum7EQ_1,'-yRb-Jum7EQ,1,49,28.583333333333336,29.16666666666667,1,1,1,457333,466666,8423,857,876,17,inferred_uniform_text_timing,ffmpeg_audio_sample_rate,video_frame_index_and_fps
'-yRb-Jum7EQ_5,'-yRb-Jum7EQ,5,0,0.0,0.26266666666666666,1,1,1,0,4202,4202,0,8,8,inferred_uniform_text_timing,ffmpeg_audio_sample_rate,video_frame_index_and_fps
'-yRb-Jum7EQ_5,'-yRb-Jum7EQ,5,1,0.26266666666666666,0.5253333333333333,0,1,1,4202,8405,4203,7,16,8,inferred_uniform_text_timing,ffmpeg_audio_sample_rate,video_frame_index_and_fps
'-yRb-Jum7EQ_5,'-yRb-Jum7EQ,5,2,0.5253333333333333,0.7879999999999999,1,1,1,8405,12607,4202,15,24,8,inferred_uniform_text_timing,ffmpeg_audio_sample_rate,video_frame_index_and_fps
'-yRb-Jum7EQ_5,'-yRb-Jum7EQ,5,3,0.7879999999999999,1.0506666666666666,0,1,1,12607,16810,4203,23,32,8,inferred_uniform_text_timing,ffmpeg_audio_sample_rate,video_frame_index_and_fps
'-yRb-Jum7EQ_5,'-yRb-Jum7EQ,5,4,1.0506666666666666,1.3133333333333332,1,1,1,16810,21013,4203,31,40,8,inferred_uniform_text_timing,ffmpeg_audio_sample_rate,video_frame_index_and_fps
'-yRb-Jum7EQ_5,'-yRb-Jum7EQ,5,5,1.3133333333333332,1.5759999999999998,0,1,1,21013,25215,4202,39,48,8,inferred_uniform_text_timing,ffmpeg_audio_sample_rate,video_frame_index_and_fps
'-yRb-Jum7EQ_5,'-yRb-Jum7EQ,5,6,1.5759999999999998,1.8386666666666667,1,1,1,25215,29418,4203,47,56,8,inferred_uniform_text_timing,ffmpeg_audio_sample_rate,video_frame_index_and_fps
'-yRb-Jum7EQ_5,'-yRb-Jum7EQ,5,7,1.8386666666666667,2.1013333333333333,1,1,1,29418,33621,4203,55,64,8,inferred_uniform_text_timing,ffmpeg_audio_sample_rate,video_frame_index_and_fps
'-yRb-Jum7EQ_5,'-yRb-Jum7EQ,5,8,2.1013333333333333,2.364,0,1,1,33621,37824,4203,63,71,7,inferred_uniform_text_timing,ffmpeg_audio_sample_rate,video_frame_index_and_fps
'-yRb-Jum7EQ_5,'-yRb-Jum7EQ,5,9,2.364,2.6266666666666665,1,1,1,37824,42026,4202,70,79,8,inferred_uniform_text_timing,ffmpeg_audio_sample_rate,video_frame_index_and_fps
'-yRb-Jum7EQ_5,'-yRb-Jum7EQ,5,10,2.6266666666666665,2.8893333333333335,0,1,1,42026,46229,4203,78,87,8,inferred_uniform_text_timing,ffmpeg_audio_sample_rate,video_frame_index_and_fps
'-yRb-Jum7EQ_5,'-yRb-Jum7EQ,5,11,2.8893333333333335,3.1519999999999997,1,1,1,46229,50431,4202,86,95,8,inferred_uniform_text_timing,ffmpeg_audio_sample_rate,video_frame_index_and_fps
'-yRb-Jum7EQ_5,'-yRb-Jum7EQ,5,12,3.1519999999999997,3.4146666666666663,1,1,1,50431,54634,4203,94,103,8,inferred_uniform_text_timing,ffmpeg_audio_sample_rate,video_frame_index_and_fps
'-yRb-Jum7EQ_5,'-yRb-Jum7EQ,5,13,3.4146666666666663,3.6773333333333333,0,1,1,54634,58837,4203,102,111,8,inferred_uniform_text_timing,ffmpeg_audio_sample_rate,video_frame_index_and_fps
'-yRb-Jum7EQ_5,'-yRb-Jum7EQ,5,14,3.6773333333333333,3.94,1,1,1,58837,63040,4203,110,119,8,inferred_uniform_text_timing,ffmpeg_audio_sample_rate,video_frame_index_and_fps
'-yRb-Jum7EQ_5,'-yRb-Jum7EQ,5,15,3.94,4.2026666666666666,0,1,1,63040,67242,4202,118,127,8,inferred_uniform_text_timing,ffmpeg_audio_sample_rate,video_frame_index_and_fps
'-yRb-Jum7EQ_5,'-yRb-Jum7EQ,5,16,4.2026666666666666,4.465333333333333,1,1,1,67242,71445,4203,126,134,7,inferred_uniform_text_timing,ffmpeg_audio_sample_rate,video_frame_index_and_fps
'-yRb-Jum7EQ_5,'-yRb-Jum7EQ,5,17,4.465333333333333,4.728,0,1,1,71445,75648,4203,133,142,8,inferred_uniform_text_timing,ffmpeg_audio_sample_rate,video_frame_index_and_fps
'-yRb-Jum7EQ_5,'-yRb-Jum7EQ,5,18,4.728,4.990666666666667,1,1,1,75648,79850,4202,141,150,8,inferred_uniform_text_timing,ffmpeg_audio_sample_rate,video_frame_index_and_fps
'-yRb-Jum7EQ_5,'-yRb-Jum7EQ,5,19,4.990666666666667,5.253333333333333,1,1,1,79850,84053,4203,149,158,8,inferred_uniform_text_timing,ffmpeg_audio_sample_rate,video_frame_index_and_fps
'-yRb-Jum7EQ_5,'-yRb-Jum7EQ,5,20,5.253333333333333,5.516,0,1,1,84053,88256,4203,157,166,8,inferred_uniform_text_timing,ffmpeg_audio_sample_rate,video_frame_index_and_fps
'-yRb-Jum7EQ_5,'-yRb-Jum7EQ,5,21,5.516,5.778666666666667,1,1,1,88256,92458,4202,165,174,8,inferred_uniform_text_timing,ffmpeg_audio_sample_rate,video_frame_index_and_fps
'-yRb-Jum7EQ_5,'-yRb-Jum7EQ,5,22,5.778666666666667,6.041333333333333,0,1,1,92458,96661,4203,173,182,8,inferred_uniform_text_timing,ffmpeg_audio_sample_rate,video_frame_index_and_fps
'-yRb-Jum7EQ_5,'-yRb-Jum7EQ,5,23,6.041333333333333,6.303999999999999,1,1,1,96661,100863,4202,181,190,8,inferred_uniform_text_timing,ffmpeg_audio_sample_rate,video_frame_index_and_fps
'-yRb-Jum7EQ_5,'-yRb-Jum7EQ,5,24,6.303999999999999,6.566666666666666,0,1,1,100863,105066,4203,189,197,7,inferred_uniform_text_timing,ffmpeg_audio_sample_rate,video_frame_index_and_fps
'-yRb-Jum7EQ_5,'-yRb-Jum7EQ,5,25,6.566666666666666,6.829333333333333,1,1,1,105066,109269,4203,197,205,8,inferred_uniform_text_timing,ffmpeg_audio_sample_rate,video_frame_index_and_fps
'-yRb-Jum7EQ_5,'-yRb-Jum7EQ,5,26,6.829333333333333,7.092,1,1,1,109269,113472,4203,204,213,8,inferred_uniform_text_timing,ffmpeg_audio_sample_rate,video_frame_index_and_fps
'-yRb-Jum7EQ_5,'-yRb-Jum7EQ,5,27,7.092,7.354666666666667,0,1,1,113472,117674,4202,212,221,8,inferred_uniform_text_timing,ffmpeg_audio_sample_rate,video_frame_index_and_fps
'-yRb-Jum7EQ_5,'-yRb-Jum7EQ,5,28,7.354666666666667,7.617333333333334,1,1,1,117674,121877,4203,220,229,8,inferred_uniform_text_timing,ffmpeg_audio_sample_rate,video_frame_index_and_fps
'-yRb-Jum7EQ_5,'-yRb-Jum7EQ,5,29,7.617333333333334,7.88,0,1,1,121877,126080,4203,228,237,8,inferred_uniform_text_timing,ffmpeg_audio_sample_rate,video_frame_index_and_fps
'-yRb-Jum7EQ_5,'-yRb-Jum7EQ,5,30,7.88,8.142666666666667,1,1,1,126080,130282,4202,236,245,8,inferred_uniform_text_timing,ffmpeg_audio_sample_rate,video_frame_index_and_fps
'-yRb-Jum7EQ_5,'-yRb-Jum7EQ,5,31,8.142666666666667,8.405333333333333,1,1,1,130282,134485,4203,244,253,8,inferred_uniform_text_timing,ffmpeg_audio_sample_rate,video_frame_index_and_fps
'-yRb-Jum7EQ_5,'-yRb-Jum7EQ,5,32,8.405333333333333,8.668,0,1,1,134485,138688,4203,252,261,8,inferred_uniform_text_timing,ffmpeg_audio_sample_rate,video_frame_index_and_fps
'-yRb-Jum7EQ_5,'-yRb-Jum7EQ,5,33,8.668,8.930666666666665,1,1,1,138688,142890,4202,260,268,7,inferred_uniform_text_timing,ffmpeg_audio_sample_rate,video_frame_index_and_fps
'-yRb-Jum7EQ_5,'-yRb-Jum7EQ,5,34,8.930666666666665,9.193333333333333,0,1,1,142890,147093,4203,267,276,8,inferred_uniform_text_timing,ffmpeg_audio_sample_rate,video_frame_index_and_fps
'-yRb-Jum7EQ_5,'-yRb-Jum7EQ,5,35,9.193333333333333,9.456,1,1,1,147093,151296,4203,275,284,8,inferred_uniform_text_timing,ffmpeg_audio_sample_rate,video_frame_index_and_fps
'-yRb-Jum7EQ_5,'-yRb-Jum7EQ,5,36,9.456,9.718666666666667,0,1,1,151296,155498,4202,283,292,8,inferred_uniform_text_timing,ffmpeg_audio_sample_rate,video_frame_index_and_fps
'-yRb-Jum7EQ_5,'-yRb-Jum7EQ,5,37,9.718666666666667,9.981333333333334,1,1,1,155498,159701,4203,291,300,8,inferred_uniform_text_timing,ffmpeg_audio_sample_rate,video_frame_index_and_fps
'-yRb-Jum7EQ_5,'-yRb-Jum7EQ,5,38,9.981333333333334,10.243999999999998,1,1,1,159701,163903,4202,299,308,8,inferred_uniform_text_timing,ffmpeg_audio_sample_rate,video_frame_index_and_fps
'-yRb-Jum7EQ_5,'-yRb-Jum7EQ,5,39,10.243999999999998,10.506666666666666,0,1,1,163903,168106,4203,307,316,8,inferred_uniform_text_timing,ffmpeg_audio_sample_rate,video_frame_index_and_fps
'-yRb-Jum7EQ_5,'-yRb-Jum7EQ,5,40,10.506666666666666,10.769333333333334,1,1,1,168106,172309,4203,315,324,8,inferred_uniform_text_timing,ffmpeg_audio_sample_rate,video_frame_index_and_fps
'-yRb-Jum7EQ_5,'-yRb-Jum7EQ,5,41,10.769333333333334,11.032,0,1,1,172309,176512,4203,323,331,7,inferred_uniform_text_timing,ffmpeg_audio_sample_rate,video_frame_index_and_fps
'-yRb-Jum7EQ_5,'-yRb-Jum7EQ,5,42,11.032,11.294666666666666,1,1,1,176512,180714,4202,330,339,8,inferred_uniform_text_timing,ffmpeg_audio_sample_rate,video_frame_index_and_fps
'-yRb-Jum7EQ_5,'-yRb-Jum7EQ,5,43,11.294666666666666,11.557333333333334,1,1,1,180714,184917,4203,338,347,8,inferred_uniform_text_timing,ffmpeg_audio_sample_rate,video_frame_index_and_fps
'-yRb-Jum7EQ_5,'-yRb-Jum7EQ,5,44,11.557333333333334,11.82,0,1,1,184917,189120,4203,346,355,8,inferred_uniform_text_timing,ffmpeg_audio_sample_rate,video_frame_index_and_fps
'-yRb-Jum7EQ_5,'-yRb-Jum7EQ,5,45,11.82,12.082666666666666,1,1,1,189120,193322,4202,354,363,8,inferred_uniform_text_timing,ffmpeg_audio_sample_rate,video_frame_index_and_fps
'-yRb-Jum7EQ_5,'-yRb-Jum7EQ,5,46,12.082666666666666,12.345333333333333,0,1,1,193322,197525,4203,362,371,8,inferred_uniform_text_timing,ffmpeg_audio_sample_rate,video_frame_index_and_fps
'-yRb-Jum7EQ_5,'-yRb-Jum7EQ,5,47,12.345333333333333,12.607999999999999,1,1,1,197525,201727,4202,370,379,8,inferred_uniform_text_timing,ffmpeg_audio_sample_rate,video_frame_index_and_fps
'-yRb-Jum7EQ_5,'-yRb-Jum7EQ,5,48,12.607999999999999,12.870666666666667,0,1,1,201727,205930,4203,378,387,8,inferred_uniform_text_timing,ffmpeg_audio_sample_rate,video_frame_index_and_fps
'-yRb-Jum7EQ_5,'-yRb-Jum7EQ,5,49,12.870666666666667,13.133333333333333,1,1,1,205930,210133,2783,386,394,7,inferred_uniform_text_timing,ffmpeg_audio_sample_rate,video_frame_index_and_fps
'-yRb-Jum7EQ_6,'-yRb-Jum7EQ,6,0,0.0,0.22399999999999998,0,1,1,0,3583,3583,0,7,7,inferred_uniform_text_timing,ffmpeg_audio_sample_rate,video_frame_index_and_fps
'-yRb-Jum7EQ_6,'-yRb-Jum7EQ,6,1,0.22399999999999998,0.44799999999999995,1,1,1,3583,7167,3584,6,14,7,inferred_uniform_text_timing,ffmpeg_audio_sample_rate,video_frame_index_and_fps
'-yRb-Jum7EQ_6,'-yRb-Jum7EQ,6,2,0.44799999999999995,0.6719999999999999,0,1,1,7167,10751,3584,13,21,7,inferred_uniform_text_timing,ffmpeg_audio_sample_rate,video_frame_index_and_fps
'-yRb-Jum7EQ_6,'-yRb-Jum7EQ,6,3,0.6719999999999999,0.8959999999999999,1,1,1,10751,14335,3584,20,27,6,inferred_uniform_text_timing,ffmpeg_audio_sample_rate,video_frame_index_and_fps
'-yRb-Jum7EQ_6,'-yRb-Jum7EQ,6,4,0.8959999999999999,1.12,0,1,1,14335,17920,3585,26,34,7,inferred_uniform_text_timing,ffmpeg_audio_sample_rate,video_frame_index_and_fps
'-yRb-Jum7EQ_6,'-yRb-Jum7EQ,6,5,1.12,1.3439999999999999,1,1,1,17920,21503,3583,33,41,7,inferred_uniform_text_timing,ffmpeg_audio_sample_rate,video_frame_index_and_fps
'-yRb-Jum7EQ_6,'-yRb-Jum7EQ,6,6,1.3439999999999999,1.5679999999999998,0,1,1,21503,25087,3584,40,48,7,inferred_uniform_text_timing,ffmpeg_audio_sample_rate,video_frame_index_and_fps
'-yRb-Jum7EQ_6,'-yRb-Jum7EQ,6,7,1.5679999999999998,1.7919999999999998,1,1,1,25087,28671,3584,47,54,6,inferred_uniform_text_timing,ffmpeg_audio_sample_rate,video_frame_index_and_fps
'-yRb-Jum7EQ_6,'-yRb-Jum7EQ,6,8,1.7919999999999998,2.016,0,1,1,28671,32256,3585,53,61,7,inferred_uniform_text_timing,ffmpeg_audio_sample_rate,video_frame_index_and_fps
'-yRb-Jum7EQ_6,'-yRb-Jum7EQ,6,9,2.016,2.24,0,1,1,32256,35840,3584,60,68,7,inferred_uniform_text_timing,ffmpeg_audio_sample_rate,video_frame_index_and_fps
'-yRb-Jum7EQ_6,'-yRb-Jum7EQ,6,10,2.24,2.464,1,1,1,35840,39424,3584,67,74,6,inferred_uniform_text_timing,ffmpeg_audio_sample_rate,video_frame_index_and_fps
'-yRb-Jum7EQ_6,'-yRb-Jum7EQ,6,11,2.464,2.6879999999999997,0,1,1,39424,43007,3583,73,81,7,inferred_uniform_text_timing,ffmpeg_audio_sample_rate,video_frame_index_and_fps
'-yRb-Jum7EQ_6,'-yRb-Jum7EQ,6,12,2.6879999999999997,2.912,1,1,1,43007,46592,3585,80,88,7,inferred_uniform_text_timing,ffmpeg_audio_sample_rate,video_frame_index_and_fps
'-yRb-Jum7EQ_6,'-yRb-Jum7EQ,6,13,2.912,3.1359999999999997,0,1,1,46592,50175,3583,87,95,7,inferred_uniform_text_timing,ffmpeg_audio_sample_rate,video_frame_index_and_fps
'-yRb-Jum7EQ_6,'-yRb-Jum7EQ,6,14,3.1359999999999997,3.36,1,1,1,50175,53760,3585,94,101,6,inferred_uniform_text_timing,ffmpeg_audio_sample_rate,video_frame_index_and_fps
'-yRb-Jum7EQ_6,'-yRb-Jum7EQ,6,15,3.36,3.5839999999999996,0,1,1,53760,57343,3583,100,108,7,inferred_uniform_text_timing,ffmpeg_audio_sample_rate,video_frame_index_and_fps
'-yRb-Jum7EQ_6,'-yRb-Jum7EQ,6,16,3.5839999999999996,3.8079999999999994,0,1,1,57343,60927,3584,107,115,7,inferred_uniform_text_timing,ffmpeg_audio_sample_rate,video_frame_index_and_fps
'-yRb-Jum7EQ_6,'-yRb-Jum7EQ,6,17,3.8079999999999994,4.032,1,1,1,60927,64512,3585,114,121,6,inferred_uniform_text_timing,ffmpeg_audio_sample_rate,video_frame_index_and_fps
'-yRb-Jum7EQ_6,'-yRb-Jum7EQ,6,18,4.032,4.255999999999999,0,1,1,64512,68095,3583,120,128,7,inferred_uniform_text_timing,ffmpeg_audio_sample_rate,video_frame_index_and_fps
'-yRb-Jum7EQ_6,'-yRb-Jum7EQ,6,19,4.255999999999999,4.48,1,1,1,68095,71680,3585,127,135,7,inferred_uniform_text_timing,ffmpeg_audio_sample_rate,video_frame_index_and_fps
'-yRb-Jum7EQ_6,'-yRb-Jum7EQ,6,20,4.48,4.704,0,1,1,71680,75264,3584,134,142,7,inferred_uniform_text_timing,ffmpeg_audio_sample_rate,video_frame_index_and_fps
'-yRb-Jum7EQ_6,'-yRb-Jum7EQ,6,21,4.704,4.928,1,1,1,75264,78848,3584,141,148,6,inferred_uniform_text_timing,ffmpeg_audio_sample_rate,video_frame_index_and_fps
'-yRb-Jum7EQ_6,'-yRb-Jum7EQ,6,22,4.928,5.151999999999999,0,1,1,78848,82431,3583,147,155,7,inferred_uniform_text_timing,ffmpeg_audio_sample_rate,video_frame_index_and_fps
'-yRb-Jum7EQ_6,'-yRb-Jum7EQ,6,23,5.151999999999999,5.3759999999999994,1,1,1,82431,86015,3584,154,162,7,inferred_uniform_text_timing,ffmpeg_audio_sample_rate,video_frame_index_and_fps
'-yRb-Jum7EQ_6,'-yRb-Jum7EQ,6,24,5.3759999999999994,5.6,0,1,1,86015,89600,3585,161,168,6,inferred_uniform_text_timing,ffmpeg_audio_sample_rate,video_frame_index_and_fps
'-yRb-Jum7EQ_6,'-yRb-Jum7EQ,6,25,5.6,5.824,0,1,1,89600,93184,3584,168,175,7,inferred_uniform_text_timing,ffmpeg_audio_sample_rate,video_frame_index_and_fps
'-yRb-Jum7EQ_6,'-yRb-Jum7EQ,6,26,5.824,6.047999999999999,1,1,1,93184,96767,3583,174,182,7,inferred_uniform_text_timing,ffmpeg_audio_sample_rate,video_frame_index_and_fps
'-yRb-Jum7EQ_6,'-yRb-Jum7EQ,6,27,6.047999999999999,6.271999999999999,0,1,1,96767,100351,3584,181,189,7,inferred_uniform_text_timing,ffmpeg_audio_sample_rate,video_frame_index_and_fps
'-yRb-Jum7EQ_6,'-yRb-Jum7EQ,6,28,6.271999999999999,6.495999999999999,1,1,1,100351,103935,3584,188,195,6,inferred_uniform_text_timing,ffmpeg_audio_sample_rate,video_frame_index_and_fps
'-yRb-Jum7EQ_6,'-yRb-Jum7EQ,6,29,6.495999999999999,6.72,0,1,1,103935,107520,3585,194,202,7,inferred_uniform_text_timing,ffmpeg_audio_sample_rate,video_frame_index_and_fps
'-yRb-Jum7EQ_6,'-yRb-Jum7EQ,6,30,6.72,6.944,1,1,1,107520,111104,3584,201,209,7,inferred_uniform_text_timing,ffmpeg_audio_sample_rate,video_frame_index_and_fps
'-yRb-Jum7EQ_6,'-yRb-Jum7EQ,6,31,6.944,7.167999999999999,0,1,1,111104,114687,3583,208,216,7,inferred_uniform_text_timing,ffmpeg_audio_sample_rate,video_frame_index_and_fps
'-yRb-Jum7EQ_6,'-yRb-Jum7EQ,6,32,7.167999999999999,7.3919999999999995,1,1,1,114687,118271,3584,215,222,6,inferred_uniform_text_timing,ffmpeg_audio_sample_rate,video_frame_index_and_fps
'-yRb-Jum7EQ_6,'-yRb-Jum7EQ,6,33,7.3919999999999995,7.615999999999999,0,1,1,118271,121855,3584,221,229,7,inferred_uniform_text_timing,ffmpeg_audio_sample_rate,video_frame_index_and_fps
'-yRb-Jum7EQ_6,'-yRb-Jum7EQ,6,34,7.615999999999999,7.84,0,1,1,121855,125440,3585,228,236,7,inferred_uniform_text_timing,ffmpeg_audio_sample_rate,video_frame_index_and_fps
'-yRb-Jum7EQ_6,'-yRb-Jum7EQ,6,35,7.84,8.064,1,1,1,125440,129024,3584,235,242,6,inferred_uniform_text_timing,ffmpeg_audio_sample_rate,video_frame_index_and_fps
'-yRb-Jum7EQ_6,'-yRb-Jum7EQ,6,36,8.064,8.288,0,1,1,129024,132608,3584,241,249,7,inferred_uniform_text_timing,ffmpeg_audio_sample_rate,video_frame_index_and_fps
'-yRb-Jum7EQ_6,'-yRb-Jum7EQ,6,37,8.288,8.511999999999999,1,1,1,132608,136191,3583,248,256,7,inferred_uniform_text_timing,ffmpeg_audio_sample_rate,video_frame_index_and_fps
'-yRb-Jum7EQ_6,'-yRb-Jum7EQ,6,38,8.511999999999999,8.735999999999999,0,1,1,136191,139775,3584,255,263,7,inferred_uniform_text_timing,ffmpeg_audio_sample_rate,video_frame_index_and_fps
'-yRb-Jum7EQ_6,'-yRb-Jum7EQ,6,39,8.735999999999999,8.96,1,1,1,139775,143360,3585,262,269,6,inferred_uniform_text_timing,ffmpeg_audio_sample_rate,video_frame_index_and_fps
'-yRb-Jum7EQ_6,'-yRb-Jum7EQ,6,40,8.96,9.184,0,1,1,143360,146944,3584,268,276,7,inferred_uniform_text_timing,ffmpeg_audio_sample_rate,video_frame_index_and_fps
'-yRb-Jum7EQ_6,'-yRb-Jum7EQ,6,41,9.184,9.408,0,1,1,146944,150528,3584,275,283,7,inferred_uniform_text_timing,ffmpeg_audio_sample_rate,video_frame_index_and_fps
'-yRb-Jum7EQ_6,'-yRb-Jum7EQ,6,42,9.408,9.632,1,1,1,150528,154112,3584,282,289,6,inferred_uniform_text_timing,ffmpeg_audio_sample_rate,video_frame_index_and_fps
'-yRb-Jum7EQ_6,'-yRb-Jum7EQ,6,43,9.632,9.856,0,1,1,154112,157696,3584,288,296,7,inferred_uniform_text_timing,ffmpeg_audio_sample_rate,video_frame_index_and_fps
'-yRb-Jum7EQ_6,'-yRb-Jum7EQ,6,44,9.856,10.079999999999998,1,1,1,157696,161279,3583,295,303,7,inferred_uniform_text_timing,ffmpeg_audio_sample_rate,video_frame_index_and_fps
'-yRb-Jum7EQ_6,'-yRb-Jum7EQ,6,45,10.079999999999998,10.303999999999998,0,1,1,161279,164863,3584,302,310,7,inferred_uniform_text_timing,ffmpeg_audio_sample_rate,video_frame_index_and_fps
'-yRb-Jum7EQ_6,'-yRb-Jum7EQ,6,46,10.303999999999998,10.527999999999999,1,1,1,164863,168447,3584,309,316,6,inferred_uniform_text_timing,ffmpeg_audio_sample_rate,video_frame_index_and_fps
'-yRb-Jum7EQ_6,'-yRb-Jum7EQ,6,47,10.527999999999999,10.751999999999999,0,1,1,168447,172031,3584,315,323,7,inferred_uniform_text_timing,ffmpeg_audio_sample_rate,video_frame_index_and_fps
'-yRb-Jum7EQ_6,'-yRb-Jum7EQ,6,48,10.751999999999999,10.975999999999999,1,1,1,172031,175616,3585,322,330,7,inferred_uniform_text_timing,ffmpeg_audio_sample_rate,video_frame_index_and_fps
'-yRb-Jum7EQ_6,'-yRb-Jum7EQ,6,49,10.975999999999999,11.2,0,1,1,175616,179200,3584,329,336,6,inferred_uniform_text_timing,ffmpeg_audio_sample_rate,video_frame_index_and_fps
